Number and types of transactions for value by all account customers,,,,,
,,,,,
Metrics, ,,,,
Calendar Month,May-20,,,,
Account Customer,FR,DFL,TP,DLG,Total
Total,30,56,2140,23233,25459
MY HOME MOVE LIMITED,3,3,25,721,752
O'NEILL PATIENT,0,4,16,538,558
COUNTRYWIDE PROPERTY LAWYERS,0,0,6,190,196
PROPERTY LEGAL SERVICES (PLS),0,0,48,140,188
BIRCHALL BLACKBURN,0,0,2,177,179
ADVANTAGE PROPERTY LAWYERS,0,0,4,173,177
DC LAW,0,0,11,164,175
J S LAW,0,1,8,152,161
GORVINS,0,0,4,149,153
JMW Solicitors LLP,0,1,13,127,141
MCMILLAN WILLIAMS,0,1,5,125,131
Davisons Solicitors,0,3,35,90,128
SHOOSMITHS,0,0,13,107,120
SETFORDS LAW LTD,0,0,12,105,117
MARTIN TOLHURST PARTNERSHIP LLP,0,0,2,109,111
Howells Solicitors,0,0,5,96,101
CONNECT2LAW LTD,0,0,1,99,100
TAYLOR ROSE LAW,0,1,8,91,100
COOK TAYLOR WOODHOUSE,0,0,5,94,99
TALBOTS LAW LIMITED,1,0,10,83,94
Beaumont Legal,0,0,1,88,89
GATELEY PLC,0,0,6,79,85
ISON HARRISON,0,0,14,67,81
Ramsdens Solicitors LLP,0,0,3,78,81
RUSSELL & RUSSELL,0,0,3,77,80
SIMPLY CONVEYANCING PROPERTY LAWYERS,0,0,3,76,79
CHADWICK LAWRENCE LLP,0,0,0,78,78
FIDLER & PEPPER,0,0,4,73,77
CONVEYANCING DIRECT LTD,0,0,1,75,76
PM LAW LTD,0,1,1,72,74
BOWER & BAILEY,0,0,18,53,71
CONVEY LAW LIMITED,0,1,6,63,70
ENACT,0,0,4,65,69
Taylor & Emmet,0,0,2,67,69
TLT LLP,0,0,2,67,69
GLOVER PRIEST SOLICITORS LIMITED,0,0,7,61,68
THE SPICKETTS BATTRICK LAW PRACTICE,0,0,9,59,68
PIRIE PALMANN LIMITED,0,0,2,64,66
Lambert Pugh,0,0,1,64,65
Blacks Solicitors,0,0,2,62,64
BOYS & MAUGHAN,0,0,5,59,64
SHAKESPEARE MARTINEAU LLP,0,0,13,48,61
SWEENEY MILLER SOLICITORS,0,0,0,60,60
BIRKETTS LLP,0,0,7,52,59
Poole Alcock LLP,0,0,7,50,57
Attwells,0,0,4,50,54
HAYWARD MOON PROPERTY LAWYERS,0,0,2,52,54
Lockings,0,0,0,53,53
BISHOPSGATE LAW LIMITED,0,0,2,50,52
KEY CONVEYANCING,0,0,10,41,51
NAPTHENS LLP,0,0,6,44,50
P C S,0,0,4,45,49
WARNER GOODMAN LLP,0,0,0,48,48
COFFIN MEW LLP,0,0,25,22,47
TBD LEGAL LIMITED,0,0,1,46,47
TILLY BAILEY & IRVINE,0,0,1,46,47
PURE LAW LLP,0,0,0,46,46
WILKINSON WOODWARD NORCLIFFE & CO,0,0,2,44,46
SAS DANIELS,0,0,2,42,44
CAVENDISH LEGAL GROUP,0,2,2,39,43
GOWLING WLG (UK) LLP,0,0,11,32,43
RENIER GILLIES (T/A RG SOLICITORS),0,0,6,37,43
TWM Solicitors LLP,0,0,8,35,43
SILLS AND BETTERIDGE,0,0,0,42,42
WARD GETHIN ARCHER,0,0,5,37,42
WILKIN CHAPMAN LLP,0,0,4,38,42
BRYAN CAVE LEIGHTON PAISNER LLP,0,0,1,40,41
EDWARD HANDS & LEWIS,0,0,7,34,41
FREETHS,0,0,5,36,41
HCB SOLICITORS,0,0,1,40,41
READ ROPER AND READ,0,0,0,41,41
EVERSHEDS SUTHERLAND,0,0,6,34,40
JANE BROOKS LAW,0,0,3,37,40
NEWBOLD & CO,0,0,1,39,40
MORGAN JONES & PETT,0,0,1,38,39
RIGHT CHOICE CONVEYANCING LIMITED,0,0,2,37,39
THE PARTNERSHIP (2009) LIMITED,0,1,1,37,39
ROYDS WITHY KING LLP,0,0,1,37,38
SCJ SOLICITORS,1,0,0,37,38
WILSONS SOLICITORS (LEEDS),0,0,1,37,38
A V RILLO & CO,1,0,0,36,37
NALDERS SOLICITORS,0,0,7,30,37
STAR LEGAL LLP,0,0,2,35,37
STEPHEN RIMMER LLP,0,0,3,34,37
BLAKE MORGAN,0,0,6,30,36
DEE AND GRIFFIN,0,1,2,33,36
ELLIOT MATHER LLP,0,0,6,30,36
G M WILSON,0,0,5,31,36
TAYLOR WALTON,0,0,4,32,36
TEES,0,0,5,31,36
ALEXANDER GRACE LAW LIMITED,0,0,1,34,35
BANNISTER PRESTON,0,0,7,28,35
CAMPIONS SOLICITORS (NOTTINGHAM),0,0,0,35,35
GORDON BROWN LAW FIRM LLP,0,0,4,31,35
JACKSON LEES GROUP LTD,0,0,5,30,35
MASON BAGGOTT & GARTON,0,0,0,35,35
SIMPSON MILLAR LLP,0,0,2,33,35
THE SMITH PARTNERSHIP,0,0,2,33,35
WATSON RAMSBOTTOM,0,0,20,15,35
DAVIES & PARTNERS,0,0,19,15,34
Forster Dean Ltd,0,0,0,34,34
GEPP & SONS SOLICITORS LLP,0,0,1,33,34
NEW HOMES LAW,0,0,23,11,34
NORTON PESKETT (QUALITY SOLICITORS),0,0,3,31,34
SEDDONS,0,0,0,34,34
COOK & TALBOT,0,0,2,31,33
GARNER CANNING & CO SOLICITOR,0,0,2,31,33
HOME PROPERTY LAWYERS LIMITED,0,0,2,31,33
RMNJ Solicitors,0,0,1,32,33
SLEE BLACKWELL,0,0,5,28,33
SWIFT LAWYERS LIMITED,0,0,1,32,33
BHW SOLICITORS,0,0,7,25,32
DIRECTION HOME (LAW) LLP,0,0,7,25,32
KEEBLES LLP,0,0,0,32,32
PREMIER SOLICITORS LLP,0,0,0,32,32
CUNNINGTONS,0,0,3,28,31
DEVONALDS,0,0,1,30,31
KNIGHTS SOLICITORS LLP (NEWCASTLE UNDER LYME),0,0,8,23,31
ROYTHORNES LIMITED,0,0,5,26,31
BUTCHER & BARLOW,0,0,1,29,30
FOOT ANSTEY SOLICITORS,0,0,4,26,30
MARTIN-KAYE,0,1,0,29,30
OSBORNE CLARKE,0,0,4,26,30
COODES,0,0,2,27,29
DAVID EBERT,0,0,1,28,29
HEK JONES SOLICITORS,0,0,0,29,29
LEVI SOLICITORS LLP,0,0,4,25,29
PORTER DODSON LLP,0,0,1,28,29
SPIRE SOLICITORS LLP,1,0,8,20,29
THOMAS & THOMAS SOLICITORS LTD,0,0,1,28,29
Thomas Flavell & Sons,0,0,2,27,29
CLARKE WILLMOTT,0,0,7,21,28
ELLIS FERMOR & NEGUS,0,0,0,28,28
GRINDEYS LLP,0,0,5,23,28
LAWRENCE STEPHENS,0,0,0,28,28
MALCOLM C FOY & CO LIMITED,0,0,8,20,28
MARSDEN RAWSTHORN LLP,0,0,1,27,28
SCHOFIELD SWEENEY LLP,0,0,1,27,28
WOSSKOW BROWN,0,0,2,26,28
CLARKES SOLICITORS,0,0,1,26,27
GRAYSONS SOLICITORS,0,0,0,27,27
HUGH JAMES SOLICITORS,0,0,2,25,27
JUDGE & PRIESTLEY,0,0,1,26,27
PARRY DAVIES CLWYD JONES & LLOYD,0,0,0,27,27
Rowlinsons Solicitors,0,0,1,26,27
WALDRONS,0,0,3,24,27
WBW LLP TRADING AS WBW SOLICITORS,0,1,3,23,27
BARNES & PARTNERS,0,0,4,22,26
BREARLEYS,0,0,1,25,26
BRIDGE MCFARLAND SOLICITORS,0,0,3,23,26
COWLING SWIFT & KITCHIN,0,0,4,22,26
HOWORTH & HOLLINGS,0,0,1,25,26
HSR LAW,0,0,0,26,26
Hutchinson Thomas,0,0,1,25,26
KEW LAW LLP,0,0,4,22,26
MFG Solicitors,0,0,2,24,26
R A W CLARK & CO,0,0,0,26,26
RED KITE LAW,0,0,3,23,26
THE COMPTON GROUP,0,0,7,19,26
ASHFORDS,0,0,3,22,25
BPL Solicitors,0,0,0,25,25
JCP SOLICITORS LIMITED (INC VJG JOHNS & SON),0,0,2,23,25
Mincoffs Solicitors LLP,0,0,3,22,25
MORTONS,0,0,1,24,25
NEWTONS SOLICITORS LTD,0,0,3,22,25
SPRATT ENDICOTT,0,0,2,23,25
STEPHENSONS LLP,0,0,0,25,25
TICKLE HALL CROSS,0,0,2,23,25
Awdry Bailey & Douglas,0,0,3,21,24
BANNER JONES LIMITED,0,0,4,20,24
BEIGHTONS,0,0,2,22,24
BELL LAMB & JOYNSON,0,0,0,24,24
BEVAN BRITTAN,0,0,14,10,24
BINDMAN & CO,0,0,2,22,24
GITTINS MCDONALD,0,0,2,22,24
Hewitts,0,0,10,14,24
IRWIN MITCHELL,0,0,5,19,24
LANGLEY WELLINGTON,0,0,4,20,24
LAW & LAWYERS SOLICITORS,0,0,3,21,24
LIGHTFOOTS,0,0,1,23,24
NORTH AINLEY,0,0,1,23,24
PARKINSON WRIGHT LLP,0,0,1,23,24
BLB,0,0,4,19,23
ERIC ROBINSON SOLICITORS,0,0,6,17,23
Franklins Solicitors LLP,0,0,4,19,23
FRASER BROWN,0,0,4,19,23
OCEAN PROPERTY LAWYERS LTD,0,0,0,23,23
RYAN PROPERTY LAW LLP,0,0,1,22,23
TQ PROPERTY LAWYERS LTD,0,0,0,23,23
WILSON BROWNE,0,0,1,22,23
Woodford Stauffer,0,1,2,20,23
ADDLESHAW GODDARD,0,0,1,21,22
AMPHLETT LISSIMORE,0,0,1,21,22
ANGEL WILKINS LLP,0,0,2,20,22
COLLINGBOURNE HENNAH LIMITED,0,0,1,21,22
EMIN READ SOLICITORS,0,0,0,22,22
ENGLAND STICKLAND & CO,0,0,0,22,22
ESTATES & MANAGEMENT LTD,0,0,4,18,22
FLINT BISHOP SOLICITORS,0,0,0,22,22
FOYS SOLICITORS,0,0,1,21,22
GILBERT STEPHENS SOLICITORS,0,0,1,21,22
GISBY HARRISON,0,0,2,20,22
HIBBERTS LLP,0,0,3,19,22
NYLAND & BEATTIE,0,0,0,22,22
PENNINGTONS MANCHES  COOPER,0,0,4,18,22
ROTHERA SHARP,0,0,3,19,22
Shulmans,0,0,0,22,22
T J LEGAL SERVICES LIMITED,0,1,2,19,22
THOMSON SNELL & PASSMORE,0,0,2,20,22
TOLHURST & FISHER,0,0,2,20,22
TROWERS & HAMLINS,0,0,10,12,22
BARCAN & KIRBY LLP,0,0,0,21,21
BLACKHURST BUDD LIMITED,0,0,0,21,21
COCHRANES LAW FIRM LIMITED,0,0,0,21,21
COLES MILLER SOLICITORS LLP,0,0,2,19,21
Cozens-Hardy LLP,0,0,2,19,21
FISHER JONES GREENWOOD (FJG),0,0,2,19,21
FREERS ASKEW BUNTING SOLS LTD,1,0,3,17,21
GUNNERCOOKE LLP,0,0,2,19,21
Harding Evans LLP,0,0,0,21,21
HILL DICKINSON,0,0,0,21,21
HOLLEY & STEER,0,0,1,20,21
HOWES PERCIVAL,0,0,6,15,21
MAYO WYNNE BAXTER,0,0,2,19,21
OSBORNES,0,0,0,21,21
PINSENT MASONS LLP,0,0,13,8,21
RONALD FLETCHER BAKER LLP,0,1,1,19,21
ROSEWOOD LAW LIMITED,0,0,0,21,21
STEPHENS SCOWN,0,0,4,17,21
Tinsdills Solicitors,0,0,3,18,21
TRETHOWANS,0,0,3,18,21
TUDOR OWEN ROBERTS GLYNNE & CO,0,0,1,20,21
BG SOLICITORS LLP,0,0,4,16,20
CHATTERTONS (INC CHATTERTONS MCKINNELLS),0,0,1,19,20
CURWENS,0,0,1,19,20
DONALD RACE & NEWTON,0,0,0,20,20
FOSTERS,0,0,1,19,20
Gordons LLP,0,0,4,16,20
HETHERTONS LLP,1,0,2,17,20
INSIGHT LAW,0,0,1,19,20
Jaffe Porter Crossick LLP,0,0,1,19,20
JONES & COMPANY,0,0,3,17,20
MARCUS BAUM,0,0,1,19,20
METCALFE COPEMAN & PETTEFAR,0,0,0,20,20
MICHELMORES LLP,0,0,4,16,20
MSB LAW LLP,0,0,5,15,20
ROBERTS SOLICITORS,0,0,0,20,20
STUART & CO,0,1,0,19,20
TALLENTS SOLICITORS,0,0,5,15,20
THURSFIELDS SOLICITORS,1,0,3,16,20
WARDS,0,0,1,19,20
WEST COAST CONVEYANCING,0,0,0,20,20
WHITEHEAD MONCKTON,0,0,3,17,20
WILLIAMS & CO (CLECKHEATON),0,0,0,20,20
WRIGHT HASSALL LLP,0,0,2,18,20
AFG LAW LIMITED,0,0,0,19,19
ANTHONY FOLEY,0,0,0,19,19
BAILEY SMAILES,0,0,0,19,19
BESPOKE LAW SERVICES,0,0,1,18,19
CHAFES HAGUE LAMBERT LLP,0,0,2,17,19
FIELDINGS PORTER,0,0,1,18,19
FORBES SOLICITORS,0,0,4,15,19
FRASER DAWBARNS SOLICITORS,0,0,4,15,19
GREEN WRIGHT CHALTON ANNIS,0,0,0,19,19
HEDLEYS & CO (SUNDERLAND),0,0,4,15,19
JOHN FOWLERS LLP SOLICITORS,0,0,1,18,19
JOHN M LEWIS,0,0,1,18,19
KIDD RAPINET LLP,1,0,0,18,19
McCarthy Bennett Holland,0,0,0,19,19
Nigel Broadhead Mynard,0,0,1,18,19
Paris Smith LLP,0,0,3,16,19
PARKER RHODES HICKMOTTS,0,0,0,19,19
Paul Robinson & Co,0,0,2,17,19
Peter Robinson & Co,0,0,2,17,19
PIGOTTS SOLICITORS,0,0,1,18,19
ROGER JAMES CLEMENTS & PARTNERS,0,0,1,18,19
SIMPSON JONES LLP,0,0,0,19,19
SLATER HEELIS LLP,0,0,0,19,19
SYMES BAINS BROOMER LIMITED,0,0,2,17,19
WALKER FOSTER,1,0,1,17,19
WALKER MORRIS LLP,0,0,2,17,19
Ward Hadaway,0,0,3,16,19
WEIGHTMANS LLP,0,0,1,18,19
YVA SOLICITORS LLP,0,0,0,19,19
BISHOP & SEWELL,0,0,0,18,18
BOYES TURNER,0,0,1,17,18
Browns Solicitors,1,0,2,15,18
CROFTONS SOLICITORS LLP,0,0,5,13,18
DAVID BUNN & CO,0,0,0,18,18
DENTONS UKMEA LLP,0,0,1,17,18
DICKINSON WOOD,0,0,0,18,18
DOUGLAS-JONES & MERCER (DJM),1,0,0,17,18
DUTTON GREGORY,0,0,2,16,18
ELMHIRST PARKER LLP,0,0,2,16,18
GABY HARDWICKE,0,0,1,17,18
GLANVILLES LLP,0,1,0,17,18
HAMERS SOLICITORS LLP,0,0,1,17,18
HAYES & STORR,0,0,0,18,18
KINGSFORDS,0,0,0,18,18
MASSERS SOLICITORS,0,0,1,17,18
MCKENZIE BELL,0,0,0,18,18
NEWMANOR LAW LIMITED,0,0,0,18,18
Nockolds,0,1,2,15,18
OSLER DONEGAN TAYLOR,0,0,0,18,18
STIRLING ACKROYD LEGAL,0,0,1,17,18
VINCENTS SOLICITORS,0,0,0,18,18
W S STRATEGIC LIMITED,0,0,0,18,18
Williamsons Solicitors Limited,0,0,0,18,18
WOLFERSTANS,0,0,5,13,18
WOLLEN MICHELMORE,0,0,2,16,18
WOODFINES SOLICITORS,0,0,1,17,18
ASHTONS LEGAL,0,0,4,13,17
AXIOM STONE LONDON LTD,0,0,0,17,17
BATTRICK CLARK,0,0,2,15,17
BBH LEGAL SERVICES LIMITED,0,0,1,16,17
BREESE-GWYNDAF,0,0,0,17,17
Cartmell Shepherd,1,0,2,14,17
CURTIS LAW LLP INC CURTIS WHITEFORD CROCKER,0,0,0,17,17
DEVONSHIRES,0,0,10,7,17
DEZREZLEGAL LIMITED,0,0,0,17,17
DWYERS SOLICITORS,0,0,0,17,17
FBC Manby Bowdler LLP,0,0,2,15,17
GARRATTS SOLICITORS,0,0,1,16,17
GUTHRIE JONES & JONES,0,0,1,16,17
HARRISON'S SOLICITORS (READING),0,0,1,16,17
HEWITSONS,0,0,1,16,17
JOHN W DAVIES & CO,0,0,1,16,17
NAIRNSEY FISHER & LEWIS,1,0,5,11,17
ROBERTSONS,1,0,1,15,17
TAYLOR BRACEWELL,0,0,0,17,17
TOZERS LLP,0,0,2,15,17
TRENT LAW LTD,0,0,2,15,17
WATSON WOODHOUSE,0,0,1,16,17
ABENSONS & CO,0,0,0,16,16
ABERAVON LAWYERS LIMITED TRADING AS KEVIN LANE,0,0,1,15,16
ALDERSON LAW LLP,0,0,1,15,16
ANDREW LEE & CO,0,2,0,14,16
ANSONS,0,0,2,14,16
BENNETTS SOLICITORS (MACCLESFIELD),0,0,2,14,16
BIRD & CO,0,0,0,16,16
BOWSER OLLARD & BENTLEY LIMITED T/A BOWSERS,0,0,0,16,16
BRABNERS LLP,0,0,12,4,16
Charles French & Co,0,0,1,15,16
DEBENHAMS OTTAWAY,0,0,0,16,16
EHL CONVEYANCING LIMITED,0,0,0,16,16
FARNFIELDS,0,0,0,16,16
FLETCHER LONGSTAFF LIMITED,0,0,1,15,16
HALL SMITH WHITTINGHAM,0,0,0,16,16
HARRISON CLARK RICKERBYS,0,0,1,15,16
HARRISON DRURY,0,0,0,16,16
HEALYS LLP,0,0,0,16,16
HUGHES PADDISON,0,0,3,13,16
LANYON BOWDLER,0,0,1,15,16
LARCOMES,0,0,0,16,16
MACKS,0,0,2,14,16
MULLIS & PEAKE,0,0,0,16,16
NELSONS SOLICITORS LLP,0,0,1,15,16
Oliver & Co Solicitors Limited,0,0,2,14,16
PENMANS SOLICITORS,0,0,2,14,16
Phillips,0,0,2,14,16
SALEHS LLP,0,0,0,16,16
SORT LEGAL LIMITED,0,0,0,16,16
WINDER TAYLOR SMITH,0,0,2,14,16
ACORN SOLICITORS,0,0,1,14,15
ASKEWS LEGAL LLP,0,0,1,14,15
AWB CHARLESWORTH,1,0,0,14,15
BAND HATTON BUTTON LLP,0,0,0,15,15
Batchelor Sharp,0,0,1,14,15
BBMW LTD,0,1,0,14,15
BURNETTS,0,0,1,14,15
CONNELLEY & COMPANY,0,0,1,14,15
DAVID & SNAPE,0,0,0,15,15
DORLING COTTRELL LTD T/A D C LAW,0,0,0,15,15
DOUGLAS WEMYSS LLP,0,0,2,13,15
E D C LORD & CO,0,0,0,15,15
E J WINTER & SON,0,0,1,14,15
ELLISON & THOMAS,0,0,1,14,15
FARLEYS,0,0,1,14,15
FRETTENS SOLICITORS,0,0,1,14,15
GHP LEGAL,0,0,1,14,15
HALLETT & CO,0,0,1,14,15
HILLYER MCKEOWN,0,0,0,15,15
HOWARD KENNEDY FSI,0,0,2,13,15
J P GOLDMAN LIMITED,0,0,0,15,15
KITSONS LLP,0,0,2,13,15
LDJ SOLICITORS,0,0,0,15,15
MARK SWATTS MORSE LLP,0,0,0,15,15
MOOREBLATCH,0,1,5,9,15
NICHOLLS BRIMBLE BHOL,0,0,0,15,15
PA Todd & Company,0,0,0,15,15
Parrott & Coales,0,0,0,15,15
PCS,0,0,1,14,15
Peter Lynn & Partners,0,0,1,14,15
RANSON HOUGHTON,0,0,1,14,15
ROSS COATES (T/A HARMONY LAW AND UNITE SOLICITORS),0,0,0,15,15
RUSSELL-COOKE LLP,0,0,0,15,15
SELL UK PROPERTY LTD,0,0,0,15,15
SMART LEGAL,0,0,0,15,15
Thackray Williams,0,0,1,14,15
THE RINGROSE LAW GROUP,0,0,1,14,15
THOMAS HORTON LLP,0,0,0,15,15
THRINGS LLP,0,0,1,14,15
WANNOP FOX STAFFURTH & BRAY,0,0,0,15,15
WESSEX CONVEYANCING SERVICES,0,0,1,14,15
WHISKERS,0,0,1,14,15
WHN SOLICITORS LIMITED,0,0,0,15,15
ALLINGTON HUGHES,0,0,1,13,14
AST HAMPSONS,0,0,1,13,14
ATTWATERS JAMESON HILL SOLICITORS,0,0,4,10,14
AVANT HOMES LIMITED,0,0,0,14,14
BEVERLEY MORRIS & CO,0,0,0,14,14
BRIGHT (SOUTH WEST) LLP,1,0,2,11,14
CHARTAHOUSE CONVEYANCING SERVICES,0,0,1,13,14
CHILD AND CHILD LIMITED,0,0,0,14,14
Chubb Bulleid,0,0,4,10,14
COMPLETE CONVEY LIMITED,0,0,0,14,14
CONVEYANCING EXPERT LIMITED,0,0,0,14,14
CORE LEGAL LIMITED,0,0,2,12,14
CRANE & WALTON SOLICITORS,0,0,0,14,14
CROMBIE WILKINSON SOLICITORS,0,0,2,12,14
DEBORAH J HOBAN,0,0,0,14,14
DLA PIPER UK LLP,0,0,0,14,14
DMA LAW,0,0,0,14,14
DOBBS & DREW PROPERTY LAWYERS LIMITED,0,0,3,11,14
DYER & CROWE,0,0,1,13,14
Everys,0,0,2,12,14
FINN GLEDHILL & CO,0,0,2,12,14
GLANVILLES DAMANT LTD,0,0,0,14,14
GORDONS PROPERTY LAWYERS,0,0,1,13,14
HOBSON & LATHAM,0,0,0,14,14
HOWELLS LLP,0,0,1,13,14
Jefferies Essex LLP,0,0,2,12,14
KINGSWELL WATTS,0,0,0,14,14
LATIMER LEE,0,0,1,13,14
LAWYERS INCORPORATED LIMITED,0,0,0,14,14
LCF RESIDENTIAL LTD,0,0,0,14,14
LEWIS NEDAS,0,1,0,13,14
LYONS BOWE SOLICITORS,0,0,1,13,14
M C HULLAH LICENSED CONVEYANCER,0,0,0,14,14
MIDDLETON & UPSALL LLP,0,0,0,14,14
MKB SOLICITORS LLP (AKA MILLS KEMP AND BROWN),0,0,0,14,14
PAUL RUDD,0,0,0,14,14
PELLYS SOLICITORS LIMITED,0,0,2,12,14
PHILIP ROSS & CO,0,0,1,13,14
ROGERS & NORTON LIMITED,0,0,0,14,14
RUBIN LEWIS O'BRIEN,0,0,1,13,14
SEATONS,0,0,1,13,14
SLEIGH SON & BOOTH,0,0,0,14,14
Suremove Property Lawyers,0,0,1,13,14
SWITALSKIS LIMITED,0,0,1,13,14
THE WILKES PARTNERSHIP,0,0,1,13,14
TINKLIN SPRINGALL,0,0,0,14,14
AH BROOKS & CO,0,0,3,10,13
ANDREW & ANDREW,0,0,1,12,13
Anthony Collins,0,0,10,3,13
AUSTIN RAY,0,0,0,13,13
BARKER BOOTH & EASTWOOD,0,0,1,12,13
BERENSENS LLP,0,0,1,12,13
BERRY & BERRY LLP,0,0,2,11,13
BPE SOLICITORS LLP,0,0,1,12,13
BRADDON AND SNOW LIMITED,0,0,1,12,13
BRETHERTONS LLP,0,0,3,10,13
CHARLTONS SOLICITORS,0,0,2,11,13
CLAPHAM & COLLINGE,0,0,3,10,13
CLIFFORD CHANCE LLP,0,0,0,13,13
COATES SOLICITORS,1,0,1,11,13
COMPTONS,0,0,1,12,13
CURTIS LAW SOLICITORS LLP (BLACKBURN),0,0,0,13,13
CYGNET FAMILY LAW,0,0,0,13,13
Davitt Jones & Bould Limited,0,0,3,10,13
DONN & CO (SHROPSHIRE) LIMITED,0,0,0,13,13
ELLISONS,0,0,2,11,13
FAIRSTEP SOLICITORS,0,0,2,11,13
FIONA BRUCE & CO LLP,0,0,0,13,13
FORRESTER SYLVESTER  MACKETT,0,0,0,13,13
FORSHAWS LLP NOW FORSHAWS DAVIES RIDGWAY LLP,0,0,0,13,13
GEORGE IDE SOLICITORS,0,0,3,10,13
Goldsmith Williams,0,0,1,12,13
HART BROWN,0,1,1,11,13
HART FORD SOLICITORS LIMITED,0,0,0,13,13
INGHAMS,0,0,0,13,13
KUIT STEINART LEVY,0,0,3,10,13
LANGLEYS,0,0,1,12,13
LEATHES PRIOR,0,0,2,11,13
MANDER CRUICKSHANK,0,0,2,11,13
MARTIN SHEPHERD SOLICITORS LLP,0,0,0,13,13
Matthew & Matthew,0,0,1,12,13
MURRAY HILLS,0,0,1,12,13
Nantes,0,0,1,12,13
PCB SOLICITORS,0,0,2,11,13
PERCY HUGHES & ROBERTS,0,0,0,13,13
PINKNEY GRUNWELLS,0,0,2,11,13
RIDLEY & HALL LLP,0,0,1,12,13
SANDERSONS SOLICITORS,0,0,5,8,13
SINTONS LLP,0,0,2,11,13
TITLE TRANSFER PROPERTY LAWYERS,0,0,2,11,13
WATSONS SOLICITORS,0,0,0,13,13
WHITEHEADS (NEWCASTLE-UNDER-LYME),0,0,9,4,13
WILLANS LLP,0,0,2,11,13
YATES & CO,0,0,2,11,13
ADK LAW LIMITED,0,0,1,11,12
ALLSOP DURN,0,0,0,12,12
BARRETT & NELLIGAN,0,0,1,11,12
Battens Solicitors Limited,1,0,0,11,12
BEVISS & BECKINGSALE,0,0,0,12,12
BLACK NORMAN,0,0,1,11,12
Browne Jacobson LLP,0,0,4,8,12
BUTTERWORTHS,0,0,1,11,12
CLARK BROOKES TURNER CARY LIMITED,0,0,0,12,12
DKLM,0,0,1,11,12
GADDES NOBLE LIMITED,0,0,0,12,12
GIRLINGS,0,0,1,11,12
Hartley & Worstenholme,0,0,2,10,12
HOLBROOK & CO,0,0,1,11,12
HOLMES & HILLS,0,0,5,7,12
JC LAWYERS LIMITED,0,0,0,12,12
JUNO PROPERTY LAWYERS LIMITED,0,0,0,12,12
KIRKLANDS,0,0,0,12,12
LANCASHIRE LAW LIMITED,0,0,1,11,12
LEWIS & DICK,0,0,0,12,12
MARSDENS SOLICITORS,0,0,0,12,12
MCQUADES RESIDENTIAL CONVEYANCING,0,0,0,12,12
METCALFE DAVID EYRES,0,0,1,11,12
NORRIE WAITE & SLATER,0,0,0,12,12
NOW LEGAL LLP SOLICITORS,0,0,0,12,12
RICH & CARR LIMITED,0,0,1,11,12
ROTHWELL & EVANS,0,0,1,11,12
ROWLAND TILDESLEY & HARRIS,0,0,1,11,12
SCOTT RICHARDS & CO,0,0,0,12,12
SIAN THOMAS & DAUGHTER,0,0,1,11,12
SLATER & GORDON (UK) LLP,0,0,0,12,12
SMITH RODDAM,0,0,0,12,12
STERNBERG REED,0,0,0,12,12
STONE MILWARD RAPERS (SMR SOLICITORS),0,0,0,12,12
STREATHERS SOLICITORS LLP,0,0,0,12,12
Sydney Mitchell LLP,0,0,2,10,12
THE SETHI PARTNERSHIP,0,0,1,11,12
THOMSON & BANCKS LLP,0,0,2,10,12
THOMSON WEBB & CORFIELD,0,0,0,12,12
VEALE WASBROUGH VIZARDS,0,0,1,11,12
VICTORIA KENNY TRADING AS KENNY SO,0,1,1,10,12
WINCKWORTH SHERWOOD,0,0,4,8,12
WOODWARDS (PERSONAL INJURY) LTD,0,0,0,12,12
ACS SOLICITORS,0,0,0,11,11
AMICUS SOLICITORS,0,0,0,11,11
ANDREW JACOBS CONVEYANCING,0,0,0,11,11
ARNOLD DAVIES VINCENT EVANS,0,0,0,11,11
Barr Ellison,0,0,0,11,11
BEESTON SHENTON SOLICITORS LTD,0,0,1,10,11
BERLAD GRAHAM LLP,0,0,0,11,11
BERRY REDMOND GORDON & PENNEY LLP (BRGP),0,0,0,11,11
BES LEGAL LIMITED,0,0,2,9,11
BEST SOLICITORS,0,0,1,10,11
Brewer Harding & Rowe,0,0,0,11,11
BROGAN PROPERTY LAWYERS,0,0,0,11,11
BRYAN & MERCER,0,0,1,10,11
BURY & WALKERS LLP,0,0,1,10,11
BUTTERS DAVID GREY & CO,0,0,1,10,11
CHURCHERS  SOLICITORS,0,0,1,10,11
CLEGGS,0,0,3,8,11
COOKE PAINTER LIMITED,0,0,0,11,11
DIXON STEWART,0,0,1,10,11
ELVIN & CO,0,0,2,9,11
ENGLAND & CO,0,0,1,10,11
EVERETT TOMLIN LLOYD & PRATT,0,0,0,11,11
EXCELLO LAW LIMITED,0,0,1,10,11
FORMBY LAW LIMITED,0,0,5,6,11
Francis & Buck Solicitors,0,0,0,11,11
GELDARDS LLP,0,0,7,4,11
GLAISYERS SOLICITORS LLP,0,0,1,10,11
GOODLAW SOLICITORS,0,0,0,11,11
GORMAN HAMILTON (ALSO T/A TRUE SOLICITORS),0,0,1,10,11
GRAHAM SMITH PROPERTY LAWYERS,0,0,0,11,11
HALSALLS,0,0,1,10,11
HENRIQUES GRIFFITHS & CO,0,0,0,11,11
HEYMAN & CO,0,0,1,10,11
HODGE HALSALL LLP,0,0,0,11,11
HOOK & PARTNERS,0,0,0,11,11
HOULDSWORTHS,0,0,1,10,11
IVES & CO,0,0,0,11,11
JUST HOUSES LIMITED,0,0,1,10,11
KENNETH M BARROW AND CO,0,0,1,10,11
KERSEYS,0,0,1,10,11
KITE GRIFFIN,0,0,1,10,11
LESTER ALDRIDGE LLP,0,0,2,9,11
LODDERS LLP,0,0,4,7,11
MACKENZIE JONES SOLICITORS LTD,0,0,0,11,11
MACLAREN WARNER,0,0,0,11,11
MAGDALENE HAYWOOD T/A KEYSTONE LAW,0,0,0,11,11
Mander Hadley & Co,0,0,1,10,11
MARK REDLER SOLICITORS LTD,0,0,0,11,11
MILLS & BANN,0,0,0,11,11
Nash & Co Solicitors LLP,0,0,1,10,11
PARK WOODFINE,1,0,8,2,11
PEPPERELLS SOLICITORS,0,0,0,11,11
SAVAGE SILK LIMITED,0,0,0,11,11
STREETER MARSHALL,0,0,0,11,11
THE HEAD PARTNERSHIP SOLICITORS LL,0,0,1,10,11
TMJ LEGAL SERVICES LLP,0,0,0,11,11
TOLLERS LLP,0,0,1,10,11
UNDERWOOD VINECOMBE LLP,0,1,2,8,11
WINTERBOTHAM SMITH PENLEY (WSP),0,0,0,11,11
WOMBLE BOND DICKINSON,0,0,1,10,11
ADAMS KAYE LTD,0,0,0,10,10
ALMY & THOMAS,0,0,0,10,10
ANDREW JACKSON,0,0,1,9,10
ATKINS THOMSON LIMITED,0,0,0,10,10
BARWELLS,0,0,1,9,10
BATES WELLS & BRAITHWAITE (SUFFOLK),0,0,1,9,10
BERMANS LLP,0,0,0,10,10
Biscoes,0,0,1,9,10
BOULTER & COMPANY,0,0,0,10,10
BRM SOLICITORS,0,0,0,10,10
BROCKBANK CURWEN CAIN & HALL,1,0,0,9,10
CHARLES RUSSELL SPEECHLYS LLP,0,1,1,8,10
CLYDE & CO LLP,0,0,0,10,10
CMS CAMERON MCKENNA LLP,0,0,1,9,10
COPLEYS,0,0,1,9,10
CRANES SOLICITORS,0,0,0,10,10
DEO VOLENTE LEGAL LLP,0,0,0,10,10
DICKINS HOPGOOD CHIDLEY LLP,0,0,1,9,10
DOOTSONS LLP,0,0,0,10,10
DOUBLE & MEGSON,0,0,0,10,10
ENDWOOD LIMITED,0,0,4,6,10
FIELDFISHER LLP,0,0,1,9,10
FISHERS DEWES SOLICITORS,0,0,1,9,10
FLETCHER & CO,0,0,1,9,10
GAMLINS SOLICITORS LLP,0,0,2,8,10
GLOBAL LEGAL SOLUTIONS LTD,0,0,0,10,10
GOTELEE SOLICITORS,0,0,2,8,10
GUY WILLIAMS LAYTON,0,0,2,8,10
HANNAYS SOLICITORS & ADVOCATES,0,0,0,10,10
HARROWELLS (INC POWELL & YOUNG),0,0,2,8,10
HEGARTY LLP,0,0,2,8,10
HETTS,0,0,1,9,10
HKB WILTSHIRES,0,0,2,8,10
HOLDEN SMITH LAW LIMITED,0,0,3,7,10
HOPKINS SOLICITORS,0,0,1,9,10
HUGGINS LEWIS FOSKETT,0,0,3,7,10
JOHN BARKERS,0,0,2,8,10
KENNAN DOYLE SOLICITORS LIMITED,0,0,0,10,10
Martin Elliott,0,0,2,8,10
MATTHEW MONTGOMERY & CO,0,0,3,7,10
MEWIES SOLICITORS,0,0,0,10,10
MICHAEL HILL PARTNERSHIP,0,0,9,1,10
MICHAEL KELLY & CO,0,0,1,9,10
MILNERS SOLICITORS,0,0,2,8,10
MISHCON DE REYA,0,0,0,10,10
Morgan Laroche,0,0,0,10,10
MYERS SOLICITORS LIMITED,0,0,1,9,10
NOTARY EXPRESS LIMITED,0,0,1,9,10
OXLEY & COWARD,0,0,0,10,10
PETER AC SLOAN,0,0,2,8,10
PLATT & FISHWICK,0,0,1,9,10
PUNCH ROBSON,0,0,0,10,10
RJM SOLICITORS,0,0,0,10,10
ROWBERRY MORRIS,0,0,0,10,10
RUSSELL & CO (MALVERN),0,0,1,9,10
SARGINSONS LAW LLP,0,0,0,10,10
SPENCER SKUSE & POTTER,0,0,0,10,10
T G Baynes & Co,0,0,0,10,10
T M FORTIS SOLICITORS,0,0,0,10,10
TANNERS SOLICITORS LLP,0,0,2,8,10
TAYLORS LEGAL,0,0,1,9,10
THOMPSON & JACKSON,0,0,1,9,10
A S K LEGAL,0,0,0,9,9
ADAM DOUGLAS & SON,0,0,1,8,9
ADIE PEPPERDINE LLP,0,0,1,8,9
ALEN-BUCKLEY & CO,0,0,0,9,9
ALKER BALL HEALDS,0,0,0,9,9
APEX ABS LIMITED,0,0,0,9,9
BARTONS,0,0,0,9,9
BDB PITMANS,0,0,0,9,9
BENDLES,0,0,0,9,9
BETESH MIDDLETON LAW LTD,0,0,0,9,9
BEVIRS,0,0,0,9,9
BLACKETT HART & PRATT,0,0,2,7,9
BLANDY & BLANDY LLP,0,0,0,9,9
BOND ADAMS LLP,0,0,0,9,9
Bradbury Roberts & Raby,0,0,0,9,9
BREWER WALLACE LTD,0,0,0,9,9
CADMANS (INC CLOUGH SON & MORTON),0,0,1,8,9
CAMERON JONES HUSSELL & HOWE,0,0,0,9,9
CHAMBERS FLETCHER LLP,0,0,2,7,9
CLARKE MAIRS LLP,0,0,1,8,9
COX & HODGETTS,0,0,2,7,9
CRIPPS,0,0,2,7,9
CROSS SOLICITORS,0,0,0,9,9
DAVID W HARRIS & CO,0,0,0,9,9
DICKINSON PARKER HILL & SON,0,0,0,9,9
DIXON RIGBY KEOGH,0,0,1,8,9
DMH STALLARD,0,0,1,8,9
DUFFIELD HARRISON LLP,0,0,0,9,9
EATON & CO,0,0,1,8,9
ELLIS JONES,0,0,1,8,9
EMMERSONS SOLICITORS,0,0,0,9,9
EMSLEYS,0,0,3,6,9
EMW LAW LLP,0,0,0,9,9
F BARNES & SON,0,0,0,9,9
FOOTNER & EWING,0,0,1,8,9
FREDERIC HALL & CO,0,0,0,9,9
FUNNELL & PERRING,0,0,1,8,9
Gard & Co,0,0,0,9,9
Gill Akaster,0,0,0,9,9
GILL TURNER TUCKER,0,0,0,9,9
GOMER WILLIAMS & CO LTD,0,0,1,8,9
GOWLINGS SOLICITORS,0,0,1,8,9
HAMLINS LLP,0,0,0,9,9
HARRIS & HARRIS LEGAL SERVICES LLP,0,0,0,9,9
HEPTONSTALLS,0,0,0,9,9
HESELTINE BRAY & WELSH,0,0,1,8,9
HORWOOD & JAMES,0,0,0,9,9
HOWARD & OVER,0,0,1,8,9
ILIFFES BOOTH BENNETT (IBB),0,0,0,9,9
IY (LEICESTER) LIMTED,0,0,0,9,9
JACKSONS LAW FIRM,0,0,5,4,9
JORDANS (DEWSBURY),0,0,0,9,9
JOSIAH HINCKS,0,0,0,9,9
KENNETH CURTIS & CO,0,0,2,7,9
Kenneth Elliott & Rowe,0,0,0,9,9
KIRKHAM CONVEYANCING,0,0,0,9,9
KITSON & TROTMAN LLP,0,0,0,9,9
KNOWLES BENNING,0,0,0,9,9
LARGE & GIBSON,0,0,0,9,9
LAYTONS SOLICITORS LLP,0,0,1,8,9
MANCINI LEGAL,0,0,3,6,9
MILLS CHODY,0,0,0,9,9
NB LAW,0,0,3,6,9
O'HARAS SOLICITORS,0,0,0,9,9
Page Nelson,0,0,2,7,9
Patterson Glenton & Stracey,0,0,0,9,9
PAUL CROWLEY & CO,0,0,0,9,9
PEACOCK & CO,0,0,0,9,9
PETER DUNN & CO,0,0,1,8,9
PETER ROSS TA PETER ROSS & CO,0,0,0,9,9
PITMAN BLACKSTOCK WHITE,0,0,1,8,9
RAYMOND BEER & CO,0,0,0,9,9
ROBERTS & SMITH,0,0,0,9,9
RUPERT WOOD & SON,0,0,0,9,9
SA LAW INCORPORATING PICKWORTHS,0,0,0,9,9
SALUSBURYS HARDING & BARLOW,0,0,0,9,9
STEVE DAVIES SOLICITORS,0,0,0,9,9
TAYLOR HALDANE BARLEX LLP,0,0,0,9,9
TAYNTONS (LS) LIMITED,0,0,0,9,9
THE WARING PARTNERSHIP LLP,0,0,0,9,9
UNDERHILL LANGLEY & WRIGHT,0,0,1,8,9
WALKER AND CO,0,0,1,8,9
WARDS,0,0,8,1,9
WARNERS,0,0,1,8,9
WHEN YOU MOVE LIMITED,0,0,0,9,9
WHITING & MASON,0,0,0,9,9
WIDDOWS MASON,0,0,3,6,9
WRAGG MARK-BELL SOLICITORS LTD,0,0,0,9,9
A2 SOLICITORS LLP,0,0,0,8,8
ALDRIDGE BROWNLEE,0,0,1,7,8
AMANDA SHAW SOLICITORS,1,0,1,6,8
AMITY LAW,0,0,0,8,8
ANGELA VINEY CONVEYANCING SERVICES,0,0,0,8,8
APEX LAW LLP,0,0,0,8,8
ASTLE PATERSON LTD,0,0,0,8,8
ATHERTON GODFREY SOLICITORS,0,0,0,8,8
AUBREY ISAACSON & CO,0,0,0,8,8
BEETON EDWARDS LLP,0,0,1,7,8
BENNETT & CO (LIVERPOOL),0,0,0,8,8
Blanchards Bailey LLP,0,0,2,6,8
BLASER MILLS INCORPORATING NORRIS BAZZARD,0,0,0,8,8
BLYTHE LIGGINS,0,0,0,8,8
Bone & Payne Ltd,0,0,0,8,8
BORSDANE PROPERTIES LTD,0,0,5,3,8
Bray & Bray,0,0,1,7,8
BREENS,0,0,0,8,8
BRIGHTSTONE LAW LLP,0,0,0,8,8
BROWN & CO (ESSEX),0,0,0,8,8
Buckles Solicitors LLP,0,0,1,7,8
BURGES SALMON LLP,0,0,2,6,8
CHARLES COLEMAN LLP (WINDSOR),0,0,0,8,8
CLIFFORD JOHNSTON & CO,0,0,0,8,8
CORNISH VENNING CHELLEWS SOLICITORS,0,0,2,6,8
CUFF-GOUGH,0,0,0,8,8
DARLINGTONS,0,0,2,6,8
David Barney & Co,0,0,1,7,8
DAWSON HART & CO,0,0,0,8,8
DECIMUS FEARON SOLICITORS,0,0,0,8,8
DF LEGAL LLP,0,0,0,8,8
DODD AND VAUGHTON,0,0,0,8,8
DOWNS SOLICITORS LLP,0,0,0,8,8
DTM LEGAL LLP,0,0,1,7,8
DUNN & BAKER,0,0,1,7,8
DWF LLP,0,0,1,7,8
ELDRIDGES,0,0,1,7,8
EWART PRICE,0,0,0,8,8
FOORT TAYLER,0,0,0,8,8
Foskett Marr Gadsby & Head,0,0,0,8,8
FRISBY & SMALL LLP,0,0,0,8,8
FURLEY PAGE LLP,0,0,2,6,8
GABBS SOLICITORS,0,0,3,5,8
GAMLINS LAW,0,0,1,7,8
GODDARD DUNBAR ASSOCIATES,0,0,1,7,8
GRAHAM WITHERS & CO,0,0,0,8,8
GRIFFITH SMITH FARRINGTON,0,0,1,7,8
Hallmarkhulme Solicitors,0,0,0,8,8
HANSELLS SOLICITORS,0,0,0,8,8
HAWORTH & GALLAGHER,0,0,0,8,8
HERRINGTON & CARMICHAEL LLP,0,0,4,4,8
HODSON PARSONS JAMES & VAUX,0,0,0,8,8
HUMPHRIES KIRK LLP,0,0,1,7,8
ISHERWOOD & HOSE,0,0,0,8,8
JW & AE HATTERSLEY (HATTERSLEYS),0,0,0,8,8
KEOGHS LLP,0,0,0,8,8
KEY LEGAL (NORTH EAST) LIMITED,0,0,0,8,8
KIRK & PARTNERS,0,0,0,8,8
KP SOLICITORS,0,0,0,8,8
KUNDERT SOLICITORS LLP,0,0,2,6,8
LAMB & HOLMES SOLICITORS,0,1,0,7,8
LB OF BRENT,0,0,0,8,8
LEE BOLTON MONIER-WILLIAMS,0,0,0,8,8
LIDDY'S SOLICITORS,0,0,0,8,8
LYONS & COMPANY,0,0,0,8,8
MANN & CO SOLICITORS,0,0,0,8,8
MAPLESTONES,0,0,0,8,8
MARKETING & BUSINESS CONSULTANTS,0,0,8,0,8
MEABY & CO,0,0,1,7,8
MEARS HOBBS & DURRANT,0,0,0,8,8
MEIKLES SOLICITORS,0,0,0,8,8
MOGERS DREWETT LLP,0,0,0,8,8
NEVES SOLICITORS,0,0,0,8,8
Pengillys,0,0,1,7,8
PERSIMMON (MIDLANDS REGION - NORTHAMPTON OFFICE),0,0,0,8,8
PHILIP J HAMMOND,0,0,1,7,8
PICKERING & BUTTERS LLP,0,0,3,5,8
POOLE TOWNSEND ESTATES LTD,0,0,0,8,8
RICHARDSONS PROPERTY LAWYERS,0,0,1,7,8
ROTHERHAM & CO,0,0,0,8,8
SAM HAWKING & CO,0,0,0,8,8
SHERRARDS,0,0,1,7,8
SILVERDALE SOLICITORS,0,0,0,8,8
SMALLEYS SOLCITORS LTD,0,0,0,8,8
STILWELL & SINGLETON,0,0,1,7,8
STREATHERS HIGHGATE LLP,0,0,0,8,8
T A MATTHEWS,0,0,1,7,8
THATCHER & HALLAM,0,0,0,8,8
THE LAW PARTNERSHIP SOLICITORS,0,0,0,8,8
THE WREKIN HOUSING GROUP LIMITED,0,0,8,0,8
THIRSK WINTON LLP,0,0,1,7,8
THOMSON HAYTON WINKLEY,0,0,3,5,8
THORNTON SOLICITORS,0,0,2,6,8
TONNER JOHNS RATTI LIMITED,0,0,0,8,8
VALENTINE DUGGINS SOLICITORS,0,0,0,8,8
WALL JAMES CHAPPELL,0,0,2,6,8
WANSBROUGHS,0,0,2,6,8
WILLIAM STURGES & CO,0,0,1,7,8
WOODHOUSE & COMPANY,0,0,0,8,8
WPF GLASNER GERBER SHAPIRO,0,0,0,8,8
WYKEHAM & CO,0,0,1,7,8
ABACUS SOLICITORS,0,0,0,7,7
ADAM LEDGER PROPERTY LAWYERS LTD,0,0,0,7,7
AGH SOLICITORS,0,0,0,7,7
ALCOCK GRIMDITCH & RIGLEY,0,0,0,7,7
ALSTERS KELLEY,0,0,0,7,7
ANB LAW,0,0,0,7,7
APEX ABS LIMITED,0,0,0,7,7
APPLEBY HOPE & MATTHEWS,0,0,2,5,7
ASHLEY JAMES SOLICITORS,0,0,0,7,7
ATKINSON & FIRTH SOLICITORS,0,0,0,7,7
ATKINSON BLACKLEDGE WARINGS,0,0,1,6,7
BIRDSALL & SNOWBALL,0,0,0,7,7
BOWERS & JESSOP,0,0,0,7,7
BRIGHOUSE WOLFF,0,0,0,7,7
BROWN BARRON,0,0,0,7,7
BULL & CO,0,0,1,6,7
BWT LAW LLP,0,0,1,6,7
C G M CHARTAHOUSE BLATCH,0,0,1,6,7
C WILSON SOLICITORS,0,0,0,7,7
CAIN ASSOCIATES,0,0,1,6,7
CAPSTICK-DALE & PARTNERS,0,0,0,7,7
CARPENTER & CO,0,0,0,7,7
CARTER BELLS LLP,0,0,0,7,7
CASWELL JONES PARTNERSHIP,0,0,1,6,7
CHARSLEY HARRISON,0,0,0,7,7
CLARITY LEGAL SERVICES LIMITED,0,0,0,7,7
CLARK WILLIS SOLICITORS,0,0,0,7,7
COLMAN COYLE,0,0,0,7,7
COOPER SONS HARTLEY & WILLIAMS LLP,0,0,1,6,7
CRANE & STAPLES,0,0,0,7,7
DAVID SHINE & KHARBANDA,0,0,0,7,7
EATON-EVANS AND MORRIS,0,0,1,6,7
FARRER & CO,0,0,0,7,7
FIELD OVERELL,0,0,2,5,7
FIELD SEYMOUR PARKES,0,0,1,6,7
FREEMAN JOHNSON,0,0,2,5,7
GARY JOHNSON & CO,0,0,0,7,7
GIFFEN COUCH & ARCHER,0,0,0,7,7
GILBERT DAVIES & PARTNERS,0,0,0,7,7
GLOVERS SOLICITORS LLP,0,0,4,3,7
GO CONVEY,0,0,0,7,7
GORDONS SOLICITORS LIMITED,0,0,0,7,7
GOUGHS,0,0,1,6,7
GRAEME JOHN & PARTNERS,0,0,0,7,7
GRAHAM & ROSEN,0,0,1,6,7
GRAHAME STOWE BATESON,0,0,1,6,7
GRAINGER APPLEYARD,0,0,2,5,7
GREEN NATION ENERGY LTD,0,0,0,7,7
Greene & Greene,0,0,2,5,7
GWYN JAMES & CO,0,0,2,5,7
H F T GOUGH & CO,0,0,0,7,7
HADAWAY & HADAWAY,0,0,1,6,7
HANDSLAW SOLICITORS LLP,0,0,0,7,7
HANRATTY & CO,0,0,0,7,7
HARRIS CUFFARO & NICHOLS,0,0,1,6,7
HENSBY LAW LTD T/A ROSEMARY E HENSBY,0,0,0,7,7
HERINGTONS SOLICITORS,0,0,0,7,7
Higgs & Sons,0,0,1,6,7
HOPLEYS GMA,0,0,0,7,7
HOWELL JONES LLP,0,0,0,7,7
HPLC CONVEYANCING LTD,0,0,0,7,7
HS LAWYERS LIMITED,0,0,0,7,7
HSK SOLICITORS LLP,0,0,0,7,7
HUMFRYS & SYMONDS,0,0,1,6,7
HUNT & COOMBS LLP,0,0,0,7,7
INDEPENDENT PROPERTY LAWYERS LTD,0,0,0,7,7
JAMES LEGAL,0,0,0,7,7
JAMESONS CONVEYANCING LIMITED,0,0,0,7,7
JB LEITCH REAL ESTATE LTD,0,0,4,3,7
JEPSON LONGSTAFF MIDGLEY SOLS LLP,0,0,0,7,7
Jeromes,0,0,1,6,7
JORDANS (ROWLEY REGIS),0,0,2,5,7
KAPASI & CO,0,0,0,7,7
KIDD SPOOR TAYLOR,0,0,0,7,7
KNIGHT RICHARDSON LIMITED,0,0,1,6,7
LAMB BROOKS,0,0,0,7,7
LARKEN & CO,0,0,1,6,7
LAWRENCE HAMBLIN,0,0,1,6,7
LEIGH DUNCAN LLP,0,0,0,7,7
LLYS CENNEN SOLICITORS,0,0,1,6,7
LUTTONS DUNFORD SOLICITORS,0,0,2,5,7
MARCHANT HARRIES & CO,0,0,3,4,7
MARSHALL HATCHICK,0,0,0,7,7
MASKERY AND CO,0,0,0,7,7
MAY SOLICITORS LIMITED,0,0,1,6,7
MCCLOY LEGAL,0,0,1,6,7
MERRITT & CO,0,0,0,7,7
MICHAEL TAYLOR & CO,0,0,0,7,7
MILBURNS,0,0,1,6,7
Morecrofts LLP,0,0,0,7,7
MORGAN ELIS LIMITED,0,0,0,7,7
MOSELEY CHAPMAN & SKEMP SOLICITORS,0,0,1,6,7
MOSS & COLEMAN SOLS,0,0,0,7,7
MOSSHASELHURST,0,0,0,7,7
NOWELL MELLER SOLICITORS,0,0,2,5,7
OPEN LAW LIMITED,0,0,1,6,7
PALMERS LAW (ESSEX),0,1,1,5,7
PARKER BULLEN,0,0,1,6,7
PCS,0,0,0,7,7
PD LAWYERS LIMITED,0,0,0,7,7
PRINCE EVANS,0,0,0,7,7
PSR SOLICITORS LTD,0,0,0,7,7
RADCLIFFE LE BRASSEUR,0,0,2,5,7
Risdon Hosegood,0,0,3,4,7
RM LEGAL SOLICITORS,0,0,1,6,7
ROBERT BARBER & SONS,0,0,0,7,7
ROBERT BINGHAM,0,0,1,6,7
ROSE & ROSE SOLICITORS,0,0,0,7,7
RUDLINGS WAKELAM SOLICITORS,0,0,0,7,7
S V WADSWORTH & CO,0,0,1,6,7
SANDERS,0,0,1,6,7
SCOTT DUFF & CO,0,0,0,7,7
SIMEOUS LTD,0,0,0,7,7
SMITHFIELD PARTNERS,0,0,1,6,7
SPARLING BENHAM & BROUGH,0,0,0,7,7
SPRAKE & KINGSLEY,0,0,1,6,7
STARKIE & GREGORY,0,0,2,5,7
STEPHENS WILMOT LTD,0,0,1,6,7
STEVENS SON & POPE,0,0,1,6,7
STOKES SOLICITORS LLP,0,0,0,7,7
STORRAR COWDRY,0,0,0,7,7
STRAW & PEARCE,0,0,2,5,7
SUSAN HALL & CO SOLICITORS,0,0,0,7,7
SUSSEX LAW SOLICITORS,0,1,0,6,7
TAIT FARRIER GRAHAM,0,0,1,6,7
TEMPERLEY TAYLOR,0,0,3,4,7
THE LAW OFFICE OF PAUL D'AMBROGIO (PDA-LAW),0,0,2,5,7
THE MIAH SOLICITORS LTD,0,0,1,6,7
TINN CRIDDLE & CO,0,0,0,7,7
VICKERY CONVEYANCING LIMITED,0,0,0,7,7
WARE & KAY,0,0,0,7,7
WARE & KAY LLP,0,0,0,7,7
WARTNABY HEFFORD,0,0,1,6,7
WILLIAMS & CO (BRIGNORTH),0,0,2,5,7
WILLIAMS THOMPSON LLP,0,0,0,7,7
YUGIN & PARTNERS,0,0,0,7,7
ACKLAM BOND NOOR,0,0,0,6,6
ADAMS & REMERS,0,0,0,6,6
ADAMS BURROWS,0,0,0,6,6
AK LAW (LONDON) LIMITED,0,0,0,6,6
ALBINSON NAPIER,0,0,1,5,6
ANTHONY STOCKTON,0,0,0,6,6
APLIN STOCKTON FAIRFAX T/A APLINS,0,0,0,6,6
BEERS LLP,0,0,1,5,6
BENDALL & SONS,0,0,1,5,6
BESWICKS,0,0,0,6,6
BIRKETT LONG LLP,0,0,0,6,6
BLEASDALE & CO,0,0,1,5,6
BLOSSOM LAW SOLICITORS,0,0,0,6,6
BLOUNT HEMMINGS LIMITED,0,0,1,5,6
BOLT BURDON,0,0,0,6,6
BORNEO MARTELL TURNER COULSTON,0,0,2,4,6
BOWLING & CO,0,0,0,6,6
BRECHER,0,0,2,4,6
BROWN & MURRAY,0,0,0,6,6
BURD WARD,0,0,0,6,6
BURGOYNE & CO,0,0,0,6,6
BURSTALLS,0,0,0,6,6
BURTON & DYSON,0,0,0,6,6
CARR & CO (BLYTH),0,0,1,5,6
CARR RICHARDS,0,0,1,5,6
CARTER VINCENT LLP,0,0,0,6,6
CHAMBERLAIN MARTIN SOLICITORS,0,0,2,4,6
CHAMBERLINS (GT YARMOUTH),0,0,2,4,6
CHAPMAN & CHUBB (QUALITY SOLICITORS),0,0,0,6,6
CHETTY & PATEL,0,0,0,6,6
CLARKE ROWE,0,1,1,4,6
COLLIER LITTLER,0,0,0,6,6
COPLEY CLARK LLP INCORPORATING MONTLAKE & CO,0,0,0,6,6
CROMPTON HALLIWELL,0,0,0,6,6
CROSSE & CROSSE,0,0,0,6,6
DAVID GRAY SOLICITORS,0,0,1,5,6
DAVID MORGAN JONES,0,0,0,6,6
DEXTER MONTAGUE LLP,0,0,0,6,6
DICKENSONS SOLICITORS,0,0,1,5,6
DOWNIE & GADBAN,0,0,1,5,6
DWFM BECKHAM,0,0,0,6,6
EASTHAMS SOLICITORS LIMITED,0,0,0,6,6
EDDOWES PERRY & OSBOURNE LIMITED,0,0,0,6,6
EMYR PIERCE SOLICITORS,0,0,0,6,6
FAIRHURST MENUHIN & CO LTD,0,0,1,5,6
FAIRWEATHER LAW,0,0,3,3,6
FDC LAW,0,0,0,6,6
FONSECALAW LIMITED T/A FONSECA PARTNERS,0,0,0,6,6
FORSTERS LLP,0,0,2,4,6
GALLOWAY HUGHES LLP,0,0,0,6,6
Gardner Leader,0,0,0,6,6
GEORGE DAVIES & EVANS,0,0,1,5,6
George Green LLP,0,0,1,5,6
GHW SOLICITORS LLP,0,0,0,6,6
GOODCHILD VIZARD & SMART,0,0,0,6,6
GOSSCHALKS,0,0,1,5,6
GREGSONS SOLICITORS (WIMBLEDON),0,0,1,5,6
GROVE TOMPKINS BOSWORTH,0,1,1,4,6
GUEST WALKER & CO,0,0,0,6,6
H & R HUGHES SOLICITORS LLP,0,0,0,6,6
HAIGHS SOLICITORS,0,0,1,5,6
Harold G Walker Solictors,0,0,1,5,6
HARROWELL & ATKINS,0,0,0,6,6
HART READE SOLICITORS,0,0,1,5,6
HARVEY COPPING & HARRISON,0,0,0,6,6
HATCH BRENNER LLP,0,0,1,5,6
HAWLEY AND RODGERS,0,0,0,6,6
HC LAW LLP TA HINDLE CAMPBELL,0,1,0,5,6
HILL JOHNSON,0,0,0,6,6
HINE SOLICITORS,0,0,2,4,6
HORNE ENGALL & FREEMAN,0,0,0,6,6
J A TAFT CONVEYANCING,0,0,1,5,6
J H MAITLAND-WALKER,0,0,1,5,6
JACKAMAN SMITH & MULLEY,0,0,2,4,6
JACKLYN DAWSON HURLEY,0,0,0,6,6
JNP LEGAL,0,0,0,6,6
JOELSON JD LLP,0,0,0,6,6
JOHN WELCH & STAMMERS,0,0,0,6,6
JONATHAN ROBERTS,0,0,0,6,6
JONES ROBERTSON SOLICITORS,0,0,0,6,6
K BOSWELL & COMPANY,0,0,0,6,6
KENNETH BUSH SOLICITORS,0,0,1,5,6
KENYON SON & CRADDOCK,0,0,1,5,6
KHAN MATHER LIMITED,0,0,0,6,6
KING-DAVIES AND PARTNERS,0,0,0,6,6
KNIGHT POLSON,0,0,0,6,6
LACEYS,0,1,1,4,6
LAMBERT TAYLOR & GREGORY,0,0,2,4,6
LAW & PROPERTY LLP T/A SLADE SON & TAYLOR,0,0,3,3,6
LAWSON LEWIS BLAKERS,0,0,1,5,6
LCF LAW LIMITED,0,0,0,6,6
LEGEND SOLICITORS LIMITED,0,0,0,6,6
LEICESTER CITY COUNCIL,0,0,0,6,6
LETS MOVE CONVEYANCING LIMITED,0,0,0,6,6
LEX SOLICITORS,0,0,2,4,6
LINKS LEGAL SOLICITORS,0,0,0,6,6
LONGFORDS,0,0,0,6,6
LOOSEMORES,0,0,2,4,6
LUCAS & WYLLYS,0,0,1,5,6
LYNCH HALL & HORNBY,0,0,0,6,6
MACHINS,0,0,0,6,6
MARKAND & CO,0,1,0,5,6
MCCARTHY WEBB LIMITED,0,0,0,6,6
MCGARRY & CO,0,0,0,6,6
MICHAEL CONN GOLDSOBEL SOLICITORS,0,0,0,6,6
MICHAEL LEIGHTON JONES,0,0,0,6,6
MICHAEL ROSE & BAYLIS LIMITED,0,0,0,6,6
MILLER SANDS,0,0,0,6,6
MILLS & REEVE LLP,0,0,3,3,6
MLS LAW (PROPERTY) LIMITED,0,0,0,6,6
MORRISONS,0,0,1,5,6
MOSS SOLICITORS,0,0,0,6,6
MUNDAYS,0,0,2,4,6
MUSTOE SHORTER,0,0,0,6,6
NELSON MCLEAN LIMITED,0,0,0,6,6
NELSONS,0,0,0,6,6
OKELLS WITH FRANCISLAW LLP,0,0,2,4,6
OPTIMA LEGAL SERIVICES,0,0,1,5,6
PARDOES,0,0,0,6,6
PARRY CARVER,0,0,2,4,6
PAYTONS,0,0,0,6,6
PICTONS,0,0,0,6,6
PINNEY TALFOURD LLP,0,0,1,5,6
PLEASS THOMSON & CO,0,0,0,6,6
QUALITY CONVEYANCING LTD,0,0,0,6,6
QUINN & CO,0,0,1,5,6
R GORDON ROBERTS LAURIE & CO,0,0,0,6,6
R N WILLIAMS & CO,0,0,1,5,6
RATIO LAW,0,0,0,6,6
READ DUNN CONNELL LIMITED,0,0,0,6,6
RHODES & WALKER,0,0,1,5,6
RICHMOND ANDERSON & GOUDIE,0,0,0,6,6
ROBERT MANN,0,0,1,5,6
RODGERS & BURTON,0,0,0,6,6
SAMPSON COWARD,0,0,1,5,6
SCAIFF LLP,0,0,0,6,6
SHARMAN AND SON SOLICITORS,0,0,2,4,6
SHEFFIELD CITY COUNCIL,0,0,0,6,6
SILKS,0,0,1,5,6
SIMPSON DUXBURY ROOLEY,0,0,0,6,6
SMITH SUTCLIFFE,0,0,0,6,6
SO LEGAL LIMITED,0,0,1,5,6
SOLOMON TAYLOR SHAW,0,0,1,5,6
SPENCER ELLIOTT PROPERTY LAWYERS,0,0,0,6,6
STAPLETON GARDNER & CO,0,0,0,6,6
SWAN & DALE LLP,0,0,0,6,6
Swayne Johnson Limited,0,0,1,5,6
TAUNTON SOLICITORS,0,0,0,6,6
TAYLOR WIMPEY UK LTD (SOUTH WEST),0,0,1,5,6
THE HILLMAN PARTNERSHIP,0,0,0,6,6
THE MERRIMAN PARTNERSHIP,0,0,0,6,6
THOMPSON AND COOKE (AKA  T & C SOLICITORS LIMITED),0,0,0,6,6
THREEMO LEGAL SERVICES LIMITED,0,0,0,6,6
TUSTAIN JONES & CO,0,0,2,4,6
TYLER LAW LTD,0,0,0,6,6
UNDERWOOD & CO,0,0,1,5,6
UNSWORTH ROSE,0,0,0,6,6
VALERIE HOLMES PROPERTY LAWYER,0,0,0,6,6
VICARAGE COURT SOLICITORS LTD,0,0,0,6,6
VINCENT & CO,0,0,1,5,6
VINCENT SYKES & HIGHAM LLP,0,0,2,4,6
VKM SOLICITORS,0,0,0,6,6
WAKE SMITH SOLICITORS LIMITED,0,0,0,6,6
WARNERS LAW LLP,0,0,0,6,6
WHEELERS SOLICITORS LIMITED,0,0,0,6,6
WILLIAMS & BOURNE,0,0,1,5,6
WILLIAMSONS CRAIG LLP,0,0,0,6,6
WISEMAN LEE,0,0,0,6,6
WRIGLEY CLAYDON,0,0,0,6,6
XZYLON MANAGEMENT LIMITED,0,0,0,6,6
AA SOLICITORS LTD,0,0,1,4,5
ADAMS HARRISON,0,0,1,4,5
ADDISON LAW SOLICITORS,0,0,0,5,5
ALLETSONS (BRIDGWATER),0,0,0,5,5
ALWENA JONES & JONES,0,0,0,5,5
ANTHONY WALTERS & CO,0,0,0,5,5
ATKINSON RITSON,0,0,1,4,5
AWD LAW,0,0,0,5,5
BEHR & CO LIMITED,0,0,0,5,5
BENNETT OAKLEY & PARTNERS,0,0,1,4,5
BEVERLY DAVIES PENNY,0,0,1,4,5
BISHOP AKERS & CO,0,0,0,5,5
BLACKFRIARS LAW LIMITED,0,0,0,5,5
BOYCE HATTON,0,0,0,5,5
BRACHERS LLP,0,0,2,3,5
BRAND MELLON,0,0,0,5,5
BSG SOLICITORS,0,0,0,5,5
C&R LEGAL LIMITED,0,0,0,5,5
CATTERALLS,0,0,2,3,5
CHARLES FRASER,0,0,2,3,5
CHARLES PLATEL & PARTNERS,0,0,1,4,5
CHRISTOPHER DAVIDSON SOLICITORS,0,0,2,3,5
CLARION SOLICITORS LTD,0,0,1,4,5
COLEMANS SOLICITORS LLP (MAIDENHEAD),0,0,0,5,5
COLIN BROWN & KIDSON,0,0,1,4,5
COOPERBURNETT,0,0,0,5,5
COUPE BRADBURY,0,0,3,2,5
CREE GODFREY & WOOD,0,0,0,5,5
CUNNINGHAM BLAKE,0,0,0,5,5
DAC BEACHCROFT,0,0,2,3,5
DAVENPORT & SCOTT,0,0,0,5,5
DAVID WATKINS,0,0,0,5,5
DB LAW,0,0,0,5,5
DFA Law,0,0,0,5,5
DICKINSONS,0,0,1,4,5
E&K SOLICITORS,0,0,0,5,5
ELLIS & CO,0,0,0,5,5
EMG SOLICITORS LIMITED,0,0,0,5,5
ETTINGER & VICKERS,0,0,0,5,5
EVANS DERRY BINNION,0,0,0,5,5
FERGUSON BRICKNELL & CO,0,0,2,3,5
FRIIS & RADSTONE,0,0,2,3,5
GB SOLICITORS LLP,0,1,2,2,5
GEOFFREY HILL & CO,0,0,1,4,5
GLAZER DELMAR,0,0,0,5,5
GLP SOLICITORS,0,0,0,5,5
GOUGH-THOMAS & SCOTT,0,0,2,3,5
GREEN & OLIVE LEGAL LIMITED,0,0,0,5,5
GS SOLICITORS,0,0,0,5,5
HAINS & LEWIS,0,0,0,5,5
HATCHERS HENRY LEES SOLICITORS,0,0,1,4,5
HAYWARDS,0,0,0,5,5
HECKFORD NORTON & CO,0,0,0,5,5
HENRY HYAMS,0,0,1,4,5
HINE DOWNING LLP,0,0,0,5,5
HODGKINSONS,0,0,1,4,5
HOMDEN PROPERTY LAWYERS,0,0,0,5,5
HOPKINS LAW,0,0,1,4,5
HOUGHTON PIGOT & CO,0,0,1,4,5
IAIN NICHOLSON & CO,0,0,2,3,5
J STIFFORD SOLICITORS LTD,0,0,0,5,5
JACKSON BARRETT & GASS,0,0,1,4,5
JANET SINDEN & CO,0,0,0,5,5
JASON PROSSER LAW LTD,0,0,0,5,5
JASPER VINCENT,0,0,1,4,5
JH HART & COMPANY,0,0,1,4,5
JOHN DONKIN & CO,0,0,0,5,5
John Hodge,0,0,0,5,5
JOHN MORSE SOLICITORS,0,0,1,4,5
KAULDHAR & CO,0,0,0,5,5
KENNAN KAY & CO,0,0,0,5,5
KNAPMAN & CO,0,0,1,4,5
KWW,0,0,0,5,5
L G WILLIAMS & PRITCHARD,0,0,2,3,5
LATHAM & CO,0,0,1,4,5
LAW LANE SOLICITORS,0,0,0,5,5
LEADENHALL LAW GROUP LTD,0,0,1,4,5
LEEDS DAY,0,0,0,5,5
LENNON & CO (LENNONS SOLICITORS),0,0,1,4,5
LEWIS & LINES,0,0,0,5,5
LISA'S LAW,0,0,0,5,5
LITTLESTONE COWAN SOLICITORS,0,0,0,5,5
LOCK & MARLBOROUGH SOLICITORS,0,0,0,5,5
M A LAWYERS LTD,0,0,0,5,5
M PATTERSON & CO PROP LAWYERS LTD,0,0,1,4,5
M R TIMMS & CO,0,0,0,5,5
MAPLES SOLICITORS LLP,0,0,0,5,5
MARSONS SOLICITORS,0,0,1,4,5
MELLEN & CO LICENSED CONVEYANCERS,0,0,0,5,5
MERRY & CO,0,0,0,5,5
MICHELLE O'SHEA,0,0,1,4,5
MIR & CO SOLICITORS,0,0,0,5,5
MOORE & TIBBITS (QUALITY SOLICITORS),0,0,1,4,5
MORGAN & RICHARDSON,0,0,1,4,5
MORLEY BROWN & CO,0,0,0,5,5
MORRISH SOLICITORS LLP,0,0,0,5,5
MOXON & BARKER,0,0,0,5,5
NEALE TURK,0,0,1,4,5
NICHOLS MARCY DAWSON,0,0,0,5,5
NIGEL DAVIS SOLICITORS,0,0,2,3,5
OGDEN LYLES & FOX,0,0,1,4,5
P D LAW LIMITED T/A PATCHELL DAVIES,0,0,0,5,5
Parnalls Solicitors Ltd,0,0,1,4,5
PAUL BULLEN & CO,0,0,1,4,5
PAYNE MARSH STILLWELL,0,0,0,5,5
PENDER LAW,0,0,0,5,5
PERSIMMON (NORTHERN REGION - YORK OFFICE),0,0,1,4,5
PETER BROWN & CO,0,1,0,4,5
PHILLIPS (OF MANSFILED),0,0,0,5,5
PICKERINGS,0,0,2,3,5
PRIMAS LAW LTD,0,0,0,5,5
PRUSINSKI SOLICITORS,0,0,0,5,5
R & B LEGAL LIMITED,0,0,1,4,5
RAY NIXON BROWN,0,0,0,5,5
REES PAGE,0,0,1,4,5
REES WOOD TERRY,0,0,0,5,5
RICKARDS & CLEAVER,0,0,0,5,5
RIX & KAY,0,0,0,5,5
ROBYNS OWEN,0,0,0,5,5
ROLAND ROBINSONS & FENTONS,0,0,0,5,5
SARAH DWIGHT,0,0,0,5,5
SAULET TOWNSEND,0,0,0,5,5
SB CONVEYANCING LTD,0,0,0,5,5
SCOTT ROWE,0,0,0,5,5
SHEPHERD HARRIS AND CO LIMITED,0,0,0,5,5
SHERGILL & CO,0,0,0,5,5
SQUIRE PATTON BOGGS (UK) LLP,0,0,1,4,5
STALLARD MARCH & EDWARDS,0,0,1,4,5
STEADMAN JONES LIMITED T/A STEADMAN JONES & BELL,0,0,0,5,5
STEFAN PTYCIA,0,0,1,4,5
STOKES PARTNERS LLP,0,0,2,3,5
STONE KING LLP,0,0,0,5,5
STONE ROWE BREWER,0,1,0,4,5
SUSAN HOWARTH & CO,0,0,0,5,5
SWINBURNE MADDISON,0,0,0,5,5
TAYLOR WIMPEY UK LTD  (MIDLANDS),0,0,0,5,5
TAYLOR WIMPEY UK LTD (EAST DIVISION),0,0,0,5,5
TAYLOR WIMPEY UK LTD (NORTHERN DIVISION),0,0,0,5,5
TBP LEGAL LIMITED,0,0,1,4,5
THE ASSOCIATE LAW FIRM,0,0,1,4,5
THE ROBERT DAVIES PARTNERSHIP LLP,0,0,1,4,5
THOMAS DUNTON SOLICITORS,0,0,0,5,5
THOMPSON & LEATHERDALE,0,0,0,5,5
TIMMS,0,0,0,5,5
TOOMEY LEGAL LIMITED,0,0,0,5,5
TP LEGAL LTD,0,0,0,5,5
TREVOR MUNN,0,0,0,5,5
TTS SOLICITORS,0,0,0,5,5
VEITCH PENNY,0,0,0,5,5
VERSUS LAW LTD,0,0,0,5,5
VINCENT SOLICITORS,0,0,0,5,5
Vine Orchards,0,0,1,4,5
W H MATTHEWS & CO,0,0,0,5,5
WACE MORGAN,0,0,1,4,5
WADE & WADE LLP,0,0,0,5,5
WAINS SOLICITORS,0,0,0,5,5
WATKINS STEWART & ROSS,0,0,1,4,5
WATSONS LAW LLP,0,0,0,5,5
WEDLAKE BELL,0,0,0,5,5
WILSON WAKEFIELD,0,0,0,5,5
WILSONS SOLICITORS LLP,0,0,2,3,5
WOODCOCK & THOMPSON,0,0,0,5,5
YARWOOD & STUBLEY,0,0,1,4,5
ACCESS LAW LLP,0,0,0,4,4
ACONVEYANCING LIMITED,0,0,0,4,4
ACUMEN BUSINESS LAW,0,0,1,3,4
ADAM SOLICITORS,0,0,0,4,4
ADAMS HETHERINGTON,0,0,0,4,4
ADVANTAGE LAW LIMITED,0,0,0,4,4
AKIN PALMER,0,0,0,4,4
Alan Turner & co,0,0,0,4,4
ALEXANDER JLO,0,0,0,4,4
ALLENS CADGE & GILBERT SOLICITORS,0,0,1,3,4
AMES KENT SOLICITORS,0,0,1,3,4
ANDERSON PARTNERSHIP,0,0,0,4,4
ANTHONY GOLD,0,0,0,4,4
APEX ABS LIMITED,0,0,3,1,4
APEX ABS LIMITED,0,0,0,4,4
AQUABRIDGE LAW,0,0,1,3,4
ARCHERS LAW LLP,0,0,0,4,4
ARNISON HEELIS,0,0,0,4,4
ARNOLD THOMSON LIMITED,0,0,0,4,4
ASHFORD BOROUGH COUNCIL,0,0,0,4,4
ASHLEY WILSON SOLICTORS,0,0,0,4,4
ASHWELLS LAW LLP,0,0,0,4,4
ASKEWS,0,0,0,4,4
ASPINALL WRIGHT,0,0,0,4,4
ASSERSON LAW,0,0,0,4,4
AUSTINS LLP,0,0,0,4,4
AVERY KNIGHTS SOLICITORS LIMITED,0,0,0,4,4
AWAN LEGAL ASSOCIATES LTD,0,0,0,4,4
AWB PARTNERSHIP,0,0,0,4,4
BANA VAID & ASSOCIATES,0,0,0,4,4
BANK SOLICITORS,0,0,1,3,4
BANK VIEW SOLICITORS LIMITED,0,0,0,4,4
BANKS KELLY SOLICITORS LIMITED,0,0,0,4,4
BANNISTER BATES CONVEYANCING,0,0,0,4,4
BARKER GOTELEE,0,0,2,2,4
BARKER SON AND ISHERWOOD LLP,0,0,0,4,4
BARLOW ROBBINS,0,0,0,4,4
BARTLETTS SOLICITORS,0,0,0,4,4
BASSETS SOLICITORS,0,0,1,3,4
BATE & ALBON LIMITED,0,0,0,4,4
BATES N V H,0,0,0,4,4
BEACON WEALTH LEGAL LIMITED,0,0,0,4,4
BENNETT GRIFFIN & PARTNERS,0,0,1,3,4
BERRY SMITH LLP,0,0,0,4,4
BIRD & LOVIBOND,0,0,0,4,4
BLACKHAMS,0,0,0,4,4
BLACKPOOL BOROUGH COUNCIL,0,0,0,4,4
BLUNTS (JOHN BURKE TRADING AS BLUNTS),0,0,0,4,4
Bonallack & Bishop,0,0,1,3,4
BONNETTS,0,0,1,3,4
BOWCOCK CUERDEN,0,0,0,4,4
Bramsdon & Childs,0,0,1,3,4
BRIDGERS LAW LIMITED,0,0,0,4,4
BRIGHOUSES INCORPORATING ESPLEY & CO,0,0,1,3,4
BRIGHT & SONS MALDON,0,0,1,3,4
BRM LEGAL,0,0,1,3,4
BRODIE SMITH & MAHONEY,0,0,0,4,4
BROMETS JACKSON HEATH LLP,0,0,0,4,4
BRYAN AND ARMSTRONG,0,0,0,4,4
BUCKSFORD LAW,0,0,0,4,4
BURTON & CO LLP,0,0,0,4,4
BUSS MURTON LAW LLP SOLICITORS,0,0,0,4,4
CANTELLI & CO,0,0,0,4,4
CAPITAL LAW LLP,0,0,1,3,4
CAPRON & HELLIWELL,0,0,1,3,4
CARDIFF COUNTY COUNCIL,0,0,0,4,4
CARR & CO (BANBURY),0,0,3,1,4
CARTWRIGHT CUNNINGHAM HASELGROVE & CO,0,0,0,4,4
CHALLENOR GARDINER,0,0,0,4,4
CHARLES STRACHAN SOLICITORS LTD,0,0,0,4,4
CHUBB & CO,0,0,0,4,4
CLARKE AND SON (QUALITY SOLICITORS),0,0,0,4,4
CLARKSON WRIGHT & JAKES,0,0,2,2,4
CLAYTON MOTT,0,0,0,4,4
CLOSE THORNTON LLP,0,0,0,4,4
CLOUGH & WILLIS,0,0,0,4,4
COCKS LLOYD,0,0,0,4,4
COLBORNE COULMAN & LAWRENCE,0,0,0,4,4
COLLINGS SOLICITORS,0,0,0,4,4
CONVERSE LAW LIMITED,0,0,1,3,4
COWLEY DI GIORGIO SOLICITORS,0,0,1,3,4
COWLINGS,0,0,0,4,4
CROWLEY & CO,0,0,0,4,4
CYRIL MORRIS ARKWRIGHT & CO,0,0,0,4,4
D AND S LEGAL LTD,0,0,0,4,4
DAVEY LAW LTD,0,0,0,4,4
DAVID AULD & CO,0,0,1,3,4
DAVID J FOSTER & CO,0,0,0,4,4
DAVID SANDERS & CO,0,0,0,4,4
DAVIS BLANK FURNISS,0,0,0,4,4
DAWSON AND BURGESS,0,0,0,4,4
DEAN WILSON LAING,0,0,1,3,4
DOMINIC & CO SOLICITORS LTD,0,0,0,4,4
DONALDSON DUNSTALL,0,0,0,4,4
DP CONVEYANCING,0,0,0,4,4
DRUCES LLP,0,0,0,4,4
EARL & CROCKER,0,0,1,3,4
EATON SMITH,0,0,0,4,4
ECCLES HEDDON & CO,0,0,1,3,4
EDMONDSON HALL,0,0,0,4,4
EDWARD OLIVER & CO SOLICITORS,0,0,0,4,4
EDWARDS CLEGG,0,0,0,4,4
EG LAWLIMITED,0,0,2,2,4
ELITE LAW SOLICITORS LTD,0,0,0,4,4
ELLIOTT BRIDGMAN LIMITED,0,0,0,4,4
ERIC H SMITH,0,0,0,4,4
EVANS & CO,0,0,0,4,4
EVANS COOK SOLICITORS,0,0,0,4,4
EVOLVE LAW (MK) LTD,0,0,0,4,4
FARNWORTH SHAW,0,0,0,4,4
FLADGATE LLP,0,0,0,4,4
FODENS,0,0,0,4,4
G & I Chisholm,0,0,0,4,4
G SPILSBURY & CO,1,0,1,2,4
GARDNER CHAMPION,0,0,1,3,4
GARNET WILSON CONVEYANCING,0,0,0,4,4
GENESIS LEGAL SERVICES LTD,0,0,0,4,4
GODWINS,0,0,0,4,4
GOLDSMITHS SOLICITORS LIMITED,0,0,1,3,4
GOLDSTONES,0,0,0,4,4
GOODMAN GRANT SOLICITORS,0,0,1,3,4
GOWEN & STEVENS,0,0,0,4,4
GRAY HOOPER HOLT LLP,0,0,0,4,4
GREGG LATCHAMS LLP,0,0,1,3,4
GUARDIAN WILLS & PROBATE SVCS LTD,0,0,0,4,4
GWYN GEORGE PARTNERSHIP,0,0,0,4,4
HAGUE & DIXON,0,0,1,3,4
HALLAM SOLICITORS,0,0,0,4,4
HAMERS (ROSSENDALE),0,0,0,4,4
HARGREAVES GILMAN,0,0,0,4,4
HAROLD BENJAMIN,0,0,0,4,4
HARROPS & HEPBURN SOLICITORS (H&H LAWYERS T/A),0,0,0,4,4
HARVEY ROBERTS & CO,0,0,0,4,4
HAWORTH BROTHERTON SOLICITORS,0,0,0,4,4
HAWORTH HOLT BELL SOLS,0,0,0,4,4
HCL HANNE & CO,0,0,0,4,4
HEALD NICKINSON,0,0,0,4,4
HENLEYS,0,0,1,3,4
HEWETTS,0,0,1,3,4
HMCC SECURITIES LTD,0,0,1,3,4
HOLDENS SOLICITORS,0,0,0,4,4
HOOLE & CO,0,0,0,4,4
HOTCHKISS WARBURTON,0,0,0,4,4
HOWELL & CO,0,0,0,4,4
HRJ FOREMAN LAWS LLP,0,0,0,4,4
HT LEGAL LIMITED,0,0,1,3,4
IAN C FREE SOLICITOR,0,0,0,4,4
INGRAM WINTER GREEN,0,0,0,4,4
J A HUGHES SOLICITORS,0,0,0,4,4
JACKSON QUINN,0,0,0,4,4
JEFFREYS & POWELL,0,0,0,4,4
JOHN BAYLES & CO,0,0,0,4,4
JURY O'SHEA,0,0,0,4,4
K L PROPERTY LAWYERS LIMITED,0,0,0,4,4
KARSLAKES SOLICITORS,0,0,1,3,4
KENDALL & DAVIES,0,0,0,4,4
KEOGHS NICHOLLS LINDSELL & HARRIS,0,0,0,4,4
KIDD & SPOOR,0,0,0,4,4
KING LAWES LEGAL,0,0,0,4,4
KINGFIELDS,0,0,0,4,4
KIRWANS SOLICITORS,0,0,0,4,4
KNOCKER & FOSKETT,0,0,1,3,4
KTP SOLICITORS,0,0,1,3,4
LAMBE CORNER & CO,0,0,1,3,4
LANE & CO,0,0,2,2,4
LEON KAYE SOLICITORS,0,0,0,4,4
LEVIN SOLICITORS,0,0,0,4,4
LEWIS LEWIS & CO LTD,0,0,0,4,4
LIFETIME WILLS & TRUSTS LIMITED,0,0,1,3,4
LLOYDS & COOPER,0,0,1,3,4
LOFTHOUSE & CO SOLICITORS,0,0,0,4,4
LONDON COPORATE LEGAL LIMITED,0,0,0,4,4
LOVETTS SOLICITORS,0,0,0,4,4
LUPTON FAWCETT DENISON TILL,0,0,0,4,4
LUX LAW,0,0,0,4,4
MACKRELL TURNER GARRETT,0,0,0,4,4
MACNAMARA KING,0,0,0,4,4
MARSHALLS,0,0,0,4,4
MARTIN L GROVE,0,0,0,4,4
MASSUCCO BUTTRESS SOLICITORS,0,0,1,3,4
MAXWELL HODGE,0,0,0,4,4
MENTORS,0,0,0,4,4
MERALI BEEDLE LLP,0,0,0,4,4
MICHAEL COOK LAW FIRM LIMITED,0,0,0,4,4
Michael W Pipe,0,0,0,4,4
MILFORD & DORMOR,0,0,1,3,4
MILNE MOSER,0,0,1,3,4
MJP LAW,0,0,0,4,4
MOONEY EVERETT,0,0,0,4,4
MORGAN & CO,0,0,0,4,4
MOUNTENEY CONVEYANCERS LIMITED,0,0,1,3,4
MY LEGAL LIMITED,0,0,0,4,4
NEWBYS,0,0,0,4,4
NICHOLSON MARTIN LEGGE & MILLER,0,0,0,4,4
NOBLE HARBOUR SOLICITORS,0,0,0,4,4
NORTON LEGAL LIMITED,0,0,0,4,4
O'DONNELL SOLICITORS LTD,0,0,1,3,4
O'NEILL RICHMONDS LAW FIRM LTD,0,0,1,3,4
ORJ SOLICITORS,0,0,2,2,4
OWEN WHITE & CATLIN,0,0,0,4,4
PABLA + PABLA SOLICITORS,0,0,0,4,4
PARTRIDGE ALLEN,0,0,0,4,4
PASSMORES LEWIS & JACOBS,0,0,1,3,4
PAUL BERG & TAYLOR,0,0,1,3,4
PDR PROPERTY LAWYERS,0,0,0,4,4
PENNINE LAW,0,0,1,3,4
Peter Peter & Wright,0,0,1,3,4
PORTSMOUTH CITY COUNCIL,0,0,0,4,4
PREUVENEERS,0,0,0,4,4
PRICE & KELWAY,0,0,0,4,4
PRITCHARD JONES LANE,0,0,0,4,4
QUASTEL MIDGEN LLP,0,0,3,1,4
R R SANGHVI & CO,0,0,0,4,4
RAWLINS DAVY,0,1,0,3,4
RAY BORLEY & DUNKLEY,0,0,0,4,4
REED SMITH  LLP,0,0,1,3,4
REEVES LAW LIMITED,0,0,0,4,4
RH PROPERTY LAWYERS LIMITED,0,0,1,3,4
RICHARD WILSON LONG SOLICITORS,0,0,1,3,4
RICHARDS THOMAS SOLICITORS,0,0,1,3,4
RICHARDSON PROPERTY LAWYERS LTD,0,0,0,4,4
ROGER DEAN & CO,0,0,0,4,4
ROLLASONS,0,0,1,3,4
RUSSELLS (E4 6BN),0,0,1,3,4
RUSSELLS SOLICITORS (W1B 5LJ),0,0,0,4,4
RUTHERFORDS LLP,0,0,1,3,4
SALMONS,0,0,0,4,4
SALTER  KELLY,0,0,1,3,4
SAMUEL PHILLIPS & CO,0,0,0,4,4
SANDERSON MCCREATH & EDNEY,0,0,0,4,4
SBP LAW,0,0,0,4,4
SCANLANS,0,0,0,4,4
SEHGAL & CO,0,0,0,4,4
SETHI & CO,0,0,0,4,4
SEYMOUR LUKE LTD,0,0,0,4,4
SHARMAN LAW,0,0,0,4,4
SHARP CROSS & MANN LLP,0,0,0,4,4
SHERWOOD SOLICITORS,0,0,0,4,4
SIMON MERCHANT PROPERTY SOLICITOR,0,0,0,4,4
SIMPLY COMPLETE,0,0,1,3,4
SINCLAIRS (HENDON) LIMITED,0,0,0,4,4
SINCLAIRSLAW LIMITED,0,0,0,4,4
SOLENT PROPERTY LAWYERS LIMITED,0,0,0,4,4
SOLICITOR DIRECT,0,0,0,4,4
SOLICITORS TITLE,0,0,1,3,4
SOLOMONS SOLICITORS (BOURNEMOUTH),0,0,0,4,4
SPROULL SOLICITORS LLP,0,0,1,3,4
ST JOHNS PROPERTY LAWYERS,0,0,0,4,4
STAPLETONS,0,0,0,4,4
STEELS,0,0,0,4,4
STENFIELD SOLICITORS,0,0,0,4,4
STEVENS & BOLTON,0,0,0,4,4
STRATA HOMES YORKSHIRE LIMITED,0,0,0,4,4
STRATEGA LAW LIMITED,0,0,0,4,4
STREATHERS CLAPHAM LLP,0,0,0,4,4
SURREY PROPERTY LAWYERS LLP,0,0,0,4,4
SUTTON-MATTOCKS & CO,0,0,0,4,4
TALBOT WALKER LLP,0,0,1,3,4
THE ERIC WHITEHEAD PARTNERSHIP,0,0,0,4,4
THE GPT LAW PRACTICE SOLICITORS,0,0,0,4,4
THORNTON JONES FAMILY LAW,0,0,1,3,4
THURSTAN HOSKIN SOLICITORS LLP,0,0,0,4,4
TINKLER SOLICITORS,0,0,0,4,4
TOWLER BROWN SOLICITORS,0,0,0,4,4
TRUEMANS,0,0,0,4,4
TUBBS & CO,0,0,1,3,4
VYMAN SOLICITORS LIMITED,0,0,1,3,4
WADDINGTON LTD (T/A WADDINGTON WEBBER),0,0,2,2,4
WALKER & CO,0,0,0,4,4
WALLACE ROBINSON & MORGAN,0,0,0,4,4
WALTERS & PLASKITT,0,0,0,4,4
WASON MALE & WAGLAND LLP,0,0,0,4,4
WATKINS SOLS INC B SINNOTT & CO,0,0,0,4,4
WATSON WATSON SOLICITORS,0,0,0,4,4
WAUGH & CO,0,0,0,4,4
WELLERS LAW GROUP LLP,0,0,1,3,4
WHATLEY RECORDON,0,0,1,3,4
WHETHAM & GREEN,0,0,0,4,4
WHITEFIELDS SOLICITORS,0,1,0,3,4
WHITTINGHAMS,0,0,0,4,4
WILLETT & CO,0,0,0,4,4
WILLIAMSONS DOUGLAS,0,0,0,4,4
WINSTON SOLICITORS LLP,0,0,0,4,4
WOKINGHAM BOROUGH COUNCIL,0,0,1,3,4
WOOLLCOMBE & YONGE,0,0,0,4,4
WOOLLISCROFTS,0,0,1,3,4
WORRALLS SOLICITORS,0,0,0,4,4
A F BARKER & CO,0,0,1,2,3
AARON & PARTNERS,0,0,2,1,3
Abels,0,0,0,3,3
ACUITY LEGAL,0,0,0,3,3
AH PAGE,0,0,0,3,3
ALAN SIMONS & COMPANY,0,0,0,3,3
ALEXANDER & CO (DERBY),0,0,0,3,3
ALLCHURCH PROPERTY LAWYERS LIMITED,0,0,0,3,3
ALPHA LEXIS LAW,0,0,0,3,3
AMD SOLICITORS LTD,0,0,0,3,3
AMPHLETTS,0,0,0,3,3
ANAYSSE-JACOBS SOLICITORS,0,0,0,3,3
ANDERSON ROWNTREE LLP,0,0,0,3,3
ANDERSON STRATHERN LLP,0,0,0,3,3
ANDREW GORDON & CO,0,0,0,3,3
ANTHONY LEONARD ASSOCIATES,0,0,0,3,3
APEX ABS LIMITED,0,0,0,3,3
ARCHDEACON RUSSELL & CO,0,0,0,3,3
ARDENS SOLICITORS,0,0,0,3,3
ASB LAW,0,0,0,3,3
ASPEN MORRIS SOLICITORS,0,0,0,3,3
ASTON BOND,0,0,0,3,3
ATHI LAW LLP,0,0,0,3,3
B A CHAPPELL & CO,0,0,0,3,3
BAKER ASHLEY LIMITED,0,0,0,3,3
BALDWIN WYATT SOLICITORS,0,0,0,3,3
BARBARA JACOBS & CO,0,0,0,3,3
BARRINGTON & SONS,0,0,1,2,3
BARRY GREEN,0,0,0,3,3
BAWTREE & SONS,0,0,0,3,3
BBS LAW LTD,0,0,2,1,3
BELCHER FROST,0,0,0,3,3
BELLS (ROMSEY),0,0,0,3,3
BGW LAW LIMITED,0,0,0,3,3
BIRD WILFORD & SALE,0,0,1,2,3
BISHOP & CO,0,0,1,2,3
BLACKLAW LEGAL LIMITED,0,0,0,3,3
BLAKEWATER SOLICITORS,0,0,0,3,3
BOODLE HATFIELD,0,0,0,3,3
Borlase & Company,0,1,0,2,3
BOWER COTTON SOLICITORS,0,0,0,3,3
BOYES SUTTON & PERRY,0,0,1,2,3
BRADBERRYS T/A D M SINGH,0,0,0,3,3
BRADLEYS,0,0,0,3,3
Bray & Dilks,0,0,0,3,3
BRETHERTON LAW,0,0,0,3,3
BRITTON & CO,0,0,0,3,3
BRITTONS,0,0,0,3,3
BROWELL SMITH & CO,0,0,1,2,3
BRYAN O'CONNOR & CO,0,0,0,3,3
BUKHARI & CO,0,0,1,2,3
BURCH PHILLIPS & CO,0,0,0,3,3
BURKILL GOVIER,0,0,0,3,3
BURROWS,0,0,0,3,3
BURT BRILL & CARDENS,0,0,0,3,3
BURTONS SOLICITORS,0,0,1,2,3
BURTONWOODS,0,0,0,3,3
BUSBYS SOLICITORS,0,0,0,3,3
CAPSTICKS SOLICITORS LLP,0,0,1,2,3
CARTERS SOLICITORS,0,0,0,3,3
CHALLENOR & SON,0,0,0,3,3
CHAMBERLAINS,0,0,0,3,3
CHARLES NEWTON & CO,0,0,0,3,3
CHRIS STEVENSON SOLICITORS,0,0,0,3,3
CHRISTOPHER G MOWAT,0,0,0,3,3
CITY OF LINCOLN COUNCIL,0,0,0,3,3
CLEMENT HUGHES & CO,0,0,0,3,3
CLOWES & CO LLP,0,0,1,2,3
COLLINS BENSON GOLDHILL LLP,0,0,0,3,3
COOPER LINGARD SOLICITORS,0,0,0,3,3
COOPER SONS HARTLEY & WILLIAMS LLP,0,0,1,2,3
COTTERHILL HITCHMAN LLP,0,0,1,2,3
CROSBY & WOODS,0,0,0,3,3
CROSSMANS MTA,0,0,0,3,3
CULLIMORE DUTTON SOLICITORS,0,0,0,3,3
CURRY POPECK,0,0,0,3,3
D P CAMERON LIMITED,0,0,0,3,3
DALE & NEWBERY,0,0,0,3,3
DALE AND CO SOLICITORS,0,0,0,3,3
DARBY & DARBY,0,0,0,3,3
DARLINGTON BOROUGH COUNCIL,0,0,0,3,3
DAVID PROSSER & CO,0,0,0,3,3
DAVID ROSTHORN T/A ROSTHORNS,0,0,0,3,3
DAVIES BLUNDEN & EVANS,0,0,1,2,3
DAVIES INGRAM & HARVEY,0,0,0,3,3
DERBYSHIRE LEGAL SERVICES LTD,0,0,2,1,3
DERRICK BRIDGES & CO,0,0,1,2,3
DILWYNS,0,0,2,1,3
DIXON COLES & GODDARD,0,0,0,3,3
DMB LAW,0,1,0,2,3
DOLLMAN & PRITCHARD,0,0,1,2,3
DONALDSON WEST,0,0,2,1,3
DUNHAM GUEST AND LYONS (DGL SOLICITORS),0,0,0,3,3
EDEN SOLICITORS,0,0,1,2,3
ELITE PROPERTY LAW FIRM,0,0,0,3,3
ELLICOTTS,0,0,0,3,3
ELLISON & CO,0,0,1,2,3
ENGLEHARTS,0,0,0,3,3
ENOCH EVANS,0,0,1,2,3
ERACLEOUS AND MCKENNA LLP,0,0,0,3,3
ERHARDT & WARNELL,0,0,0,3,3
ERIC BOWES & CO,0,0,0,3,3
EVANS QUARTERMAINE SOLICITORS,0,0,0,3,3
F&B LAWYERS LTD,0,0,0,3,3
FARNWORTH ROSE SOLICITORS,0,0,1,2,3
FITZ SOLICITORS LIMITED,0,0,0,3,3
FITZHUGH GATES,0,1,0,2,3
FLETCHER DAY,0,0,0,3,3
FORD BANKS IRWIN SOLICITORS,0,0,0,3,3
FRANCIS & CO,0,0,0,3,3
FREEMANS SOLICITORS,0,0,0,3,3
FULLERS SOLICITORS,0,0,1,2,3
FURSDON KNAPPER,0,0,0,3,3
FUSSELL WRIGHT & CO,0,0,0,3,3
GANGAR & CO,0,0,0,3,3
GARDNER ILIFF & DOWDING,0,0,1,2,3
GARROW SOLICITORS,0,0,0,3,3
GARTSIDES,0,0,0,3,3
GATESHEAD BOROUGH COUNCIL,0,0,0,3,3
GATTAS DENFIELD,0,0,0,3,3
GAYNHAM KING & MELLOR,0,0,0,3,3
GBH LAW LIMITED,0,0,0,3,3
GD LEGAL SOLICITORS LTD,0,0,0,3,3
GELBERGS LLP,0,0,0,3,3
GJ TEMPLEMAN SOLICITORS LIMITED,0,0,0,3,3
GODWINS SOLICITORS LLP,0,0,0,3,3
GOODMAN DERRICK LLP,0,0,0,3,3
GORDONS PARTNERSHIP LLP,0,0,1,2,3
GRAEME TAYLOR SOLICITORS LIMITED,0,0,0,3,3
GRANT SAW,0,0,0,3,3
GRANVILLE WEST CHIVERS & MORGAN,0,0,2,1,3
GREATHEAD AND WHITELOCK SOLICITORS,0,0,0,3,3
GROWER FREEMAN,0,0,1,2,3
Gudgeons Prentice,0,0,0,3,3
H&F LEGAL LIMITED,0,0,0,3,3
HANCOCKS SOLICITORS,0,0,1,2,3
HARDMANS SOLICITORS (DEAL),0,0,0,3,3
HAROLD STOCK & CO,0,0,0,3,3
HARROP WHITE VALLANCE & DAWSON,0,0,0,3,3
HATTENS,0,0,0,3,3
HAWKINS RYAN SOLICITORS,0,0,0,3,3
HAY & KILNER,0,0,0,3,3
HB PROPERTY LEGAL LTD,0,0,0,3,3
HENWOOD TWENTY TWO LIMITED,0,0,0,3,3
HEPPENSTALLS,0,0,1,2,3
HETTS JOHNSON WHITING,0,0,0,3,3
HOLDEN & CO,0,0,0,3,3
HOWARD & CO SOLICITORS,0,0,1,2,3
HOWARD FITTON,0,0,0,3,3
HUMBLE & CLARK LEGAL SERVICES LLP,0,0,0,3,3
HUNTON & GARGET,0,0,0,3,3
HUTTONS,0,0,0,3,3
J A SIMON & CO,0,0,0,3,3
J SCOLLAN & CO,0,0,0,3,3
JACOBS & REEVES,0,0,0,3,3
Janet Middleton,0,0,0,3,3
JC LAWYERS LIMITED,0,0,0,3,3
JENNIFER MELLY LAW,0,0,0,3,3
JENNINGS PERKS & CO,0,0,0,3,3
JOHAR & COMPANY,0,0,0,3,3
JOHN COPLAND & SON,0,0,0,3,3
JOHN LAWSON,0,0,0,3,3
JOHNSONS SOLICITORS LIMITED,0,0,0,3,3
JUDGE SYKES FRIXOU,0,0,0,3,3
KASH TUTTER & CO,0,0,0,3,3
KEELYS,0,0,0,3,3
KENNARD WELLS,0,0,0,3,3
KENNETH JONES SOLICITORS,0,0,0,3,3
KENWRIGHT & LYNCH,0,0,0,3,3
KILVINGTON SOLICITORS,0,0,2,1,3
KING & CO,0,1,0,2,3
KLB SOLICITORS LLP,0,0,0,3,3
KRISH RATNA & CO SOLICITORS,0,0,0,3,3
KTS LEGAL,0,0,0,3,3
LAING LAW,0,0,0,3,3
LAND LAW LLP,0,0,0,3,3
LAURUS LAW LIMITED,0,0,0,3,3
Lawcomm Solicitors,0,0,0,3,3
LAWLIGHT SOLICITORS LIMITED,0,0,0,3,3
LAWSON-WEST,0,0,0,3,3
LEEDS CITY COUNCIL,0,0,0,3,3
LESTER CAMPBELL LLP,0,0,0,3,3
LETCHERS SOLICITORS,0,0,0,3,3
LEWIS DENLEY LIMITED,0,0,0,3,3
LLEWELLYN JONES LIMITED,0,0,1,2,3
LONGDEN WALKER & RENNEY,0,0,0,3,3
LOUISE GREER LLB,0,0,0,3,3
LOWICK MCKAY,0,0,1,2,3
LU OLIPHANT SOLICITORS,0,0,0,3,3
LYONS,0,0,0,3,3
MANAK,0,0,1,2,3
MANNERS PIMBLETT SOLICITORS,0,0,0,3,3
MARSHALL HALL & LEVY,0,0,0,3,3
MASON & CO SOLICITORS (ALTRINCHAM),0,0,0,3,3
MATRIX SOLICITORS LTD,0,0,0,3,3
MATWALA VYAS,0,0,1,2,3
MAWDSLEYS,0,0,0,3,3
MAYER BROWN INTERNATIONAL LLP,0,0,0,3,3
MCKEAG & CO,0,0,0,3,3
MCPHERSONS,0,0,1,2,3
MCS PROPERTY LIMITED,0,0,0,3,3
MEADE KING,0,0,0,3,3
MERRICKS SOLICITORS (WADEBRIDGE),0,0,0,3,3
MERRYWEATHER WILLIAMS,0,0,1,2,3
MICHAEL J WEY & CO,0,0,0,3,3
MILLER PARRIS,0,0,0,3,3
MILLS CURRY,0,0,0,3,3
MILWYN JENKINS & JENKINS,0,0,2,1,3
MINAHAN HIRST & CO LIMITED,0,0,0,3,3
MIRZA SOLICITORS,0,0,0,3,3
MLL LIMITED,0,0,1,2,3
MOLESWORTHS BRIGHT CLEGG,0,0,0,3,3
MORGAN KELLY SOLICITORS LTD,0,0,0,3,3
MORGANS,0,0,1,2,3
Morris & Bates,0,0,0,3,3
MOSELEYS,0,0,0,3,3
MS LAW LLP,0,0,0,3,3
MSP LEGAL SERVICES LLP,0,0,1,2,3
MUCKLE LLP,0,0,0,3,3
MUNDYS,0,0,1,2,3
NATIONAL LAW PARTNERS LIMITED,0,0,0,3,3
NATIONAL LAW PARTNERS LIMITED,0,0,0,3,3
NELSON MYATT SOLICITORS LLP,0,0,0,3,3
NEWSTEAD & WALKER,0,0,1,2,3
NICHOLAS & CO,0,0,0,3,3
NICHOLSON & MORGAN (INC BLACKETT & CO),0,0,0,3,3
NORMAN H BARNETT,0,0,1,2,3
NORTON CONNOR LIMITED,0,0,1,2,3
NWL SOLICITORS,0,0,0,3,3
OGLETHORPE STURTON & GILLIBRAND SOLICITORS,0,0,0,3,3
OLA LESLIE SOLICITORS,0,0,0,3,3
ORMRODS SOLICITORS & ADVOCATES LTD,0,0,0,3,3
OWEN & CO,0,0,0,3,3
PAINTERS,0,0,0,3,3
PALMER HODGSON & HEYES,0,0,0,3,3
PARRY LAW,0,0,0,3,3
PAUL DODDS SOLICITORS,0,0,0,3,3
PAUL FINN SOLICITORS,0,0,1,2,3
PAYNE & GAMAGE WITH COLTON & FRANKS,0,0,0,3,3
PBS SOLICITORS,0,0,0,3,3
PEACE REVITT,0,0,0,3,3
PEARSON HARDS,0,0,0,3,3
PEPPERS SOLICITORS LLP,0,0,0,3,3
PERCY SHORT & CUTHBERT,0,0,0,3,3
PERFECTLY LEGAL LLP,0,0,0,3,3
PERRY HAY & CO,0,0,1,2,3
PETHERBRIDGE BASSRA SOLICITORS LTD,0,0,0,3,3
POOLEYS SOLICITORS LLP,0,0,0,3,3
POPE & CO (KENT),0,0,0,3,3
POSADA & CO SOLICITORS,0,0,1,2,3
POWELL DAVIES SOLICITORS LTD,0,0,0,3,3
POWELL EDDISON FREEMAN & WILKS,0,0,0,3,3
POWELLS LAW LLP (WALTON),0,0,0,3,3
PRESTON REDMAN LLP,0,0,0,3,3
PRIVATE OFFICE LEGAL SERVICES LTD,0,0,0,3,3
PUDSEY LEGAL,0,0,1,2,3
PURE PROPERTY LAW LLP,0,0,0,3,3
QUANTICKS,0,0,0,3,3
R G LEGAL,0,0,1,2,3
R R WILLIAMS & SON,0,0,0,3,3
RAINER HUGHES (INCORPORATING ANAMI LAW),0,0,0,3,3
READ COOPER LTD,0,0,0,3,3
REDFERNS SOLICITORS (MIDDLESEX),0,0,1,2,3
REGULATORY LAW LIMITED,0,0,0,3,3
RICE JONES & SMITHS,0,0,0,3,3
RICHARDS SOLICITORS,0,0,0,3,3
RILEY LANGDON SOLICITORS,0,0,0,3,3
RJR SOLICITORS LIMITED,0,0,0,3,3
ROACH PITTIS,0,0,1,2,3
ROBERT SIMMONS LEGAL SERVICES LIMITED,0,0,0,3,3
ROHAN SOLICITORS LLP,0,0,0,3,3
ROYDS WITHY KING LLP,0,0,2,1,3
RUTTERS,0,0,0,3,3
SABZ SOLICITORS LLP,0,0,0,3,3
SAL & CO,0,0,0,3,3
SAMBLE BURTON & WORTH,0,0,0,3,3
SAUNDERS ROBERTS SOLICITORS,0,0,0,3,3
SELECT CONVEYANCERS LTD,0,0,0,3,3
SHARRATTS (LONDON) SOLICITORS,0,0,3,0,3
SHERWOOD-SMITH TILLEY & CO,0,0,1,2,3
SHRANKS SOLICITORS,0,0,0,3,3
SMITH & GRAHAM,0,0,0,3,3
ST HELENS LAW LIMITED,0,0,1,2,3
ST JAMES LAW LIMITED,0,0,0,3,3
STACHIW BASHIR GREEN,0,0,0,3,3
STANDLEY & CO,0,0,0,3,3
STEELE & SON WITH BAGOT HEYES,1,0,0,2,3
STEPHENSONS (BRIERLEY HILL/WOLVERHAMPTON),0,0,1,2,3
STUART FANTHAM,0,0,1,2,3
SUTHERLAND & CO LAW LIMITED,0,0,0,3,3
TAYLORS (REDDITCH),0,0,0,3,3
TC SMITH SOLICITORS LLP,0,0,0,3,3
TEACHER STERN LLP,0,0,0,3,3
TEMPLE HEELIS,0,0,0,3,3
TERENCE WILLEY & CO,0,0,0,3,3
THE ELLEN COURT PARTNERSHIP,0,0,1,2,3
THOMAS GUISE,0,0,0,3,3
THOMPSON ALLEN LLP,0,0,0,3,3
THOMPSON SMITH & PUXON,0,0,0,3,3
THOS BOYD WHYTE (INC STUART HURRION & GREEN),0,0,0,3,3
TIERNEY & CO,0,0,2,1,3
TLJ LAW LIMITED,0,0,0,3,3
TML SOLICITORS LIMITED,0,0,0,3,3
TOWNS NEEDHAM SOLICITORS LTD,0,0,0,3,3
TREVOR THOMAS SCOTT & JENKINS,0,0,1,2,3
URBANPOINT PROPERTY MANAGEMENT LTD,0,0,0,3,3
Valentine Conveyancers Limited,0,0,1,2,3
VANDERPUMP & SYKES LLP,0,0,0,3,3
VANESSA NEWMAN PROP LAWYERS LTD,0,0,0,3,3
VAS & CO,0,0,0,3,3
WAKEFIELD & DISTRICT HOUSING LTD,0,0,3,0,3
WALKER WISE LTD,0,0,0,3,3
"WALKERS SOLICITORS LIMITED (BACUP RD, LANCS))",0,0,1,2,3
WALLER POLLINS,0,0,0,3,3
WALTER GRAY & CO,0,0,0,3,3
WALTER WILSON RICHMOND,0,0,0,3,3
WARD & RIDER,0,0,0,3,3
WATKINS & GUNN PARTNERSHIP,0,0,0,3,3
WHITE & CO,0,0,0,3,3
WIDDOWS PILLING & CO,0,0,0,3,3
WILDINGS,0,0,0,3,3
WILFRIDS LAW LIMITED,0,0,0,3,3
WILLIAM HARRIS SOLICITORS,0,0,0,3,3
WILLIAM HEATH & CO,0,0,0,3,3
WILLIAMS BEALES & CO,0,0,0,3,3
WILLIAMSON & BARNES,0,0,0,3,3
WILLSONS SOLICITORS,0,0,0,3,3
WILSON BRAMWELL LTD,0,0,1,2,3
WILSON DAVIES,0,0,0,3,3
Windeatts,0,0,0,3,3
WOOD SHERWOOD SOLICITORS,0,0,0,3,3
WOODWARDS,0,0,0,3,3
WOOLLEY BEARDSLEYS & BOSWORTH,0,0,0,3,3
WORTHINGTONS,0,0,0,3,3
WRIGHT & LORD SOLICITORS,0,0,1,2,3
WTB SOLICITORS,0,0,0,3,3
YARWOOD STIMPSON,0,0,0,3,3
A R BROWN & CO,0,0,0,2,2
A.S MATTHEWS LTD (OFFICE ACCOUNT),0,0,0,2,2
ABC WORCESTER LTD,0,0,0,2,2
ABRAHAMS DRESDEN LLP,0,0,0,2,2
ABS SOLICITORS LLP,0,0,0,2,2
ABSOLUTE LEGAL LIMITED,0,0,0,2,2
ACKLAND & CO,0,0,0,2,2
ADAMS DELMAR,0,0,0,2,2
ADDIES SOLICITORS,0,0,0,2,2
ADDLESTONE KEANE,0,0,0,2,2
AIM LEGAL LIMITED,0,0,0,2,2
AKL SOLICITORS,0,0,0,2,2
AL HUGHES & CO,0,0,0,2,2
ALAN SIMPSON & CO,0,0,0,2,2
ALLAN JAY PAINE & CO,0,0,0,2,2
Andrew & Co LLP,0,0,2,0,2
ANDREWS RITSON LIMITED,0,0,0,2,2
ANTHONY CARROLL & CO,0,0,1,1,2
ANTHONY HARRIS,0,0,0,2,2
AP SOLICITORS LIMITED,0,0,0,2,2
APC SOLICITORS,0,0,0,2,2
ARCHER RUSBY LLP SOLICITORS,0,0,0,2,2
ARMITAGE & GUEST,0,0,0,2,2
ARTHUR JACKSON & CO,0,0,0,2,2
ASAMA JAVED T/A REISS SOLICITORS,0,0,0,2,2
ASHLEY ALEXANDER LIMITED,0,0,0,2,2
ASHURST LLP,0,0,2,0,2
Ashworths Solicitors,0,0,0,2,2
ASTUTE DYNAMIC LTD,0,0,0,2,2
ASTWOOD LAW,0,0,0,2,2
ATKINS & CO,0,0,1,1,2
ATKINS HOPE LLP,0,0,0,2,2
AUSTIN & CARNLEY,0,0,0,2,2
AVELEY CONVEYANCING LIMITED,0,0,0,2,2
AXIS LEGAL SERVICES LIMITED,0,0,0,2,2
B P COLLINS & CO,0,0,0,2,2
BAILEY & CO,0,0,1,1,2
BAILEY & COGGER,0,0,0,2,2
BAKER MACDONALD,0,0,0,2,2
BALDWIN & ROBINSON LAW LLP,0,1,0,1,2
BANAHAN ROGERS SMITH LIMITED,0,0,0,2,2
BARNETT ALEXANDER CONWAY INGRAM LLP,0,0,0,2,2
BARROW & COOK,0,0,0,2,2
BARRY & CO,0,0,0,2,2
BATCHELORS SOLICITORS,0,0,0,2,2
BATES & MOUNTAIN SOLICITORS,0,0,1,1,2
BEECHAM PEACOCK LLP,0,0,0,2,2
BENJAMIN LAW COMPANY LIMITED,0,0,0,2,2
BENNETT SMITH PARTNERSHIP,0,0,0,2,2
BENTLEYS,0,0,1,1,2
BERWINS,0,0,0,2,2
BHAKAR TOMLINSON,0,0,0,2,2
BHB LAW LLP,0,0,0,2,2
BIRD & BIRD,0,0,0,2,2
BLACKHURST SWAINSON GOODIER,0,0,1,1,2
BLACKSTONE SOLICITORS,0,0,0,2,2
BLOCKS SOLICITORS,0,0,0,2,2
BOBBETTS MACKAN,0,0,0,2,2
BOWCOCK & PURSAILL,0,0,0,2,2
BOWLES & CO,0,0,0,2,2
BRADFORD & SON,0,0,0,2,2
BRADLY TRIMMER,0,0,0,2,2
BRAR & CO,0,0,0,2,2
BRENNANS SOLICITORS,0,0,0,2,2
BRIAN MACKENOW & CO,0,0,0,2,2
BRINDLEY TWIST TAFFT & JAMES,0,0,0,2,2
BROADACRES HOUSING ASSOCIATION LTD,0,0,0,2,2
BROWN HOLLIDAY & CLEMENTS,0,0,0,2,2
BROWN TURNER ROSS,0,0,0,2,2
BTMK SOLICITORS LLP,0,0,0,2,2
BUCHANAN & CO,0,0,0,2,2
BUDE NATHAN IWANIER,0,0,1,1,2
BULL & BULL,0,0,0,2,2
BURLEY & GEACH,0,0,0,2,2
BURNETT BARKER,0,0,1,1,2
BURNINGHAM & BROWN,0,0,0,2,2
BURROUGH'S,0,0,0,2,2
BYWATERS TOPHAM PHILLIPS,0,0,1,1,2
C. NICHOLLS SOLICITORS,0,0,0,2,2
CAERPHILLY COUNTY BOROUGH COUNCIL,0,0,0,2,2
CALLIDUS LAW LIMITED,0,0,0,2,2
CANTOR LAW LIMITED,0,0,0,2,2
CAPRON & HELLIWELL,0,0,0,2,2
CAPSTONE SOLICITORS,0,0,0,2,2
Carlyon & Son,0,0,0,2,2
CARTMELL & CO LIMITED,0,0,1,1,2
CARTRIDGES,0,0,1,1,2
CATHCART & CO,0,0,0,2,2
CAUNTERS,0,0,0,2,2
CAVERSHAM SOLICITORS LTD,0,0,0,2,2
CG PROFESSIONAL LIMITED,0,0,0,2,2
CHAMBERS SOLICITORS,0,0,0,2,2
CHAN NEILL,0,0,1,1,2
CHARLES CLARKE & CO,0,0,0,2,2
CHARLES DOUGLAS SOLICITORS,0,0,0,2,2
CHEETHAMS,0,0,0,2,2
CHESTER & CO,0,0,1,1,2
CHESWORTHS,0,0,0,2,2
CHILTERN LEGAL LIMITED,0,0,0,2,2
CHURCH LANE SOLICITORS,0,0,0,2,2
CIAMPA SOLICITORS,0,0,0,2,2
CLARKE AND HARTLAND SOLICITORS,0,0,0,2,2
CLB LAWYERS,0,0,0,2,2
CLEMENTS & CO SOLICITORS,0,0,0,2,2
CLIFTON INGRAM LLP,0,0,0,2,2
CLUTTON COX,0,0,0,2,2
CLYDE CHAPPELL & BOTHAM,0,0,0,2,2
COCKSHOTT PECK LEWIS,0,0,0,2,2
COHEN FILIPPINI SOLICITORS,0,0,2,0,2
COOLE BEVIS LLP,0,0,0,2,2
COOPER NIMMO,0,0,0,2,2
COOPER STOTT SOLICITORS,0,0,0,2,2
CORE LAW GROUP LLP,0,0,0,2,2
CORNWALL COUNCIL,0,0,0,2,2
CROSS RAM & CO,0,0,0,2,2
CRUICKSHANKS,0,0,0,2,2
CURTIS PARKINSON,0,0,0,2,2
D C KAYE & CO,0,0,0,2,2
DAKERS GREEN BRETT,0,0,0,2,2
DAVID JAMES & COMPANY,0,0,0,2,2
DAVID WARREN JONES,0,0,1,1,2
DAVIS GREGORY LIMITED,0,0,1,1,2
DDE LAW SOLICITORS,0,0,0,2,2
DG LAW,0,0,0,2,2
DICKSONS SOLICITORS LTD,0,0,0,2,2
DIXON WARD,0,0,0,2,2
DJK SOLICITORS,0,0,0,2,2
DODD LEWIS,0,0,0,2,2
DONCASTER BOROUGH COUNCIL,0,0,0,2,2
DPM LEGAL SERVICES LIMITED,0,0,0,2,2
DRIVER BELCHER,0,0,0,2,2
DRUITTS,0,0,0,2,2
DUNCAN A PICKERING SOLICITOR,0,0,1,1,2
DUNCAN RANN ASSOCIATES LIMITED,0,0,0,2,2
E J MOYLE & CO,0,0,0,2,2
EDWARD CONNOR SOLICITORS,0,0,0,2,2
EDWARD HARTE LLP,0,0,0,2,2
EDWARDS WILLOBY & LOCH LIMITED,0,0,0,2,2
EFCIS LAW LIMITED,0,0,0,2,2
ELGEE PINKS,0,0,0,2,2
ELLIOTS BOND & BANBURY,0,0,0,2,2
ELS LAW LIMITED,0,0,0,2,2
EQUILAW LTD,0,0,0,2,2
EVANS POWELL & CO,0,0,0,2,2
F W MEGGITT & CO,0,0,1,1,2
FAEGRE BAKER DANIELS LLP,0,0,0,2,2
FAHRI LLP,0,0,0,2,2
FAMILY LAW CONSULTANTS,0,0,0,2,2
FAVELL SMITH & LAWSON,0,0,1,1,2
FCFM GROUP LIMITED,0,0,0,2,2
FENTIMANS,0,0,0,2,2
FORBES HALL LLP,0,0,0,2,2
FOSTER HARRINGTON,0,0,0,2,2
FRANCES LINDSAY & CO,0,0,0,2,2
FRAZINE JOHNSON SOLICITORS,0,0,0,2,2
FREEDMAN GREEN DHOKIA,0,0,0,2,2
FREEMAN BOX,0,0,1,1,2
FRESHWATER PROPERTY MANAGEMENT LTD,0,0,0,2,2
FSL SOLICITORS LTD,0,0,0,2,2
GABB & CO,0,0,0,2,2
GABB LEGAL LTD,0,0,0,2,2
GABBITAS ROBINS SOLICITORS,0,0,1,1,2
GANDECHA & PAU,0,0,0,2,2
GARDNER CROFT,0,0,0,2,2
GARETH WEBB & CO LLP,0,0,0,2,2
GARNER & HANCOCK,0,0,0,2,2
GAYNOR-SMITH OWEN AND CO,0,0,0,2,2
GEDYE & SONS (SOLICITORS) LTD,0,0,0,2,2
GENTOO GROUP LIMITED,0,0,0,2,2
GEOFFREY TEW & CO,0,0,0,2,2
GIBSON & CO,0,0,0,2,2
GILLESPIES,0,0,0,2,2
GILROY STEEL,0,0,2,0,2
GLASSBROOKS LTD,0,0,1,1,2
GOODY BURRETT LLP,0,0,1,1,2
GORDON DADDS,0,0,1,1,2
GOUGH THORNE SOLICITORS LLP,0,0,0,2,2
GOULD & SWAYNE,0,0,0,2,2
GRAHAM DAWSON & CO,0,0,0,2,2
GRAHAM EVANS & PARTNERS,0,0,0,2,2
GREATER LONDON SOLICITORS,0,0,0,2,2
GREENWOODS SOLICITORS,0,0,1,1,2
GRYLLS & PAIGE,0,0,1,1,2
GUILLAUMES LLP,0,0,1,1,2
GWYNNE HUGHES SOLICITORS,0,0,0,2,2
H VAUGHAN VAUGHAN & CO,0,0,0,2,2
HADGKISS HUGHES & BEALE,0,0,0,2,2
HAINES CONVEYANCING,0,0,0,2,2
HALL AND BIRTLES LIMITED,0,0,0,2,2
HALL REYNOLDS,0,0,0,2,2
HANNEY DAWKINS & JONES,0,0,0,2,2
HANSLIP WARD & COMPANY LIMITED,0,0,0,2,2
HARDMAN & WHITTLES,0,0,0,2,2
HAROLD BELL & CO,0,0,1,1,2
HARRISONS SOLICITORS LLP (POWYS),0,0,0,2,2
HAWKRIDGE & CO,0,0,0,2,2
HCB BERRY & BERRY LTD,0,0,0,2,2
HENNING SOLICITORS,0,0,0,2,2
HERBERT SMITH FREEHILLS LLP,0,0,1,1,2
HERITAGE SOLICTORS,0,0,0,2,2
HILL & COMPANY,0,0,0,2,2
HILLFORT LAW FIRM,0,0,1,1,2
HOLT & LONGWORTH,0,0,0,2,2
HOOPER BURROWES LEGAL,0,0,0,2,2
HORTON & MOSS,0,0,0,2,2
HOUSING AND PROPERTY LAW PARTNERSHIP,0,0,0,2,2
HOWARD & OVER,0,0,0,2,2
HOWARD GREEN LLP,0,0,0,2,2
HOWELL JONES & CO,0,0,0,2,2
HUDGELL & PARTNERS,0,0,0,2,2
HUGH WILLIAMS SON & CO,0,0,0,2,2
HUGHES JENKINS,0,0,0,2,2
HUMD SOLICITORS,0,0,0,2,2
HUNT & HUNT,0,0,0,2,2
HUNT & WRIGLEY,0,0,0,2,2
HUSBAND FORWOOD MORGAN,0,0,1,1,2
HUTCHINS & CO,0,0,0,2,2
IKON LAW,0,0,0,2,2
INCOMMUNITIES GROUP LIMITED,0,0,2,0,2
INFIELDS,0,0,0,2,2
IRVINGS SOLICITORS (HARROW),0,0,1,1,2
ISABELLE E RASTALL,0,0,0,2,2
ISMAIL & GHANI,0,0,0,2,2
J GARRARD & ALLEN,0,0,0,2,2
J R JONES,0,0,0,2,2
J TALBOT WARWICK & BARKER,0,0,0,2,2
JACKSON BRIERLEY HUDSON STONEY,0,0,1,1,2
JANE HARTLEY ASSOCIATES LIMITED,0,0,0,2,2
JARMANS SOLICITORS,0,0,0,2,2
JC SOLICITORS LTD,0,0,0,2,2
JENNINGS SOLICITORS,0,0,0,2,2
JOHN WHITTLE ROBINSON,0,0,0,2,2
JOHNS GILBERT & FRANKTON,0,0,1,1,2
JOHNSON CRILLY SOLICITORS LLP,1,0,0,1,2
JORDANS SOLICITORS LLP (DONCASTER),0,0,0,2,2
JOSEPH A JONES AND CO,0,0,0,2,2
JS LAW LIMITED,0,0,0,2,2
K R CONVEYANCING SERVICES LTD,1,0,0,1,2
K W HUBBARD & CO,0,0,0,2,2
K4 LAW,0,0,0,2,2
KAVANAGH & CO,0,0,0,2,2
KEENE & KELLY,0,0,0,2,2
KEITH R THOMPSON & CO,0,0,0,2,2
KETTERING BOROUGH COUNCIL,0,0,0,2,2
KEVILLS,0,0,0,2,2
KIM BETTS & COMPANY,0,0,0,2,2
KINGSGUARD LEGAL LTD,0,0,0,2,2
KINGSLEY NAPLEY,0,0,0,2,2
KITCHING WALKER SOLICITORS,0,0,1,1,2
KJL SOLICITORS,0,0,0,2,2
KLOOSMANS,0,0,0,2,2
KOSTICK HANAN HERSKOVIC,0,0,0,2,2
KPL SOLICITORS LIMITED,0,0,0,2,2
LAND GRAHAM PARTNERSHIP LLP,0,0,0,2,2
LAURENCE LEE & CO SOLS,0,0,0,2,2
LAWSON & THOMPSON,0,0,0,2,2
LAYZELLS,0,0,0,2,2
LE GROS SOLICITORS LLP,0,0,0,2,2
LEGAL SOLUTIONS ADVOCATES & SOLS,0,0,0,2,2
LINGS,0,0,0,2,2
LISA TONGE SOLICITORS,0,0,0,2,2
LIVINGSTONS,0,0,0,2,2
LLOYD EVANS LLP,0,0,2,0,2
LONDON BOROUGH OF BARKING & DAGENHAM,0,0,0,2,2
LOXLEY SOLICITORS LIMITED,0,0,2,0,2
LUNDYS,0,0,1,1,2
LYNNE THORNTON,0,0,1,1,2
LYNWOOD SOLICITORS,0,0,0,2,2
M R SOLICITORS LLP,0,0,0,2,2
M&H LEGAL LTD,0,0,0,2,2
MACROBERTS LLP,0,0,2,0,2
MADGE LLOYD & GIBSON,0,0,0,2,2
MAFFEY & BRENTNALL,0,0,0,2,2
MALEKIN LAW,0,0,0,2,2
MANCHESTERS,0,0,0,2,2
MAPLES TEESDALE,0,0,0,2,2
MARK COOK,0,0,0,2,2
MARK GRASSAM SOLICITORS,0,0,0,2,2
MARTIN & STRAIN,0,0,0,2,2
MASON & BEER,0,0,0,2,2
MATHIAS GENTLE PAGE HASSAN LLP,0,0,1,1,2
MATTHEW WAITE & CO,0,0,1,1,2
MCTAGGART SOLICITORS,0,0,0,2,2
MEDLOCK SOLICITORS LIMITED,0,0,0,2,2
MEINIR EVANS LAW PRACTICE,0,0,1,1,2
MELIA & MUMFORD,0,0,0,2,2
MEMERY CRYSTAL LLP,0,0,0,2,2
MERRILS EDE,0,0,0,2,2
MG LEGAL SOLUTIONS,0,0,0,2,2
MGC SOLICITORS,0,0,0,2,2
MICHAEL HIGGS AND COMPANY,0,0,0,2,2
MIDDLETON DUMMER & CO,0,0,0,2,2
MILES HUTCHINSON & LITHGOW,0,0,0,2,2
MILLER EVANS & CO,0,0,0,2,2
MOHABIRS,0,0,0,2,2
MORGAN & WISEMAN SOLICITORS LTD,0,0,0,2,2
MORRIS HOMES LIMITED,0,0,0,2,2
MRS CHANDRA SOMASUNTHARAM,0,0,0,2,2
MT UK SOLICITORS LIMITED,0,0,1,1,2
MULCAHY SMITH,0,0,0,2,2
MZ LAW SOLICITORS LIMITED,0,0,0,2,2
NAISH ESTATE AGENTS AND SOLICITORS LTD,0,0,0,2,2
NEALE TURK ROCHFORT,0,0,1,1,2
NEEDLE PARTNERS LIMITED,0,0,0,2,2
NGA SOLICITORS,0,0,0,2,2
NICHOLSONS SOLICITORS LLP,0,0,0,2,2
NIGEL BRADLEY,0,0,0,2,2
NORCROSS LEES & RICHES,0,0,0,2,2
NORTH YORKSHIRE LAW,0,0,0,2,2
OBASEKI SOLICITORS,0,0,0,2,2
OMNIALEGAL LIMITED,0,0,0,2,2
ONIONS & DAVIES,0,0,0,2,2
OPTIMAL CLAIM LIMITED,0,0,0,2,2
OSBORNE MORRIS & MORGAN,0,0,0,2,2
P E P HONKE,0,0,0,2,2
P G LEGAL LIMITED,0,0,0,2,2
PALMERS SOLICITORS BEDFORD LIMITED,0,0,0,2,2
PARKLANDS PROPERTY LAWYERS LIMITED,0,0,0,2,2
PATRICK LAWRENCE SOLICITORS,0,0,0,2,2
PAUL HASTINGS JANOFSKY & WALKER,0,0,0,2,2
PAYNE HICKS BEACH,0,0,0,2,2
PCM SOLICITORS,0,0,0,2,2
PEARSON & CAULFIELD,0,0,0,2,2
PEARSON HINCHLIFFE LLP,0,0,0,2,2
PETER BREARLEY LIMITED,0,0,0,2,2
PETER D GREENHALGH,0,0,0,2,2
PHEBY & CO,0,0,0,2,2
PHILIP AVERY & CO,0,0,0,2,2
PHOTIADES,0,0,0,2,2
PINDORIA SOLICITORS LIMITED,0,0,0,2,2
PLACE BLAIR & HATCH,0,0,0,2,2
POCOCK'S,0,0,0,2,2
PORTER DODSON LLP,0,0,0,2,2
POWELL & CO (SUTTON COALFIELD),0,0,0,2,2
PROBERT LAW,0,0,0,2,2
PROGRESSION SOLICITORS,0,0,0,2,2
QORE LEGAL LTD,0,0,0,2,2
R A WILKINSON,0,0,0,2,2
R GEORGE DAVIES & CO,0,0,0,2,2
RANDLE THOMAS LLP,0,0,0,2,2
RAWORTHS LLP,0,0,0,2,2
RAYMOND SAUL & CO,0,0,0,2,2
RED ROSE LAW SOLICITORS LIMITED,0,0,0,2,2
REDBIRD CONVEYANCING,0,0,0,2,2
REGLER & COMPANY,0,0,1,1,2
RENATA STEGGLES,0,0,1,1,2
REYNOLDS PARRY JONES LLP,0,0,1,1,2
RHW SOLICITORS,0,0,0,2,2
RICHARD J KNAGGS,0,0,0,2,2
RICHARD KANANI & CO,0,0,0,2,2
RICHARD REED & CO,0,0,0,2,2
RICHARDSON LAW LLP,0,0,0,2,2
RIGHT LAW,0,0,0,2,2
RIVERGATE LEGAL LTD,0,0,0,2,2
RKS SOLICITORS (DEWSBURY) LIMITED,0,0,0,2,2
ROEBUCKS SOLICITORS,0,0,1,1,2
RONALDSONS,0,0,0,2,2
ROYSTON JAMES BRIEN,0,0,0,2,2
RUDDS,0,0,1,1,2
RUTH MOORES & CO,0,0,1,1,2
S A YOUNIS SOLICITOR,0,0,0,2,2
S E LAW LIMITED,0,0,0,2,2
SACKVILLES,0,0,0,2,2
SAMUELS & CO SOLICITORS,0,0,0,2,2
SAMUELS SOLICITORS,0,0,0,2,2
SANDHILL SOLICITORS,0,0,0,2,2
SANDOM ROBINSON,0,0,0,2,2
SARAH JANE PERT,0,0,1,1,2
SAVAGE CRANGLE SOLICITORS,0,0,1,1,2
SAYERS,0,0,0,2,2
SCOTT BAILEY LLP,0,0,0,2,2
SCOTT FOWLER,0,0,0,2,2
SELDONS LLP,0,0,0,2,2
SEP PROPERTIES LIMITED,0,0,0,2,2
SEWELL MULLINGS & LOGIE LLP,0,0,0,2,2
SHAHID RAHMAN,0,0,0,2,2
SHERIDAN & STRETTON,0,0,0,2,2
SHORT RICHARDSON & FORTH LLP,0,0,1,1,2
SIDLEY AUSTIN LLP,0,0,0,2,2
SIMMONS & SIMMONS,0,0,0,2,2
SINGLETONS AUSTIN RYDER,0,0,0,2,2
SJP SOLICITORS,0,0,0,2,2
SLAUGHTER & MAY,0,0,0,2,2
SOUTHERN STEWART & WALKER,0,0,0,2,2
SP LAW,0,0,0,2,2
SPECTOR CONSTANT & WILLIAMS LTD,0,0,0,2,2
SPENCER DAVIES,0,0,1,1,2
STAMP JAMES LLP,0,0,1,1,2
STAPLETON & SON,0,0,0,2,2
STEPHEN RICHARD PETER LLP,0,0,0,2,2
SUSAN COTTER & CO,0,0,0,2,2
SYLVIA PARSONAGE T/A PARSONAGE & CO,0,0,1,1,2
SYMONS GAY & LELAND LLP,0,0,0,2,2
TAGGART LEGAL SERVICES LIMITED,0,0,0,2,2
TAYLOR FAWCETT,0,0,0,2,2
TAYLOR FORDYCE LIMITED,0,0,0,2,2
THE LAW FIRM GROUP LTD,0,0,1,1,2
THE OAKLEY SHEE PARTNERSHIP,0,0,0,2,2
THIRTEEN HOUSING GROUP LIMITED,0,0,2,0,2
THOMAS SAUL & CO,0,0,0,2,2
THORNE SEGAR,0,0,0,2,2
THORPE & CO SOLICITORS,0,0,0,2,2
TOWN & COUNTRY PROPERTY LAWYERS,0,0,0,2,2
TYNDALLWOODS,0,0,0,2,2
V E WHITE & CO LTD,0,0,0,2,2
VERISONA LIMITED,0,0,0,2,2
VICTOR AIGBOGUN,0,0,0,2,2
VINCENT YEE SOLICITORS LTD,0,0,0,2,2
VIVASH BRAND LLP,0,0,1,1,2
W DAVIES LLP,0,0,1,1,2
W H DARBYSHIRE LIMITED,0,0,0,2,2
W W & J MCCLURE,0,0,0,2,2
WAINHOMES (NORTH WEST) LTD,0,0,0,2,2
WALLER NEEDHAM & GREEN,0,0,0,2,2
WALTERS & BARBARY,0,0,1,1,2
WATERMANS,0,0,0,2,2
WAUGHS,0,0,0,2,2
WELLERS,0,0,1,1,2
WELLERS (HEDLEYS),0,0,1,1,2
WHEELERS LLP,0,0,0,2,2
WHITMORE LAW,0,0,0,2,2
WILLIAM PARRY & CO,0,0,0,2,2
WILMOT & CO SOLICITORS LLP,0,0,0,2,2
WOODFORDS,0,0,0,2,2
WOODLAND ROTHBURY JESSEL SOLS LTD,0,0,0,2,2
WRIGHT & CO SOLICITORS (HARPENDEN),0,0,0,2,2
WRIGLEYS,0,0,1,1,2
WSM SOLICITORS,0,0,0,2,2
WT LAW LLP,0,0,0,2,2
WYKEHAM-HURFORD SHEPPARD & SON,0,0,0,2,2
YA & CO SOLICITORS LIMITED,0,0,0,2,2
A K GULATI & CO,0,0,0,1,1
A KAY PIETRON & PALUCH,1,0,0,0,1
A M DAVIES,0,0,0,1,1
A P BASSETT SOLICITORS,0,0,0,1,1
A P MALAM,0,0,0,1,1
A SHADE GREENER,0,0,0,1,1
ABBOTT & CO,0,0,0,1,1
ABBOTT SOLICITORS LLP,0,0,0,1,1
ABSOLUTE CONVEYANCING LIMITED,0,0,0,1,1
ACCOUNTANCY SOLUTIONS (UK) LIMITED,0,0,0,1,1
ACER SOLICITORS,0,0,0,1,1
ACHILLEA & CO,0,0,0,1,1
ACKERS SOLICITORS,0,0,0,1,1
ACUTE CONVEYANCING LTD,0,0,0,1,1
ADAM SOFI SOLICITORS,0,0,0,1,1
ADCOCKS,0,0,1,0,1
ADLAMS,0,0,0,1,1
ADRIAN STABLES SOLICITORS,0,0,1,0,1
AFFINITY SEVEN LAW SOLICITORS LTD,0,0,0,1,1
AGRI ADVISOR LEGAL LLP,0,0,1,0,1
ALAN SAMUELS & CO,0,0,0,1,1
ALETTA SHAW LLP,0,0,0,1,1
ALFA SOLICITORS,0,0,0,1,1
ALFRED NEWTON & CO,0,0,0,1,1
ALLENS CONVEYANCING,0,0,1,0,1
ALLIED LAW CHAMBERS,0,0,1,0,1
ALLIED SOLICITORS,0,0,0,1,1
AMS SOLICITORS LIMITED,0,0,0,1,1
AMT LAWYERS,0,0,0,1,1
ANDREW BODDY SOLICITORS,0,0,0,1,1
ANDREW HURRELL,0,0,0,1,1
ANDREW KINGSTON & CO,0,0,0,1,1
ANDREW RUGG,0,0,0,1,1
ANDREWS MARTIN,0,0,1,0,1
ANGELS SOLICITORS LLP,0,0,0,1,1
ANGLIAN WATER SERVICES LTD,0,0,1,0,1
ANNE CUTHBERT SOLICITORS,0,0,0,1,1
ANTHONY & JARVIE,1,0,0,0,1
ANTHONY DEVONALD RICHARDS LIMITED,0,0,0,1,1
ANTHONY F COX,0,0,1,0,1
ANTHONY JACOBS & CO,0,0,0,1,1
ANTONY A HOLMES,0,0,0,1,1
APEX ABS LIMITED,0,0,0,1,1
ARCH & CO,0,0,1,0,1
ARDEN SOLICITORS ADVOCATES,0,0,0,1,1
ARLINGTON CROWN,0,0,0,1,1
ARNOLD GREENWOOD SOLICITORS,0,0,0,1,1
ARTIS LEGAL,0,0,0,1,1
ASH CLIFFORD,0,0,0,1,1
ASH SOLICITORS,0,0,0,1,1
ASHTON BOND GIGG,0,0,0,1,1
ASHTONS SOLICITORS LIMITED,0,0,0,1,1
ASPEN COURT SOLICITORS,0,0,0,1,1
ASTBURYS SOLICITORS,0,0,0,1,1
ATA & CO,0,0,0,1,1
ATLANTIC SOLICITORS,0,0,0,1,1
ATTWOODS,0,0,0,1,1
AUSTIN EDWARDS SOLICITORS,0,0,0,1,1
AVERY & WALTERS LIMITED,0,0,0,1,1
AWH LEGAL LTD,0,0,0,1,1
AZMI RANA SOLICITORS,0,0,0,1,1
B I PROPERTIES LIMITED,0,0,0,1,1
B J MCKENNA & CO,0,0,0,1,1
B&M LAW,0,0,0,1,1
BACKHOUSE SOLICITORS,0,0,0,1,1
BAINES WILSON,0,0,1,0,1
BAKER GRAY & CO,0,0,0,1,1
BAKER LAW LLP,0,0,0,1,1
BAKER SKELLY LLP,0,0,0,1,1
BARBER & CO,0,0,0,1,1
BARGATE MURRAY LIMITED,0,0,0,1,1
BARKER GILLETTE,0,0,1,0,1
BARKER GOOCH & SWAILES,0,0,0,1,1
BARNES MARSLAND,0,0,1,0,1
BARNSLEY METROPOLITAN BOROUGH COUNCIL,0,0,0,1,1
BARON GREY LIMITED,0,0,0,1,1
BARRETT & ASSOCIATES,0,0,0,1,1
BARRETT & CO,0,0,0,1,1
BARRETT & THOMSON,0,0,0,1,1
BARRINGTONS,0,0,0,1,1
BATES SOLICITORS LTD,0,0,1,0,1
BATES WELLS & BRAITHWAITE (LONDON),0,0,0,1,1
BATT BROADBENT SOLICITORS LLP,0,0,0,1,1
BAXTERS,0,0,0,1,1
BAZELEY BARNES & BAZELEY,0,0,0,1,1
BBW LAW LLP,0,0,1,0,1
BEACON LEGAL LTD,0,0,0,1,1
BELL & BUXTON LLP,0,0,0,1,1
BELL PARK KERRIDGE LIMITED,0,0,1,0,1
BELLS SOLICITORS (FARNHAM),0,0,1,0,1
BELMONT & LOWE,0,0,0,1,1
BELVEDERES & S FARREN & CO,0,0,0,1,1
BENNETT AND NEWELL NOTARIES LTD,0,0,0,1,1
BENNETT WELCH & CO,0,0,0,1,1
Beor Wilson  Lloyd,0,0,0,1,1
BERKELEY DE VEER LIMITED,0,0,0,1,1
BERRYMANS LACE MAWER LLP,0,0,0,1,1
BEVAN KIDWELL,0,0,0,1,1
BEVAN-EVANS & CAPEHORN,0,0,0,1,1
BEYOND CORPORATE LIMITED,0,0,0,1,1
BIRCH & CO,0,0,0,1,1
BIRMINGHAM CITY COUNCIL,0,0,0,1,1
BLACKSLEGAL LTD,0,0,0,1,1
BLACKSTONE LEGAL LIMITED,0,0,0,1,1
BLACKSTONE SOLICITORS LIMITED (HALE),0,0,1,0,1
BLAIN BOLAND & THOMAS LTD,0,0,0,1,1
BOLTON-JONES & CO,0,0,0,1,1
BONELL & CO,0,0,1,0,1
BOOKERS & BOLTON,0,0,0,1,1
BOTTRILLS,0,0,0,1,1
BOURNE HARRIS LLP,0,0,0,1,1
BOWENS,0,0,0,1,1
BOWERMANS,0,0,1,0,1
BPS SOLICITORS,0,0,0,1,1
BRACHER RAWLINS LLP,0,0,0,1,1
BRADFORD & CO,0,0,0,1,1
BRADLEY & JEFFERIES SOLICITORS LTD,0,0,1,0,1
BRADLEY SAUL SOLICITORS,0,0,1,0,1
BRADSHAWS PROPERTY LAWYERS (THOMAS BRADSHAW),0,0,0,1,1
BRAINS SOLICITORS,0,0,0,1,1
BRIDGE SANDERSON MUNRO,0,0,1,0,1
BRIDGEMAN KETTLE,0,0,0,1,1
BRIGHT LEGAL SOLICITORS LTD,0,0,0,1,1
BRIGHTON & HOVE CITY COUNCIL,0,0,0,1,1
BRISTOWS LLP,0,0,0,1,1
BRODRICK-BARKER & CO,0,0,1,0,1
BROMLEY CLACKETT LIVESLEY LLP,0,0,0,1,1
BROMLEYS SOLICITORS LLP T/A BROMLEYS,0,0,0,1,1
BROOKE-TAYLOR,0,0,0,1,1
BROOKS SOLICITORS,0,0,0,1,1
BROOMFIELDS SOLICITORS LLP,0,0,0,1,1
Broomhead & Saul,0,0,1,0,1
BROWN & VAUTIER,0,0,0,1,1
BRUMELL & SAMPLE,0,0,0,1,1
BRUNSWICK LAW,0,0,0,1,1
BRUNSWICK LAW LTD,0,0,0,1,1
BTF PARTNERSHIP LLP,0,0,1,0,1
BURGESS OKOH SAUNDERS LIMITED,0,0,0,1,1
BURNESS PAULL LLP,0,0,0,1,1
BURRELL JENKINS,0,0,0,1,1
BURTON WOOLF & TURK,0,0,0,1,1
C J HURRION,0,0,0,1,1
C L CLEMO & CO,0,0,0,1,1
CAISSON TURNER LEGAL SERVICES,0,0,0,1,1
CAMBRIDGE SOLICITORS LLP,0,0,0,1,1
CAMERON CLARKE LAWYERS LIMITED,0,0,0,1,1
CAMPBELL & CO,0,0,0,1,1
CAMPBELL COURTNEY & COONEY,0,0,0,1,1
CANBOLAT LTD T/A GULSEN & CO SOLS,0,0,0,1,1
CARLSONS,0,0,0,1,1
CARLTONS SOLICITORS,0,0,0,1,1
CARMARTHENSHIRE COUNTY COUNCIL,0,0,0,1,1
CARMELITE LAW PRACTICE,0,0,0,1,1
CARPENTER SINGH,0,0,0,1,1
CARPENTERS ROSE,0,0,0,1,1
CARREG LAW LIMITED,0,0,0,1,1
CARTER DEVILLE,0,0,0,1,1
CARTER READ & DOVE,0,0,0,1,1
CARTIN LINCOLN HAYNES,0,0,0,1,1
CARVILL & JOHNSON LLP,0,0,0,1,1
CARYS L HUGHES,0,0,1,0,1
CASTLE SANDERSON,0,0,0,1,1
CASTLES,0,0,0,1,1
CATHERINE HIGGINS LAW LIMITED,0,0,0,1,1
CEARNS KAY,0,0,0,1,1
CHANCELLORS SOLICITORS,0,0,0,1,1
CHANDARANA & CO,0,0,0,1,1
CHAPPLE & CO,0,0,0,1,1
CHARLESWORTH NICHOLL & CO,0,0,0,1,1
CHELMSFORD CITY COUNCIL,0,0,1,0,1
CHHOKAR & CO,0,0,0,1,1
CHILCOTTS PREMIER LTD T/A CHILLCOT,0,0,0,1,1
CHISHOLMS,0,0,0,1,1
CHRIS ALLNUTT,0,0,0,1,1
CHRIS SAYER SOLICITORS,0,0,0,1,1
CHRISMAS OGDEN,0,0,0,1,1
CHRISTOFI WELLS & CO,0,0,0,1,1
CHRISTOPHER JOHN THOMPSON,0,0,0,1,1
CHUNG & CO SOLICITORS,0,0,0,1,1
CITRUS CONVEYANCING LTD,0,0,0,1,1
CITY LAW CHAMBERS,0,0,0,1,1
CITY OF WESTMINSTER COUNCIL,0,0,0,1,1
CITY OF YORK COUNCIL,0,0,0,1,1
CLAIRE SOLTANI,0,0,0,1,1
CLARION HOUSING GROUP,0,0,0,1,1
CLARK HOLT COMMERCIAL SOLICITORS,0,0,1,0,1
CLARKSLEGAL LLP,0,0,0,1,1
CLEARWATER SOLICITORS LLP,0,0,0,1,1
CLEAVER THOMPSON LIMITED,0,0,0,1,1
CLIFFORD HARRIS & CO,0,0,0,1,1
CLINTONS,0,0,0,1,1
CLP LIMITED,0,0,0,1,1
CLS SOLICITORS,0,0,1,0,1
COBAINS SOLICITORS LIMITED,0,0,0,1,1
COLES SOLICITORS LIMITED,0,0,1,0,1
COLLEGIATE LEGAL LTD,0,0,0,1,1
COLLINS SOLICITORS,0,0,0,1,1
COLLYER BRISTOW LLP,0,0,0,1,1
CONSTANTINE & SUMMERS,0,0,0,1,1
CONVEY US LIMITED,0,0,0,1,1
CONWAY & CO,0,0,0,1,1
CORSERV PROPERTY LIMITED,0,0,0,1,1
COUNTRYSIDE PROPERTIES PLC,0,0,1,0,1
COURTNEY SMITH AND CO SOLICITORS,0,0,0,1,1
COVENTGATE LAW LTD,0,0,0,1,1
COWANS SOLICITORS LLP,0,0,1,0,1
COWLISHAW & MOUNTFORD,0,0,0,1,1
CRAIG FERGUSON & CO,0,0,0,1,1
Crosse Wyatt & Co,0,0,0,1,1
CROUDACE HOMES,0,0,0,1,1
CS CONVEYANCING,0,0,0,1,1
CUMBRIA COUNTY COUNCIL,0,0,0,1,1
CURREY & CO LLP,0,0,1,0,1
D K MACBRYDE,0,0,0,1,1
D W SOLICITORS,0,0,0,1,1
DACK PEARSON,0,0,0,1,1
DAKERS MARRIOTT SOLICITORS,0,0,0,1,1
DALTONS (STAMFORD),0,0,1,0,1
DANIEL & EDWARDS,0,0,0,1,1
DARTFORD LEGAL SERVICES LTD,0,0,0,1,1
DARWIN BOWIE LTD,0,0,0,1,1
DARWIN GRAY LLP,0,0,0,1,1
DAVID & ROY THOMAS & CO,0,0,0,1,1
DAVID JONES (SOLICITORS) LTD,0,0,0,1,1
DAVIDSON BROADBENT & CO,0,0,1,0,1
DAVIS & CO PROPERTY LAWYERS LTD,0,0,0,1,1
DAWN SOLICITORS LTD,0,0,1,0,1
DAWSON CORNWELL,0,0,1,0,1
DEBORAH REYNOLDS AND COMPANY,0,0,0,1,1
DECHERT LLP,0,0,0,1,1
DENBY & CO,0,0,0,1,1
DEREK R ADKINS,0,0,0,1,1
DEVEREUX & CO SOLICITORS,0,0,0,1,1
DIANA DEACON LIMITED,0,0,1,0,1
DICKINS SHIEBERT LTD,0,0,0,1,1
DICKSON MINTO W S,0,0,0,1,1
DISKEN & CO,0,0,0,1,1
DIXON LEWIS SOLICITORS,0,0,0,1,1
DLS LAW,0,0,0,1,1
DONNELLY & ELLIOTT LIMITED,0,0,0,1,1
DPA LAW,0,0,0,1,1
DRYSDALES,0,0,0,1,1
DTS LAW LTD,0,0,0,1,1
DUNKERLEYS LLP,0,0,0,1,1
E REX MAKIN & CO,0,0,0,1,1
EAGERSTATES LTD,0,0,0,1,1
EALING LONDON BOROUGH,0,0,0,1,1
EAST RIDING OF YORKSHIRE COUNCIL,0,0,1,0,1
EDELL JONES & LESSERS,0,0,0,1,1
EDRIDGES & DRUMMONDS,0,0,0,1,1
EDWARD JONES & SON,0,0,0,1,1
EDWARD OLIVER & BELLIS,0,0,0,1,1
EDWARDS DUTHIE SHAMASH SOLICITORS,0,0,0,1,1
EDWARDS SOLICITORS,0,0,0,1,1
ELIZABETH MIDDLETON SOLICITORS,0,0,0,1,1
ELLIS DAVIES & CO,0,0,1,0,1
ELLISTONS LLP T/A S L P,0,0,0,1,1
ELTON & CO,0,0,0,1,1
EMERSON DEVELOPMENTS (HOLDING) LTD,0,0,0,1,1
ENDEAVOUR PARTNERSHIP,0,0,0,1,1
ENGLAND KERR HANDS & CO,0,0,0,1,1
EQUITAS LAW LTD,0,0,1,0,1
EQUITY SOLICITORS,0,0,0,1,1
ESW LEGAL LTD,0,0,0,1,1
ETON LAW SOLICITORS,0,0,0,1,1
EVANS & JONES SOLICITORS LLP,0,0,0,1,1
EVANS HARVEY LTD,0,0,0,1,1
EVANS ROBERTS SOLICITORS,0,0,0,1,1
EVERSLEY'S,0,0,0,1,1
EWAN & CO SOLICITORS,0,0,0,1,1
EWINGS,0,0,0,1,1
EXCEL LAW,0,0,1,0,1
FAIRBROTHER & DARLOW,0,0,0,1,1
FAIRHURST PROPERTY SERVICES LIMITED,0,0,1,0,1
FAIRVIEW SOLICITORS,0,0,0,1,1
FAROOQ BAJWA & CO,0,0,0,1,1
FEARON & CO,0,0,0,1,1
FERNS,0,0,0,1,1
FITZGERALD HARTS,0,0,1,0,1
FITZPATRICK & CO SOLICITORS,0,0,0,1,1
FIVE COUNTIES LEGAL SERVICES LTD,0,0,0,1,1
FOCUS SOLICITORS LIMITED,0,0,0,1,1
FONSECA AND PARTNERS (ABERGAVENNY),0,0,0,1,1
FOREST EDGE LEGAL PRACTICE LTD,0,0,0,1,1
FRANCIS GEORGE SOLICITOR ADVOCATE,0,0,0,1,1
FRANK BRAZELL & PARTNERS LIMITED,0,0,0,1,1
FRANKLIN ALLAN LTD,0,0,0,1,1
FRANKLINS (ABINGDON),0,0,1,0,1
FREEMANS (NEWCASTLE),0,0,0,1,1
FRODSHAMS,0,0,0,1,1
G A WAITE SOLICITORS,0,0,0,1,1
G. LLOYD JONES & CO,0,0,0,1,1
GALES,0,0,0,1,1
GARETH GRIFFITH & CO,0,0,0,1,1
GARNETT WILLIAMS POWELL,0,0,1,0,1
GARRETT LONG SOLICITORS,0,0,0,1,1
GARY JONES SOLICITORS,0,0,1,0,1
GATES & MOLONEY,0,0,0,1,1
GAWOR & CO,0,0,0,1,1
GENGA & CO SOLICITORS LIMITED,0,0,0,1,1
GEOFFREY FORRESTER & CO,0,0,0,1,1
GEOFFREY JOHN SINNERTON T/A SINNERTONS,0,0,0,1,1
GEOFFREY LEAVER SOLICITORS,0,0,0,1,1
GILES WILSON,0,0,0,1,1
GILL & CO,0,0,0,1,1
GILLHAMS SOLICITORS LLP,0,0,0,1,1
GLADSTONE SOLICITORS (NOTTINGHAM),0,0,0,1,1
GLAISYERS SOLICITORS,0,0,0,1,1
GLOBE WAREING CROPPER,0,0,0,1,1
GOLDENTREE FINANCIAL SERVICES PLC,0,0,0,1,1
GOODGE LAW,0,0,0,1,1
GOODHAND & FORSYTH,0,0,0,1,1
GORDON JONES & CO,0,0,0,1,1
GRAHAM FEAR & CO,0,0,0,1,1
GRAHAM WHITE & CO,0,0,1,0,1
GRAHAME STOWE BATESON,0,0,0,1,1
GRAND UK LAND LIMITED,0,0,1,0,1
GREENWOODS SOLICITORS LLP,0,0,1,0,1
GRIFFITHS & HUGHES PARRY,0,0,1,0,1
GROOM HALLIDAY,0,0,0,1,1
GUILDFORD BOROUGH COUNCIL,0,0,0,1,1
GUY CLAPHAM & CO,0,0,0,1,1
GWILYM JONES & DAVIES,0,0,0,1,1
HADFIELD & CO,0,0,0,1,1
HAL EMMETT & CO,0,0,0,1,1
HAMMONS,0,0,1,0,1
HARDINGS SOLICITORS LTD,0,0,0,1,1
HARDMAN & WATSON,0,0,0,1,1
HARLAND & CO,0,0,0,1,1
HARROGATE BOROUGH COUNCIL,0,0,0,1,1
HARROW LAW PRACTICE,0,0,0,1,1
HARTLAW LLP,0,0,0,1,1
HARTLEY THOMAS & WRIGHT,0,0,0,1,1
HASSALL LAW LIMITED,0,0,0,1,1
HATHAWAYS,0,0,0,1,1
HATTEN WYATT & CO,0,0,0,1,1
HAWKINS LAW LIMITED,0,0,0,1,1
HAYDEN SOLICITORS,0,0,0,1,1
HAYLEY WRIGHT LICENSED CONVEYANCER,0,0,0,1,1
HEDLEY SOLICITORS (BLYTH),0,0,0,1,1
HELEN AND IAN SAUL SOLICITORS,0,0,0,1,1
HERITAGE LAW (NORWICH) LTD,0,0,0,1,1
HERTFORDSHIRE COUNTY COUNCIL,0,0,1,0,1
HIGHCROSS LAW,0,0,0,1,1
Hill & Abbott,0,0,0,1,1
HLF BERRY (INC ROBIN BURMAN & CO),0,0,0,1,1
HODDERS LAW LIMITED,0,0,0,1,1
Hole and Pugsley,0,0,0,1,1
HOLLIS & CO,0,0,0,1,1
HORSEY LIGHTLY,0,0,0,1,1
HOWARD SCHNEIDER SPIRO & STEELE,0,0,0,1,1
HT LEGAL LIMITED,0,0,1,0,1
HUBERS LAW PARTNERS,0,0,0,1,1
HUGH ANTON-STEPHENS NOTARY PUBLIC,0,0,0,1,1
HUGH JONES SOLICITORS (HAS JONES LIMITED T/A),0,0,0,1,1
HUGH-JONES LLP,0,0,0,1,1
HUMPHREYS & CO,0,0,0,1,1
HUNTERS,0,0,0,1,1
HUSANES LLP,0,0,0,1,1
HUTCHINSON & BUCHANAN,0,0,0,1,1
HUTSBY MEES SOLICITORS,0,0,0,1,1
I NAWAZ-CHECHI,0,0,0,1,1
IACOPI PALMER SOLICITORS LLP,0,0,0,1,1
IC LAW LIMITED,0,0,0,1,1
ISC LAWYERS,0,0,0,1,1
J BENSON SOLICITORS,0,0,0,1,1
J E BARING & CO,0,0,0,1,1
J H POWELL & CO,0,0,0,1,1
J O'NEILL & CO SOLICITORS,0,0,0,1,1
JACKIE SCOTT LIMITED,0,0,0,1,1
JACKSON LONGE LIMITED,0,0,0,1,1
JACOBS AND CO SOLICITORS,0,0,0,1,1
JACOBS SOLICITORS INC DE CORDOVA ALIS & FILCE,0,0,0,1,1
JAGDEV LEGAL,0,0,0,1,1
JAMES SOLICITORS,0,0,0,1,1
JAMES TSANG & CO,0,0,0,1,1
JAMIESON ALEXANDER LIMITED,0,0,0,1,1
JAMIL AHMUD & CO,0,0,0,1,1
JANET L JORDAN & CO SOLICITOR,0,0,0,1,1
JAYCON LEGAL SOLICITORS,0,0,0,1,1
JAYNE BREARLEY & CO,0,0,0,1,1
JDS SOLICITORS LIMITED,0,0,0,1,1
JEARY & LEWIS,0,0,0,1,1
JENNINGS SOLICITORS,0,0,0,1,1
JEREMY SIMON & CO,0,0,0,1,1
JEYA & CO,0,0,0,1,1
JOANNA VERRICO & ASSOCIATES,0,0,0,1,1
JOCELYN CHOW & CO SOLICITORS,0,0,0,1,1
JOE EGAN,0,0,0,1,1
JOHN BAYS & CO,0,0,0,1,1
JOHN BIRKBY & CO,0,0,0,1,1
JOHN BROMFIELD & COMPANY LIMITED,0,0,0,1,1
JOHN FARR-DAVIES & CO,0,0,0,1,1
JOHN KENT SOLICITORS,0,0,1,0,1
JOHN MOHAMED & CO,0,0,0,1,1
JOHN P MARTIN,0,0,0,1,1
JOHN RAMSEY MCGREGOR T/A MCGREGORS,0,0,0,1,1
JOHN SHIRLEY & CO,0,0,0,1,1
JOHNSON & GAUNT SOLICITORS,0,0,1,0,1
JOSEPH & KHAN SOLICITORS,0,0,0,1,1
JULIAN BLOOM & CO,0,0,0,1,1
JULIET HARDICK SOLICITORS,0,0,0,1,1
JWK LEGAL GROUP LTD T/A JWK SOLICITORS,0,0,0,1,1
KALAM SOLICITORS,0,0,0,1,1
KARIS SPYRIS LLP,0,0,0,1,1
KATTEN MUCHIN & ROSEMAN,0,0,0,1,1
KAURMAXWELL LTD,0,0,0,1,1
KEITH FLOWER & CO,0,0,0,1,1
KEITH HARVEY & CO,0,0,0,1,1
KEOGH CAISLEY,0,0,0,1,1
KERMAN & CO,0,0,0,1,1
KEVIN HENCHLEY T/A HENCHLEYS,0,0,0,1,1
KHAN & CO,0,0,0,1,1
KHANS SOLICITORS,0,0,0,1,1
KILIC AND KILIC SOLICITORS LIMITED,0,0,0,1,1
KING & GOWDY,0,0,0,1,1
KINGS (DEVON),0,0,0,1,1
KINGSWALK LAW,0,0,0,1,1
KINGSWELL BERNEY LIMITED,0,0,0,1,1
KIRBYS,0,0,0,1,1
KITELEYS SOLICITORS,0,0,0,1,1
KNIGHTS SOLICITORS (TUNBRIDGE WELLS),0,0,0,1,1
KUDDUS SOLICITORS,0,0,0,1,1
KUMARI PALANY & CO,0,0,0,1,1
LABRUMS,0,0,0,1,1
LAKER LEGAL SOLICITORS LIMITED,0,0,0,1,1
LAMBETH COUNCIL,0,0,0,1,1
LANCASTER SOLICITORS,0,0,0,1,1
LANDONS,0,0,0,1,1
LATIMER HINKS,0,0,1,0,1
LAW & ADVOCACY SOLICITORS,0,0,0,1,1
LAWSONS SOLICITORS,0,0,0,1,1
LB OF BRENT HOUSING SOLNS SERVICE,0,0,0,1,1
LEASEHOLD LAW LLP,0,0,0,1,1
LEDGISTERS LIMITED,0,0,0,1,1
LEE & COMPANY,0,0,0,1,1
LEE ASSOCIATES SOLICITORS,0,0,0,1,1
LEI DAT & BAIG SOLICITORS,0,0,0,1,1
LEITCH & CO,0,0,0,1,1
LEONARD GRAY LLP,0,0,0,1,1
LEPORT & CO,0,0,0,1,1
LESTER DOMINIC SOLICITORS,0,0,0,1,1
LEVER LAW LIMITED,0,0,0,1,1
LEVIN MELLINS KLARFELD   (LMK SOLICITORS),0,0,0,1,1
LEWES SMITH,0,0,0,1,1
LEWIS FRANCIS BLACKBURN,0,0,1,0,1
LEX STERLING LIMITED,0,0,0,1,1
LGSS LAW LTD,0,0,0,1,1
LIN & CO SOLICITORS,0,0,0,1,1
LINKLAW SOLICITORS,0,0,0,1,1
LINNITTS SOLICITORS LLP,0,0,0,1,1
LONDON BOROUGH OF HILLINGDON,0,0,0,1,1
LONDON BOROUGH OF MERTON,0,0,0,1,1
LONGESPEE & CO,0,0,0,1,1
LONGLAND STANSFIELD & KEEBLE,0,0,0,1,1
LONGMORES SOLICITORS,0,0,0,1,1
LOVELL CHOHAN SOLS LTD,0,0,0,1,1
LOWE LEGAL SERVICES,0,0,0,1,1
LOYNTON & CO SOLICITORS LTD,0,0,0,1,1
LSGA SOLICITORS,0,0,0,1,1
LUCAS LAW SOLICITORS,0,0,0,1,1
LUDLOW LANE SOLICITORS LTD,0,0,0,1,1
LUNA LAW LIMITED,0,0,0,1,1
M I BANKS,0,0,0,1,1
M SCOTT PROPERTIES LIMITED,0,0,1,0,1
M T G SOLICITORS,0,0,0,1,1
M.C.I. DEVELOPMENTS LIMITED,0,0,1,0,1
MACASKILLS (J MAGNUS MACASKILL),0,0,0,1,1
MACFARLANES LLP,0,0,1,0,1
MACKARNESS & LUNT,0,0,0,1,1
MACKENZIE DILLON SOLICITORS,0,0,1,0,1
Macmillans,0,0,0,1,1
MAHER & CO,0,0,0,1,1
MAIDENWAY LIMITED,0,0,0,1,1
MAIDSTONE BOROUGH COUNCIL,0,0,0,1,1
MAJID MALIK,0,0,0,1,1
MAJORLAW LIMITED,0,0,0,1,1
MANCHESTER CITY COUNCIL,0,0,1,0,1
MANTILLA & STONERWOOD,0,0,0,1,1
MANUEL SWADEN,0,0,0,1,1
MARGARET REYNOLDS,0,0,1,0,1
MARK APPLEYARD LIMITED,0,0,0,1,1
MARKS MILLER & CO,0,0,0,1,1
MARRIOTT HARRISON LLP,0,0,0,1,1
MARSDEN DUNCAN,0,0,0,1,1
MARSH & PARTNERS,0,0,0,1,1
MARSHALL HALL LEVY LTD,0,0,0,1,1
MARSHALLS SOLICITORS,0,0,0,1,1
MARTIN & CO,0,0,0,1,1
MARTIN GAFFNEY LEGAL SERVICES LIMITED,0,0,0,1,1
MARTIN LEE & CO,0,0,0,1,1
MARTIN NOSSEL & CO,0,0,1,0,1
MARTYN FORD,0,0,0,1,1
MARTYN PROWEL SOLICITORS,0,0,0,1,1
MARY MAHON SOLICITOR,0,0,0,1,1
MASEFIELDS SOLICITORS,0,0,0,1,1
MAX ENGEL,0,0,1,0,1
MAYA & CO SOLICITORS,0,0,0,1,1
MAYA SOLICITORS,0,0,0,1,1
MAYSONS,0,0,0,1,1
MCDERMOTT WILL & EMERY LLP,0,0,0,1,1
MCGLENNONS,0,0,1,0,1
MCGLINCHEY & CO,0,0,0,1,1
MCGUIRE WOODS LLP,0,0,1,0,1
MCHALE & CO,0,0,0,1,1
MCLELLANS,0,0,1,0,1
MEADOWS & MORAN,0,0,0,1,1
MEADOWS RYAN SOLICITORS LTD,0,0,1,0,1
MEDWAY EXCHANGE LTD,0,0,0,1,1
MELLOR SOLICITORS,0,0,0,1,1
METROLAW SOLICITORS,0,0,0,1,1
MH SOLICITORS,0,0,0,1,1
MHHP LAW LLP,0,0,0,1,1
Michael Day,0,0,0,1,1
MICHAEL WARD,0,0,1,0,1
MIDWINTERS,0,0,0,1,1
MILLBANK SOLICITORS,0,0,0,1,1
MILLWYN JENKINS,0,0,0,1,1
MINIHAN MCALISTER LIMITED,0,0,0,1,1
MIR & SONS SOLICITORS LTD,0,0,0,1,1
MIRKWOOD EVANS VINCENT LTD,0,0,1,0,1
MOERANS,0,0,0,1,1
MONRO WRIGHT & WASBROUGH LLP,0,0,0,1,1
MORLINGS,0,0,0,1,1
MORRISON & MASTERS,0,0,0,1,1
MORTIMERS,0,0,0,1,1
MORTON SOLICITORS,0,0,0,1,1
MOTLEY & HOPE,0,0,0,1,1
MOWLL LIMITED,0,0,1,0,1
MRP CAPRON,0,0,0,1,1
MRW LAW LIMITED,0,0,0,1,1
MULLBERRY HOMES LIMITED,0,0,0,1,1
MURRAY HAY,0,0,0,1,1
MURRIA,0,0,0,1,1
MUSCATT WALKER HAYIM,0,0,0,1,1
N C MORRIS & CO LLP,0,0,0,1,1
N.C. BROTHERS & CO,0,0,0,1,1
NA COMMERCIAL SOLICITORS,0,0,0,1,1
NATIONAL LAW PARTNERS LIMITED,0,0,0,1,1
NAUGHTONS SOLICITORS LLP,0,0,0,1,1
NEATH RAISBECK GOLDING LAW LIMITED,0,0,1,0,1
NEIL FOLEY & CO,0,0,0,1,1
NEIL MYERSON LLP,0,0,1,0,1
NEWHALL SOLICITORS LLP,0,0,0,1,1
NEWLAND SOLICITORS LIMITED,0,0,0,1,1
NEWMAN & BOND,0,0,0,1,1
NEWMAN LAW,0,0,0,1,1
NEWMANS,0,0,0,1,1
NEWNHAM & JORDAN SOLICITORS LTD,0,0,0,1,1
NEXA LAW LIMITED,0,0,0,1,1
NEXUS SOLICITORS,0,0,0,1,1
NICHOLAS GEE SOLICITOR,0,0,0,1,1
Nicholls & Sainsbury,0,0,0,1,1
NICHOLLS CHRISTIE & CROCKER,0,0,0,1,1
NICHOLSON PORTNELL,0,0,0,1,1
NICOLA PHILLIPS SOLICITORS,0,0,0,1,1
NORRIS & MILES,0,0,0,1,1
NORTH DEVON DISTRICT COUNCIL,0,0,0,1,1
NORTH STAR LAW LIMITED,0,0,0,1,1
NORTH YORKSHIRE COUNTY COUNCIL,0,0,1,0,1
NORTHUMBERLAND COUNTY COUNCIL,0,0,1,0,1
NORTHWOOD BANKS & CO,0,0,0,1,1
NORTON & CO,0,0,0,1,1
NOTTINGHAMSHIRE COUNTY COUNCIL,0,0,1,0,1
NOVA SOLICITORS LIMITED,0,0,0,1,1
O'HARA,0,0,0,1,1
OJN SOLICITORS,0,0,0,1,1
OLDHAM MARSH PAGE FLAVELL,0,0,0,1,1
OLIVER CHARLES,0,0,0,1,1
ORCHID LAW,0,0,0,1,1
ORRICK HERRINGTON & SUTCLIFFE (EUROPE) LLP,0,0,1,0,1
OSMAN WARD & CO,0,0,0,1,1
OVER TAYLOR BIGGS,0,0,0,1,1
P & B SOLICITORS LIMITED,0,0,0,1,1
P J CONVEYANCING SERVICES,0,0,0,1,1
PADDLE & COCKS LLP,0,0,1,0,1
PAINSMITH SOLICITORS LIMITED,0,0,1,0,1
PAISLEYS SOLICITORS,0,0,0,1,1
PALMERS (KINGSTON UPON THAMES),0,0,0,1,1
PAMELA CLEMO & CO,0,0,0,1,1
PARKER ARRENBERG,0,0,0,1,1
PARKES WILSHIRE JOHNSON,0,0,0,1,1
PASCHALIS LAW GROUP LIMITED,0,0,0,1,1
PATTERSON PANCHOLI & BAY LIMITED,0,0,0,1,1
PAUL JOHN & CO SOLICITORS,0,0,0,1,1
PAYNE & PAYNE,0,0,1,0,1
PAYNE SKILLINGTON,0,0,1,0,1
PCB LAWYERS LLP,0,0,0,1,1
PEARCELEGAL LLP,0,0,0,1,1
PENDLE BOROUGH COUNCIL,0,0,0,1,1
PENGELLY & RYLANDS,0,0,0,1,1
PENMANS,0,0,0,1,1
PENNINE KENNEDY SOLICITORS,0,0,0,1,1
PENNINE SOLICITORS,0,0,1,0,1
PENNON GROUP PLC,0,0,1,0,1
PERSIMMON (SOUTHERN REGION - ESSEX OFFICE),0,0,0,1,1
PETER MILLICAN LAW LIMITED,0,0,0,1,1
PETERSONS,0,0,1,0,1
PHILIP HALL & CO,0,0,0,1,1
PHILIP ROACHE,0,0,0,1,1
PHILIP SMART & ASSOCIATES,0,0,0,1,1
PHILLIPS & PHILLIPS,0,0,0,1,1
PINI FRANCO LLP,0,0,0,1,1
PINNIGER FINCH & CO,0,0,0,1,1
PJE SOLICITORS,0,0,0,1,1
PLACES FOR PEOPLE GROUP,0,0,0,1,1
PLACIDI LAW COMPANY,0,0,0,1,1
PLATINUM PARTNERSHIP SOLICITORS,0,0,0,1,1
PLUCK ANDREW & CO,0,0,0,1,1
PORTNER LAW LIMITED,0,0,0,1,1
POTTER OWTRAM & PECK,0,0,0,1,1
POWELLS WITH CHAWNER GREY,0,0,0,1,1
PRIMARC SOLICITORS,0,0,0,1,1
PRODDOW MACKAY,0,0,0,1,1
PROPERTS,0,0,1,0,1
PROPERTY LAW PARTNERS,0,0,0,1,1
PROTOPAPAS SOLICITORS,0,0,0,1,1
PSP BOLTON (GR) LLP,0,0,1,0,1
PULHAM & CO,0,0,0,1,1
QUINN BARROW,0,0,0,1,1
R BELL & SON SOLICITORS,0,0,0,1,1
R HANCOCK & SON,0,0,0,1,1
R J SOLICITORS,0,0,0,1,1
R J STAFFORDSHIRE LIMITED,0,0,0,1,1
R W ANDERSON,0,0,0,1,1
R W HEMMINGS & CO (LEICESTER),0,0,0,1,1
RADLEYS (LONDON) LLP,0,0,0,1,1
RALPH & CO,0,0,0,1,1
RAPHAEL LAW LIMITED,0,0,0,1,1
RATNA & CO,0,0,0,1,1
RAVI SOLICITORS,0,0,0,1,1
RB SOLICITORS (RAI LEGAL),0,0,0,1,1
READ COOPER LTD,0,0,0,1,1
REDFEARNS,0,0,0,1,1
REGENT ASSOCIATES (UK) LIMITED,0,0,0,1,1
RENSHAWS,0,0,1,0,1
RICHARD GRIFFITHS & CO,0,0,0,1,1
RICHARD HERNE & CO,0,0,0,1,1
RICHARD PEARLMAN LLP,0,0,1,0,1
RICHARDS AND LEWIS,0,0,0,1,1
RICHARDSONS,0,0,0,1,1
RICHMOND & CO,0,0,0,1,1
RISEAM SHARPLES,0,0,0,1,1
RLE LAW PRACTICE LTD,0,0,0,1,1
RMB SOLICITORS LIMITED,0,0,1,0,1
ROBERT HITCHINS LTD,0,0,1,0,1
ROBERT LUNN & LOWTH LLP,0,0,0,1,1
ROBERTS ROSE PARTNERSHIP,0,0,0,1,1
ROBINSON ALLFREE,0,0,0,1,1
ROGER BROOKER & CO,0,0,0,1,1
ROGER BROOKS AND CO,0,0,1,0,1
ROGER GREEN AND COMPANY,0,0,0,1,1
ROOKS RIDER,0,0,0,1,1
ROSALIND ELIZABETH YEMM T/A DEAN CONVEYANCING,0,0,0,1,1
ROSALIND WATCHORN,0,0,0,1,1
ROSAMUND COPPEN & CO,0,0,0,1,1
ROSENBERG & CO,0,0,0,1,1
ROSLING KING LLP,0,0,0,1,1
ROSS & SON,0,0,0,1,1
ROSS WILLIAMS,0,0,0,1,1
ROSSIDES CAINE,0,0,0,1,1
ROW & SCOTT LIMITED,0,0,0,1,1
ROWBERRYS,0,0,0,1,1
RUNDLEWALKER (DUDMAN SHAW T/A),0,0,0,1,1
RUNNYMEDE BOROUGH COUNCIL,0,0,0,1,1
S SATHA & CO,0,0,0,1,1
SABEERS STONE GREENE LLP,0,0,0,1,1
SAIFEE LEGAL LIMITED,0,0,0,1,1
SANDERS WITHERSPOON LLP,0,0,0,1,1
SANDWELL METROPOLITAN  BOROUGH COUNCIL,0,0,0,1,1
SAUL MARINE & CO,0,0,0,1,1
SAWARN & CO LTD,0,0,0,1,1
SCHWAB & CO LEGAL SERVICES LTD,0,0,0,1,1
SCOTT REES AND CO,0,0,0,1,1
SCOTTS WRIGHT,0,0,0,1,1
SEAKENS SOLICITORS,0,0,0,1,1
SELIG & PARTNERS LIMITED,0,0,0,1,1
SERJEANT & SON,0,0,0,1,1
SEYMOURS SOLICITORS,0,0,1,0,1
SHACKLOCKS,0,0,0,1,1
SHARPE & PERL,0,0,0,1,1
SHENTONS,0,0,1,0,1
SHEPHERD & COMPANY,0,0,0,1,1
SHEPHERD & WEDDERBURN WS,0,0,0,1,1
SHERIDANS SOLICITORS,0,0,0,1,1
SHIPTON HALLEWELL & CO,0,0,0,1,1
SIMMONDS HURFORD,0,0,0,1,1
SINGHANIA & CO,0,0,0,1,1
SMG SOLICITORS,0,0,0,1,1
SMITH & CO SOLICITORS,0,0,0,1,1
SMITH GADD & CO,0,0,0,1,1
SMITH LLEWELYN PARTNERSHIP,0,0,1,0,1
SOLEX LEGAL SERVICES LIMITED,0,0,0,1,1
SOLIDUM SOLICITORS,0,0,0,1,1
SOLOMONS LEGAL SOLICITORS,0,0,0,1,1
SOMERS & BLAKE SOLICITORS,0,0,0,1,1
SONA SOLICITORS,0,0,0,1,1
SOOKIAS AND SOOKIAS,0,0,0,1,1
SOUTH GLOUCESTERSHIRE COUNCIL,0,0,1,0,1
SOUTHWELL MOTT,0,0,0,1,1
SPARROW & TRIEU,0,0,0,1,1
SPECTRUM SOLICITORS,0,0,0,1,1
SPENCER LOCKWOOD CONVEYANCING LTD,0,0,0,1,1
SPOOR & CO,0,0,0,1,1
SQUARE ONE LAW LLP,0,0,1,0,1
SRI KANTH & CO SOLICITORS,0,0,0,1,1
SRIHARANS,0,0,0,1,1
SSP SOLICITORS,0,0,0,1,1
ST JOHN LEGAL,0,0,0,1,1
ST SOLICITORS,0,0,1,0,1
STAN BARING,0,0,0,1,1
STEED & STEED,0,0,0,1,1
STEELE & SON WITH BAGOT HEYES,0,0,0,1,1
STEELE RAYMOND LLP,0,0,0,1,1
STEELE SMITH LLP,0,0,0,1,1
STEELES (LAW LLP),0,0,0,1,1
STEFANIE O'BRYEN,0,0,1,0,1
STEPHENS & SONS,0,0,0,1,1
STEPHENSON HARWOOD,0,0,0,1,1
STEPIEN LAKE LLP,0,0,0,1,1
STEVENSDRAKE,0,0,1,0,1
STEVENSON & GLASSEY,0,0,0,1,1
STEVENSONS,0,0,0,1,1
STONE & STONE,0,0,0,1,1
STOREY & CO,0,0,0,1,1
STRADBROOKS GLOBAL LIMITED,0,0,0,1,1
STRATFORD SOLICITORS LIMITED,0,0,0,1,1
STUART NICHOLSON SOLICITOR,0,0,0,1,1
SURREY SOLICITORS,0,0,0,1,1
SUTTON & CO SOLICITORS,0,0,0,1,1
SYLVESTER AMIEL LEWIN & HORNE,0,1,0,0,1
T J BALL & CO,0,0,0,1,1
T.R. TANER & CO,0,0,0,1,1
TALBOT & CO,0,0,0,1,1
TASSELLS SOLICITORS,0,0,0,1,1
TAYLOR BROWN SOLICITORS,0,0,0,1,1
TAYLOR PRICE SOLICITORS,0,0,0,1,1
Taylor Vinters,0,0,0,1,1
TEDSTONE GEORGE & TEDSTONE,0,0,1,0,1
TEIFI LAW LIMITED,0,0,0,1,1
THAKKER & CO,0,0,0,1,1
THE COAL AUTHORITY,0,0,0,1,1
THE J M PRACTICE,0,0,0,1,1
THE LEGAL HOUSE,0,0,0,1,1
THE LONDON BOROUGH OF HARROW,0,0,0,1,1
THE MITCHELL PLAMPIN PARTNERSHIP,0,0,0,1,1
THE OWEN-KENNY PARTNERSHIP,0,0,0,1,1
THE WOODLAND DAVIES PARTNERSHIP,0,0,1,0,1
THEMIS LAWYERS,0,0,0,1,1
THOMAS ANDREWS & PARTNERS,0,0,1,0,1
THOMAS O'GORMAN SOLICITORS,0,0,0,1,1
THORNES LEGAL LIMITED,0,0,0,1,1
THORNEYCROFT & CO,0,0,0,1,1
THURNHILLS,0,0,0,1,1
TIBBER MARKS LIMITED,0,0,0,1,1
TLSK SOLICITORS LIMITED,0,0,0,1,1
TOUCHWOOD SOLICITORS,0,0,0,1,1
TOWIS SOLICITORS,0,0,0,1,1
TRAYMANS LLP,0,0,0,1,1
TRENT & DOVE HOUSING LTD,0,0,0,1,1
TRENTSIDE LEGAL,0,0,1,0,1
TUNBRIDGE WELLS BOROUGH COUNCIL,0,0,1,0,1
TURNER ATKINSON & WARD,0,0,0,1,1
TV EDWARDS,0,0,0,1,1
TWOMLOWS,0,0,0,1,1
ULTIMATE LAW LTD,0,0,0,1,1
ULTRATOWN LIMITED,0,0,0,1,1
UTTLESFORD DISTRICT COUNCIL,0,0,0,1,1
V J NATHAN SOLICITORS,0,0,0,1,1
VC LAW LTD,0,0,0,1,1
VERITAS LAW,0,0,0,1,1
VERMA & CO,0,0,0,1,1
VICEROY LAW LIMITED,0,0,0,1,1
VMD SOLICITORS,0,0,0,1,1
W LEGAL LIMITED,0,0,0,1,1
W T JONES,0,0,0,1,1
WADE & DAVIES,0,0,0,1,1
WALLACE LLP,0,0,0,1,1
WALLIS PRANCE,0,0,0,1,1
WARAN & CO (CLAPHAM),0,0,0,1,1
WARNER & RICHARDSON,0,0,0,1,1
WAUGH & MUSGRAVE,0,0,0,1,1
WAYNE LEIGHTON,0,0,0,1,1
WELCH & CO (SOLICITORS) LIMITED,0,0,0,1,1
WEST BROMWICH BUILDING SOCIETY,0,0,1,0,1
WESTCO CONVEYANCING SERVICES,0,0,0,1,1
WESTGATE SOLICITORS LIMITED,0,0,0,1,1
WHATLEY WESTON & FOX,0,0,1,0,1
WHITE HORSE LAW LIMITED,0,0,0,1,1
WILKINS LLP,0,0,0,1,1
WILKS PRICE HOUNSLOW,0,0,0,1,1
WILLCOX LAW LIMITED,0,0,1,0,1
WILSON BARCA,0,0,0,1,1
WINCH & WINCH,0,0,0,1,1
WOLVERHAMPTON CITY COUNCIL,0,0,0,1,1
WOODGATE & CO,0,0,0,1,1
WOODHALL SOLICITORS LTD,0,0,1,0,1
WORSDELL & VINTNER,0,0,0,1,1
WYKES O'DONNELL WILLIAMS,0,0,0,1,1
YOUR CONVEYANCER LIMITED,0,0,0,1,1
YVONNE KEARNEY,0,0,1,0,1
ZHONGLUN W & D,0,0,0,1,1
