Organisation Name,Purchase_Order_Number,Order_Date,Total_Value,Supplier_Name,Account_Name,Service
Rochdale Borough Council,s1025225,01/10/2019,"£19,156.80",K P DODD CONSTRUCTION LIMITED,MINOR BUILDING WORKS,ADULT CARE LCO FUNCTIONS
Rochdale Borough Council,s1025225,01/10/2019,"£19,156.80",K P DODD CONSTRUCTION LIMITED,MINOR BUILDING WORKS,ADULT CARE LCO FUNCTIONS
Rochdale Borough Council,e1028896,01/10/2019,"£12,960.00",OLDHAM AMATEUR RUGBY LEAGUE,OTHER EST - SEN PROVISION,EARLY HELP AND SCHOOLS
Rochdale Borough Council,d1084465,01/10/2019,"£8,675.00",ROSE PROJECT MANAGEMENT LTD,ARCHITECTS FEES,NEIGHBOURHOODS AND ENVIRONMENT
Rochdale Borough Council,f1008349,01/10/2019,"£5,000.00",REDACTED - PERSONAL DATA,PROFESSIONAL FEES,RESOURCES
Rochdale Borough Council,s1025230,02/10/2019,"£488,440.00",THE PENNINE ACUTE HOSPITALS NHS TRUST,INDEPENDENT UNITS,BETTER CARE FUND POOLED BUDGET
Rochdale Borough Council,e1028898,02/10/2019,"£426,600.93",INSPIREDSPACES ROCHDALE PROJECTCO2 LTD,PFI SCHEMES RPIX,EARLY HELP AND SCHOOLS
Rochdale Borough Council,f1008351,02/10/2019,"£84,656.74",MANCHESTER CITY COUNCIL,PROFESSIONAL FEES,RESOURCES
Rochdale Borough Council,f1008353,02/10/2019,"£67,908.91",MANCHESTER CITY COUNCIL,PROFESSIONAL FEES,RESOURCES
Rochdale Borough Council,f1008354,02/10/2019,"£67,908.91",MANCHESTER CITY COUNCIL,PROFESSIONAL FEES,RESOURCES
Rochdale Borough Council,f1008355,02/10/2019,"£67,908.91",MANCHESTER CITY COUNCIL,PROFESSIONAL FEES,RESOURCES
Rochdale Borough Council,f1008350,02/10/2019,"£62,134.81",MANCHESTER CITY COUNCIL,PROFESSIONAL FEES,RESOURCES
Rochdale Borough Council,d2001827,02/10/2019,"£18,522.00",LIQUIDLOGIC LTD,IT MAINTENANCE,EARLY HELP AND SCHOOLS
Rochdale Borough Council,f1008352,02/10/2019,"£11,509.52",MANCHESTER CITY COUNCIL,PROFESSIONAL FEES,RESOURCES
Rochdale Borough Council,d3002565,02/10/2019,"£11,348.52",C E S LTD,MINOR BUILDING WORKS,EARLY HELP AND SCHOOLS
Rochdale Borough Council,d1084477,02/10/2019,"£6,237.00",ROCHDALE BOROUGH SHOPMOBILITY,GRANTS TO THE VOLUNTARY SECTOR,ECONOMY DIRECTORATE
Rochdale Borough Council,d3002564,02/10/2019,"£5,900.00",COMPLETE CONSTRUCTION,MINOR BUILDING WORKS,PROPERTY AND HIGHWAYS
Rochdale Borough Council,d3002570,03/10/2019,"£1,309,992.54",BALFOUR BEATTY LIVING PLACES,TRANSACTIONS-EXPENDITURE,PROPERTY AND HIGHWAYS
Rochdale Borough Council,d1084493,03/10/2019,"£28,024.14",ROCHDALE HOUSING INITIATIVE,CAPITAL SALARIES,NEIGHBOURHOODS AND ENVIRONMENT
Rochdale Borough Council,d3002573,03/10/2019,"£22,158.73",J GREENWOOD (BUILDERS) LIMITED,MINOR BUILDING WORKS,PROPERTY AND HIGHWAYS
Rochdale Borough Council,e1028903,03/10/2019,"£12,960.00",RAISE THE YOUTH FOUNDATION CIC,OTHER EST - SEN PROVISION,EARLY HELP AND SCHOOLS
Rochdale Borough Council,s1025234,03/10/2019,"£10,577.68",POLLOCK LIFTS,MINOR BUILDING WORKS,ADULT CARE LCO FUNCTIONS
Rochdale Borough Council,r1002256,03/10/2019,"£9,128.11",B C REAL ESTATES LTD,PROFESSIONAL FEES,ECONOMY DIRECTORATE
Rochdale Borough Council,d1084503,03/10/2019,"£7,722.00",ROCHDALE BOROUGHWIDE HOUSING,MINOR BUILDING WORKS,NEIGHBOURHOODS AND ENVIRONMENT
Rochdale Borough Council,x1018567,03/10/2019,"£6,563.25",ROSS CARE,EQUIPMENT - GENERAL,EARLY HELP AND SCHOOLS
Rochdale Borough Council,ph103922,03/10/2019,"£5,279.82",ROCHDALE HOUSING INITIATIVE,EQUIPMENT - GENERAL,PUBLIC HEALTH
Rochdale Borough Council,ph103923,03/10/2019,"£5,000.00",GMCA,ACTIVITIES,PUBLIC HEALTH
Rochdale Borough Council,d2001840,04/10/2019,"£52,800.00",GRAVITAS RECRUITMENT GROUP,AGENCY STAFF,NEIGHBOURHOODS AND ENVIRONMENT
Rochdale Borough Council,d1084509,04/10/2019,"£31,215.00",STANDARD FUEL OILS,TRANSACTIONS-EXPENDITURE,NEIGHBOURHOODS AND ENVIRONMENT
Rochdale Borough Council,d2001841,04/10/2019,"£20,160.00",GRAVITAS RECRUITMENT GROUP,AGENCY STAFF,NEIGHBOURHOODS AND ENVIRONMENT
Rochdale Borough Council,e1028906,04/10/2019,"£11,403.00",INSPIRE TRAINING AND EDUCATION,OTHER LA`S - SEN PROVISION,EARLY HELP AND SCHOOLS
Rochdale Borough Council,d2001843,04/10/2019,"£10,049.52",PHOENIX SOFTWARE LIMITED,SOFTWARE,NEIGHBOURHOODS AND ENVIRONMENT
Rochdale Borough Council,d2001838,04/10/2019,"£5,895.00",OLDHAM COUNCIL,SUBSCRIPTIONS,NEIGHBOURHOODS AND ENVIRONMENT
Rochdale Borough Council,f1008367,07/10/2019,"£711,443.96",GMCA,AGMA,NEIGHBOURHOODS AND ENVIRONMENT
Rochdale Borough Council,d2001854,07/10/2019,"£586,343.00",AGILISYS LIMITED,AGILISYS CONTRACT,NEIGHBOURHOODS AND ENVIRONMENT
Rochdale Borough Council,d2001853,07/10/2019,"£106,224.00",XMA LIMITED,PURCHASE OF ICT HARDWARE,NEIGHBOURHOODS AND ENVIRONMENT
Rochdale Borough Council,e1028910,07/10/2019,"£90,289.65",INSPIREDSPACES ROCHDALE PROJECT CO1 LTD,PFI SCHEMES RPIX,EARLY HELP AND SCHOOLS
Rochdale Borough Council,d2001848,07/10/2019,"£26,880.00",GRAVITAS RECRUITMENT GROUP,CAPITAL - STAFFING AGENCY PAYMENTS,NEIGHBOURHOODS AND ENVIRONMENT
Rochdale Borough Council,d1084526,07/10/2019,"£25,000.00",WHEELDON BROTHERS WASTE LIMITED,CONTRACTS,NEIGHBOURHOODS AND ENVIRONMENT
Rochdale Borough Council,ph103928,07/10/2019,"£17,133.13",SAFENET DOMESTIC ABUSE SERVICE,PH OTHER CONTRACTS,PUBLIC HEALTH
Rochdale Borough Council,s1025240,07/10/2019,"£6,217.76",UPS BUILDING AND MAINTENANCE LTD,MINOR BUILDING WORKS,ADULT CARE LCO FUNCTIONS
Rochdale Borough Council,d1084561,08/10/2019,"£9,100.00",STREAMLINE TAXIS,TAXI HIRE,NEIGHBOURHOODS AND ENVIRONMENT
Rochdale Borough Council,d1084562,08/10/2019,"£6,500.00",STREAMLINE TAXIS,TAXI HIRE,NEIGHBOURHOODS AND ENVIRONMENT
Rochdale Borough Council,d1084570,08/10/2019,"£6,000.00",MIDDLETON CARS,TAXI HIRE,NEIGHBOURHOODS AND ENVIRONMENT
Rochdale Borough Council,d1084567,08/10/2019,"£20,000.00",247 HOTEL,ACCOMMODATION,NEIGHBOURHOODS AND ENVIRONMENT
Rochdale Borough Council,f1008372,08/10/2019,"£17,042.00",CAPITA BUSINESS SERVICES LIMITED,BANK CHARGES,RESOURCES
Rochdale Borough Council,d1084550,08/10/2019,"£8,432.16",DIRECT TYRE MANAGEMENT LTD,TYRES,NEIGHBOURHOODS AND ENVIRONMENT
Rochdale Borough Council,d1084547,08/10/2019,"£5,861.25",JGM AGENCY,PUBLICITY,NEIGHBOURHOODS AND ENVIRONMENT
Rochdale Borough Council,e1028922,09/10/2019,"£33,600.00",POSITIVE STEPS,EXTERNALLY MANAGED FUNDS,EARLY HELP AND SCHOOLS
Rochdale Borough Council,f1008375,09/10/2019,"£25,253.00",BLOOM PROCUREMENT SERVICES LTD,AGENCY STAFF,RESOURCES
Rochdale Borough Council,ph103931,09/10/2019,"£21,278.24",BIG LIFE CENTRES,CONTRACTED SERVICES,PUBLIC HEALTH
Rochdale Borough Council,d2001866,09/10/2019,"£18,356.96",PLURALSIGHT,SOFTWARE,NEIGHBOURHOODS AND ENVIRONMENT
Rochdale Borough Council,d1084575,09/10/2019,"£10,295.00",GROUNDWORK LANDSCAPES LIMITED,ENVIRONMENTAL WORKS LANDSCAPE,NEIGHBOURHOODS AND ENVIRONMENT
Rochdale Borough Council,x1018619,09/10/2019,"£9,930.00",ME LEARNING LIMITED,TRAINING,CHILDREN’S SOCIAL CARE
Rochdale Borough Council,ph103932,09/10/2019,"£9,832.16",RIS PRODUCTS LTD,CONTRACTED SERVICES,PUBLIC HEALTH
Rochdale Borough Council,x1018618,09/10/2019,"£5,280.00",LINK4LIFE CHARITY,ACTIVITIES,EARLY HELP AND SCHOOLS
Rochdale Borough Council,d1084576,09/10/2019,"£5,080.00",GROUNDWORK LANDSCAPES LIMITED,ENVIRONMENTAL WORKS LANDSCAPE,NEIGHBOURHOODS AND ENVIRONMENT
Rochdale Borough Council,d3002600,10/10/2019,"£113,468.00",NB WORX LTD,MINOR BUILDING WORKS,EARLY HELP AND SCHOOLS
Rochdale Borough Council,r1002261,10/10/2019,"£25,193.38",BRAHM FUNDCO 2 LTD,PFI SCHEMES RPI,ECONOMY DIRECTORATE
Rochdale Borough Council,d1084615,10/10/2019,"£17,552.50",GREENFINGERS LANDSCAPE LTD,CONTRACTS,NEIGHBOURHOODS AND ENVIRONMENT
Rochdale Borough Council,d1084611,10/10/2019,"£17,060.00",RUSHTONS DEVELOPMENTS LTD,PROPERTY REFURBISHMENT (HOUSING),NEIGHBOURHOODS AND ENVIRONMENT
Rochdale Borough Council,d1084614,10/10/2019,"£10,000.00",WHEELDON BROTHERS WASTE LIMITED,EQUIPMENT - GENERAL,NEIGHBOURHOODS AND ENVIRONMENT
Rochdale Borough Council,r1002262,10/10/2019,"£8,600.00",PRICE AND MYERS,MINOR BUILDING WORKS,ECONOMY DIRECTORATE
Rochdale Borough Council,e1028946,10/10/2019,"£6,950.00",THE AWARDS SCHEME LTD,ACTIVITIES,EARLY HELP AND SCHOOLS
Rochdale Borough Council,d3002593,10/10/2019,"£5,311.00",ROAD SAFETY SERVICES LIMITED,ACTIVITIES,NEIGHBOURHOODS AND ENVIRONMENT
Rochdale Borough Council,d1084618,11/10/2019,"£86,775.00",BLOOM PROCUREMENT SERVICES LTD,ARCHITECTS FEES,NEIGHBOURHOODS AND ENVIRONMENT
Rochdale Borough Council,ph103938,11/10/2019,"£60,511.00",NHS HEYWOOD MIDDLETON AND ROCHDALE CCG,BASIC SALARIES,PUBLIC HEALTH
Rochdale Borough Council,r1002264,11/10/2019,"£49,584.56",ROCHDALE DEVELOPMENT AGENCY,CAPITAL SALARIES,NEIGHBOURHOODS AND ENVIRONMENT
Rochdale Borough Council,ph103937,11/10/2019,"£30,000.00",LINK4LIFE CHARITY,LINK 4 LIFE CONTRACT,PUBLIC HEALTH
Rochdale Borough Council,d2001880,11/10/2019,"£18,152.00",SMOOTHWALL LTD,IT MAINTENANCE,NEIGHBOURHOODS AND ENVIRONMENT
Rochdale Borough Council,x1018647,11/10/2019,"£8,609.25",ADVANCED CHILD CARE ASSESSMENTS LIMITED,MEDICAL FEES,CHILDREN’S SOCIAL CARE
Rochdale Borough Council,s1025261,11/10/2019,"£6,894.95",UPS BUILDING AND MAINTENANCE LTD,MINOR BUILDING WORKS,ADULT CARE LCO FUNCTIONS
Rochdale Borough Council,s1025260,11/10/2019,"£5,843.78",UPS BUILDING AND MAINTENANCE LTD,MINOR BUILDING WORKS,ADULT CARE LCO FUNCTIONS
Rochdale Borough Council,d2001883,14/10/2019,"£58,500.00",GRAVITAS RECRUITMENT GROUP,CAPITAL - STAFFING AGENCY PAYMENTS,NEIGHBOURHOODS AND ENVIRONMENT
Rochdale Borough Council,f1008395,14/10/2019,"£20,000.00",CRITIQOM LIMITED,PRINTING & STATIONERY,RESOURCES
Rochdale Borough Council,f1008389,14/10/2019,"£8,213.99",HSBC MERCHANT SERVICES,BANK CHARGES,RESOURCES
Rochdale Borough Council,x1018661,15/10/2019,"£18,000.00",HERTFORDSHIRE COUNTY COUNCIL,ADOPTION PAYMENTS,CHILDREN’S SOCIAL CARE
Rochdale Borough Council,d3002626,15/10/2019,"£123,448.00",ROSSLEE CONSTRUCTION,MINOR BUILDING WORKS,ECONOMY DIRECTORATE
Rochdale Borough Council,x1018675,15/10/2019,"£60,500.00",OLDHAM COUNCIL,CONTRACTED SERVICES,EARLY HELP AND SCHOOLS
Rochdale Borough Council,x1018663,15/10/2019,"£41,549.00",MANCHESTER CITY COUNCIL,FEES / COMMISSION,CHILDREN’S SOCIAL CARE
Rochdale Borough Council,f1008402,15/10/2019,"£38,490.23",CHILDCARE VOUCHERS LIMITED,TRANSACTIONS-EXPENDITURE,RESOURCES
Rochdale Borough Council,f1008403,15/10/2019,"£37,799.03",CHILDCARE VOUCHERS LIMITED,TRANSACTIONS-EXPENDITURE,RESOURCES
Rochdale Borough Council,x1018662,15/10/2019,"£30,000.00",SALFORD CITY COUNCIL,EBD (EMOT & BEHAV DIFF) PLACEMENTS,CHILDREN’S SOCIAL CARE
Rochdale Borough Council,d3002620,15/10/2019,"£28,544.56",CHRISTMAS PLUS LTD,CHRISTMAS DECORATIONS,PROPERTY AND HIGHWAYS
Rochdale Borough Council,e1028967,15/10/2019,"£20,209.45",THE TOGETHER TRUST,OTHER LA`S - SEN PROVISION,EARLY HELP AND SCHOOLS
Rochdale Borough Council,e1028969,15/10/2019,"£12,441.00",HORIZON CARE AND EDUCATION,OTHER LA`S - SEN PROVISION,EARLY HELP AND SCHOOLS
Rochdale Borough Council,e1028968,15/10/2019,"£11,712.00",WARGRAVE HOUSE SCHOOL AND COLLEGE,OTHER EST - SEN PROVISION,EARLY HELP AND SCHOOLS
Rochdale Borough Council,x1018664,15/10/2019,"£9,900.00",HAMPTONS RESOURCING LTD,AGENCY STAFF,CHILDREN’S SOCIAL CARE
Rochdale Borough Council,d2001884,15/10/2019,"£9,367.50",DAISY COMMUNICATIONS LTD,TRANSACTIONS-EXPENDITURE,NEIGHBOURHOODS AND ENVIRONMENT
Rochdale Borough Council,f1008400,15/10/2019,"£7,500.00",MHR,SOFTWARE,RESOURCES
Rochdale Borough Council,e1028959,15/10/2019,"£5,335.00",DEEPLISH ACADEMY,REPAIRS & ALTS OF BUILDINGS,EARLY HELP AND SCHOOLS
Rochdale Borough Council,r1002269,16/10/2019,"£53,934.72",BLOOM PROCUREMENT SERVICES LTD,CONSULTANTS FEES,ECONOMY DIRECTORATE
Rochdale Borough Council,s1025275,16/10/2019,"£42,686.43",N COMPASS,CONTRACTS,BETTER CARE FUND POOLED BUDGET
Rochdale Borough Council,s1025276,16/10/2019,"£42,686.43",N COMPASS,CONTRACTS,BETTER CARE FUND POOLED BUDGET
Rochdale Borough Council,s1025279,16/10/2019,"£23,480.00",CHERISH UK LTD,HOME CARE - ADULT SERVICES,ADULT CARE LCO FUNCTIONS
Rochdale Borough Council,x1018679,16/10/2019,"£17,799.66",CITY OF BRADFORD METROPOLITAN DISTRICT COUNCIL,AGENCY STAFF,CHILDREN’S SOCIAL CARE
Rochdale Borough Council,x1018680,16/10/2019,"£17,799.66",CITY OF BRADFORD METROPOLITAN DISTRICT COUNCIL,AGENCY STAFF,CHILDREN’S SOCIAL CARE
Rochdale Borough Council,d1084675,16/10/2019,"£8,621.42",NORTHGATE VEHICLE HIRE LIMITED,TRANSACTIONS-EXPENDITURE,NEIGHBOURHOODS AND ENVIRONMENT
Rochdale Borough Council,e1028983,16/10/2019,"£7,200.00",AXIOM EDUCATION ROCHDALE LIMITED,"DEV CAP - NEW CONSTRUCTION,CONVERSION",EARLY HELP AND SCHOOLS
Rochdale Borough Council,s1025272,16/10/2019,"£6,037.00",STANNAH LIFT SERVICES LTD,MINOR BUILDING WORKS,ADULT CARE LCO FUNCTIONS
Rochdale Borough Council,s1025277,16/10/2019,"£5,848.88",FUTURE DIRECTIONS CIC,SOCIAL SERVICES OTHER,ADULT CARE LCO FUNCTIONS
Rochdale Borough Council,e1028979,16/10/2019,"£5,000.00",RANDSTAD EDUCATION,INDEPENDENT UNITS,EARLY HELP AND SCHOOLS
Rochdale Borough Council,e1028980,16/10/2019,"£5,000.00",RANDSTAD EDUCATION,INDEPENDENT UNITS,EARLY HELP AND SCHOOLS
Rochdale Borough Council,d1084689,17/10/2019,"£7,800.00",STREAMLINE TAXIS,TAXI HIRE,NEIGHBOURHOODS AND ENVIRONMENT
Rochdale Borough Council,d1084681,17/10/2019,"£6,200.00",ROCHDALE TOWN TAXIS LTD,TAXI HIRE,NEIGHBOURHOODS AND ENVIRONMENT
Rochdale Borough Council,d3002638,17/10/2019,"£268,698.34",GTM ELECTRICAL SERVICES LIMITED,PROPERTY - WORKS ELEMENT,PROPERTY AND HIGHWAYS
Rochdale Borough Council,d3002633,17/10/2019,"£12,817.77",UNITY PARTNERSHIP LTD,MAINTENANCE,PROPERTY AND HIGHWAYS
Rochdale Borough Council,s1025285,17/10/2019,"£10,158.00",UPS BUILDING AND MAINTENANCE LTD,MINOR BUILDING WORKS,ADULT CARE LCO FUNCTIONS
Rochdale Borough Council,d3002640,17/10/2019,"£9,270.65",UNIVERSAL RENEWABLES O AND M LTD,MINOR BUILDING WORKS,PROPERTY AND HIGHWAYS
Rochdale Borough Council,s1025291,17/10/2019,"£8,734.84",UPS BUILDING AND MAINTENANCE LTD,TRANSACTIONS-EXPENDITURE,ADULT CARE LCO FUNCTIONS
Rochdale Borough Council,d1084684,17/10/2019,"£7,700.00",F S MOULT AND SON,MINOR BUILDING WORKS,NEIGHBOURHOODS AND ENVIRONMENT
Rochdale Borough Council,s1025292,17/10/2019,"£6,317.47",UPS BUILDING AND MAINTENANCE LTD,MINOR BUILDING WORKS,ADULT CARE LCO FUNCTIONS
Rochdale Borough Council,d2001887,17/10/2019,"£5,541.72",KHIPU NETWORKS LTD,PURCHASE OF ICT HARDWARE,NEIGHBOURHOODS AND ENVIRONMENT
Rochdale Borough Council,s1025293,17/10/2019,"£5,415.30",UPS BUILDING AND MAINTENANCE LTD,MINOR BUILDING WORKS,ADULT CARE LCO FUNCTIONS
Rochdale Borough Council,s1025289,17/10/2019,"£5,321.64",UPS BUILDING AND MAINTENANCE LTD,MINOR BUILDING WORKS,ADULT CARE LCO FUNCTIONS
Rochdale Borough Council,s1025294,17/10/2019,"£5,139.26",UPS BUILDING AND MAINTENANCE LTD,MINOR BUILDING WORKS,ADULT CARE LCO FUNCTIONS
Rochdale Borough Council,s1025284,17/10/2019,"£5,022.00",STANNAH LIFT SERVICES LTD,MINOR BUILDING WORKS,ADULT CARE LCO FUNCTIONS
Rochdale Borough Council,e1029000,18/10/2019,"£794,911.43",AXIOM EDUCATION ROCHDALE LIMITED,PFI SCHEMES RPIX,EARLY HELP AND SCHOOLS
Rochdale Borough Council,d1084705,18/10/2019,"£31,002.00",STANDARD FUEL OILS,TRANSACTIONS-EXPENDITURE,NEIGHBOURHOODS AND ENVIRONMENT
Rochdale Borough Council,s1025302,18/10/2019,"£10,000.00",S MUSTAFA LIMITED,EXPENSES - GENERAL,COMMISSIONING AND STATUTORY
Rochdale Borough Council,e1028997,18/10/2019,"£9,049.22",AXIOM EDUCATION ROCHDALE LIMITED,WATER CHARGES,EARLY HELP AND SCHOOLS
Rochdale Borough Council,s1025299,18/10/2019,"£5,581.62",UPS BUILDING AND MAINTENANCE LTD,MINOR BUILDING WORKS,ADULT CARE LCO FUNCTIONS
Rochdale Borough Council,d1084701,18/10/2019,"£5,000.00",REDACTED - PERSONAL DATA,OTHER POST MORTEMS,NEIGHBOURHOODS AND ENVIRONMENT
Rochdale Borough Council,e1029003,21/10/2019,"£23,500.00",IMOSPHERE LIMITED,LICENCE,EARLY HELP AND SCHOOLS
Rochdale Borough Council,d2001892,21/10/2019,"£13,688.33",BUCHANAN COMPUTING LTD,SOFTWARE,PROPERTY AND HIGHWAYS
Rochdale Borough Council,ph103948,21/10/2019,"£13,612.00",THE PENNINE ACUTE HOSPITALS NHS TRUST,PH OTHER CONTRACTS,PUBLIC HEALTH
Rochdale Borough Council,s1025307,21/10/2019,"£11,510.27",POLLOCK LIFTS,MINOR BUILDING WORKS,ADULT CARE LCO FUNCTIONS
Rochdale Borough Council,d1084714,21/10/2019,"£10,000.00",NO GRAFFITI LTD,CONTRACTED SERVICES,NEIGHBOURHOODS AND ENVIRONMENT
Rochdale Borough Council,d2001893,21/10/2019,"£9,246.50",DAISY COMMUNICATIONS LTD,TRANSACTIONS-EXPENDITURE,NEIGHBOURHOODS AND ENVIRONMENT
Rochdale Borough Council,s1025310,21/10/2019,"£5,618.97",UPS BUILDING AND MAINTENANCE LTD,MINOR BUILDING WORKS,ADULT CARE LCO FUNCTIONS
Rochdale Borough Council,s1025312,21/10/2019,"£5,575.23",UPS BUILDING AND MAINTENANCE LTD,MINOR BUILDING WORKS,ADULT CARE LCO FUNCTIONS
Rochdale Borough Council,s1025306,21/10/2019,"£5,286.45",UPS BUILDING AND MAINTENANCE LTD,MINOR BUILDING WORKS,ADULT CARE LCO FUNCTIONS
Rochdale Borough Council,d1084710,21/10/2019,"£5,117.00",EMO OIL LIMITED,OIL,NEIGHBOURHOODS AND ENVIRONMENT
Rochdale Borough Council,d1084727,22/10/2019,"£53,820.00",F S MOULT AND SON,PROPERTY REFURBISHMENT (HOUSING),NEIGHBOURHOODS AND ENVIRONMENT
Rochdale Borough Council,s1025313,22/10/2019,"£22,868.00",GMCA,SERVICE LEVEL AGREEMENTS,COMMISSIONING AND STATUTORY
Rochdale Borough Council,d1084730,22/10/2019,"£21,932.00",THE SANCTUARY TRUST,GRANTS TO THE VOLUNTARY SECTOR,NEIGHBOURHOODS AND ENVIRONMENT
Rochdale Borough Council,r1002278,22/10/2019,"£13,034.20",ROCHDALE DEVELOPMENT AGENCY,CONTRACTED SERVICES,ECONOMY DIRECTORATE
Rochdale Borough Council,d1084732,22/10/2019,"£10,000.00",OLDHAM AND ROCHDALE GROUNDWORK TRUST LTD,GRANTS TO OTHER BODIES,NEIGHBOURHOODS AND ENVIRONMENT
Rochdale Borough Council,d2001895,22/10/2019,"£8,799.00",XMA LIMITED,PURCHASE OF ICT HARDWARE,NEIGHBOURHOODS AND ENVIRONMENT
Rochdale Borough Council,x1018705,22/10/2019,"£8,065.20",CONTACT GROUP,ACTIVITIES,EARLY HELP AND SCHOOLS
Rochdale Borough Council,d2001896,22/10/2019,"£5,250.00",ARTIFAX SOFTWARE LTD,SOFTWARE,NEIGHBOURHOODS AND ENVIRONMENT
Rochdale Borough Council,d3002673,23/10/2019,"£40,000.00",ATKINS LIMITED,ROADWORKS,PROPERTY AND HIGHWAYS
Rochdale Borough Council,d3002674,23/10/2019,"£14,090.00",PTSG ELECTRICAL SERVICES LTD,PROPERTY - WORKS ELEMENT,PROPERTY AND HIGHWAYS
Rochdale Borough Council,d2001902,23/10/2019,"£6,500.00",DATABASE SERVICE PROVIDER GLOBAL LTD,IT EQUIPMENT,NEIGHBOURHOODS AND ENVIRONMENT
Rochdale Borough Council,r1002280,24/10/2019,"£44,750.00",METCRAFT LIGHTING LIMITED,ENGINEERS FEES,ECONOMY DIRECTORATE
Rochdale Borough Council,x1018748,24/10/2019,"£8,901.46",ROSS CARE,EQUIPMENT - GENERAL,EARLY HELP AND SCHOOLS
Rochdale Borough Council,f1008436,24/10/2019,"£5,240.48",HEALTH MANAGEMENT LIMITED,OCCUPATIONAL HEALTH,RESOURCES
Rochdale Borough Council,d1084770,25/10/2019,"£23,000.00",SHE SOFTWARE LTD,EQUIPMENT - GENERAL,NEIGHBOURHOODS AND ENVIRONMENT
Rochdale Borough Council,s1025325,25/10/2019,"£6,633.19",UPS BUILDING AND MAINTENANCE LTD,MINOR BUILDING WORKS,ADULT CARE LCO FUNCTIONS
Rochdale Borough Council,s1025324,25/10/2019,"£5,158.97",UPS BUILDING AND MAINTENANCE LTD,MINOR BUILDING WORKS,ADULT CARE LCO FUNCTIONS
Rochdale Borough Council,d1084785,28/10/2019,"£41,651.10",ROCHDALE BOROUGHWIDE HOUSING,ACCOMMODATION,NEIGHBOURHOODS AND ENVIRONMENT
Rochdale Borough Council,r1002282,28/10/2019,"£15,000.00",DONALD INSALL ASSOCIATES,CONSULTANTS FEES,ECONOMY DIRECTORATE
Rochdale Borough Council,d3002690,28/10/2019,"£6,634.14",STEVE GREEN ELECTRICAL LTD,MINOR BUILDING WORKS,PROPERTY AND HIGHWAYS
Rochdale Borough Council,d3002692,28/10/2019,"£5,960.00",GTM ELECTRICAL SERVICES LIMITED,MINOR BUILDING WORKS,PROPERTY AND HIGHWAYS
Rochdale Borough Council,x1018762,29/10/2019,"£114,011.24",BOLTON MBC,ADOPTION PAYMENTS,CHILDREN’S SOCIAL CARE
Rochdale Borough Council,d3002701,29/10/2019,"£961,662.50",BALFOUR BEATTY LIVING PLACES,TRANSACTIONS-EXPENDITURE,PROPERTY AND HIGHWAYS
Rochdale Borough Council,e1029036,29/10/2019,"£22,184.52",NEW BRIDGE  SCHOOL,OTHER EST - SEN PROVISION,EARLY HELP AND SCHOOLS
Rochdale Borough Council,f1008447,29/10/2019,"£21,000.00",AON LIMITED,TRANSACTIONS-EXPENDITURE,RESOURCES
Rochdale Borough Council,d1084822,29/10/2019,"£15,600.00",ROCHDALE HOUSING INITIATIVE,BUILDINGS-ACQUISITIONS,NEIGHBOURHOODS AND ENVIRONMENT
Rochdale Borough Council,d3002697,29/10/2019,"£14,706.00",J C MILLS & SON LIMITED,MINOR BUILDING WORKS,PROPERTY AND HIGHWAYS
Rochdale Borough Council,f1008448,29/10/2019,"£13,871.42",AON LIMITED,TRANSACTIONS-EXPENDITURE,RESOURCES
Rochdale Borough Council,d1084807,29/10/2019,"£9,240.00",HIGH PEAK FORENSICS LTD,OTHER POST MORTEMS,NEIGHBOURHOODS AND ENVIRONMENT
Rochdale Borough Council,d3002695,29/10/2019,"£8,269.00",STEVE GREEN ELECTRICAL LTD,MINOR BUILDING WORKS,PROPERTY AND HIGHWAYS
Rochdale Borough Council,e1029040,29/10/2019,"£8,149.79",PENNINE CARE NHS,HEALTH AUTH - SERVICE LEVEL AGREEMENT,EARLY HELP AND SCHOOLS
Rochdale Borough Council,r1002284,29/10/2019,"£7,292.00",GENR8 DEVELOPMENTS LLP,CONDITION SURVEYS,ECONOMY DIRECTORATE
Rochdale Borough Council,ph103965,29/10/2019,"£6,617.93",BRAHM FUNDCO 1 LTD,RENTS,PUBLIC HEALTH
Rochdale Borough Council,d1084797,29/10/2019,"£5,500.00",G AND A TAYLOR HOTELS LTD,ACCOMMODATION,NEIGHBOURHOODS AND ENVIRONMENT
Rochdale Borough Council,d1084798,29/10/2019,"£5,500.00",G AND A TAYLOR HOTELS LTD,ACCOMMODATION,NEIGHBOURHOODS AND ENVIRONMENT
Rochdale Borough Council,d1084799,29/10/2019,"£5,500.00",G AND A TAYLOR HOTELS LTD,ACCOMMODATION,NEIGHBOURHOODS AND ENVIRONMENT
Rochdale Borough Council,d1084800,29/10/2019,"£5,500.00",G AND A TAYLOR HOTELS LTD,ACCOMMODATION,NEIGHBOURHOODS AND ENVIRONMENT
Rochdale Borough Council,d3002705,30/10/2019,"£368,650.17",COMMUNITY LIGHTING PARTNERSHIP ROCHDALE LTD,PFI SCHEMES RPIX,PROPERTY AND HIGHWAYS
Rochdale Borough Council,d3002713,30/10/2019,"£39,410.00",GROUNDWORK LANDSCAPES LIMITED,MINOR BUILDING WORKS,NEIGHBOURHOODS AND ENVIRONMENT
Rochdale Borough Council,d2001928,30/10/2019,"£21,375.00",STHREE PARTNERSHIP LLP,AGENCY STAFF,NEIGHBOURHOODS AND ENVIRONMENT
Rochdale Borough Council,ph103971,30/10/2019,"£20,079.71",BIG LIFE CENTRES,CONTRACTED SERVICES,PUBLIC HEALTH
Rochdale Borough Council,d3002716,30/10/2019,"£17,227.87",FACE TO FACE SOLUTIONS LTD,MINOR BUILDING WORKS,PROPERTY AND HIGHWAYS
Rochdale Borough Council,e1029050,30/10/2019,"£11,880.00",BELMONT SCHOOL LIMITED,OTHER LA`S - SEN PROVISION,EARLY HELP AND SCHOOLS
Rochdale Borough Council,e1029051,30/10/2019,"£11,572.00",ROSSENDALE SCHOOL PRIORY,OTHER LA`S - SEN PROVISION,EARLY HELP AND SCHOOLS
Rochdale Borough Council,d3002715,30/10/2019,"£10,780.00",FACE TO FACE SOLUTIONS LTD,MINOR BUILDING WORKS,PROPERTY AND HIGHWAYS
Rochdale Borough Council,e1029058,30/10/2019,"£9,507.50",AXIOM EDUCATION ROCHDALE LIMITED,"DEV CAP - NEW CONSTRUCTION,CONVERSION",EARLY HELP AND SCHOOLS
Rochdale Borough Council,e1029049,30/10/2019,"£9,332.50",PURE INNOVATIONS LIMITED,CONVEYANCE OF CHILDREN (NOT HOME - SCHOO,EARLY HELP AND SCHOOLS
Rochdale Borough Council,d1084831,30/10/2019,"£7,800.00",BLOOM PROCUREMENT SERVICES LTD,SECURITY,NEIGHBOURHOODS AND ENVIRONMENT
Rochdale Borough Council,d3002704,30/10/2019,"£7,500.00",F S MOULT AND SON,REPAIRS & ALTS OF BUILDINGS,ECONOMY DIRECTORATE
Rochdale Borough Council,d2001927,30/10/2019,"£6,800.00",UPDATA INFRASTRUCTURE UK LTD,COMMUNICATION AND COMPUTING - GENERAL,NEIGHBOURHOODS AND ENVIRONMENT
Rochdale Borough Council,d1084867,31/10/2019,"£216,952.31",BLOOM PROCUREMENT SERVICES LTD,CONSULTANT FEES,NEIGHBOURHOODS AND ENVIRONMENT
Rochdale Borough Council,d1084861,31/10/2019,"£100,000.00",ROCHDALE BOROUGHWIDE HOUSING,ACTIVITIES,NEIGHBOURHOODS AND ENVIRONMENT
Rochdale Borough Council,d1084863,31/10/2019,"£100,000.00",ROCHDALE BOROUGHWIDE HOUSING,CONTRACTS,NEIGHBOURHOODS AND ENVIRONMENT
Rochdale Borough Council,d1084862,31/10/2019,"£40,000.00",ROCHDALE BOROUGHWIDE HOUSING,ACTIVITIES,NEIGHBOURHOODS AND ENVIRONMENT
Rochdale Borough Council,e1029068,31/10/2019,"£23,144.00",ROSSENDALE SCHOOL PRIORY,OTHER EST - SEN PROVISION,EARLY HELP AND SCHOOLS
Rochdale Borough Council,e1029072,31/10/2019,"£23,144.00",ROSSENDALE SCHOOL PRIORY,OTHER LA`S - SEN PROVISION,EARLY HELP AND SCHOOLS
Rochdale Borough Council,e1029067,31/10/2019,"£22,500.00",ROSSENDALE SCHOOL PRIORY,OTHER LA`S - SEN PROVISION,EARLY HELP AND SCHOOLS
Rochdale Borough Council,e1029071,31/10/2019,"£20,572.00",ROSSENDALE SCHOOL PRIORY,OTHER LA`S - SEN PROVISION,EARLY HELP AND SCHOOLS
Rochdale Borough Council,e1029070,31/10/2019,"£20,000.00",ROSSENDALE SCHOOL PRIORY,OTHER LA`S - SEN PROVISION,EARLY HELP AND SCHOOLS
Rochdale Borough Council,ph103972,31/10/2019,"£17,133.13",SAFENET DOMESTIC ABUSE SERVICE,PH OTHER CONTRACTS,PUBLIC HEALTH
Rochdale Borough Council,ph103973,31/10/2019,"£13,143.82",ROCHDALE HOUSING INITIATIVE,CONTRACTED SERVICES,PUBLIC HEALTH
Rochdale Borough Council,e1029069,31/10/2019,"£9,350.00",HORIZON CARE AND EDUCATION,OTHER LA`S - SEN PROVISION,EARLY HELP AND SCHOOLS
Rochdale Borough Council,s1025340,31/10/2019,"£7,725.00",IMOSPHERE LIMITED,IT MAINTENANCE,ADULT CARE LCO FUNCTIONS
Rochdale Borough Council,x1018783,01/11/2019,"£30,000.00",GATENBY SANDERSON,TRAINING,CHILDREN’S SOCIAL CARE
Rochdale Borough Council,ph103975,01/11/2019,"£9,832.16",RIS PRODUCTS LTD,CONTRACTED SERVICES,PUBLIC HEALTH
Rochdale Borough Council,w1002011,04/11/2019,"£61,976.26",ROSS CARE,CONTRACTS,BETTER CARE FUND POOLED BUDGET
Rochdale Borough Council,s1025353,04/11/2019,"£15,000.00",REDACTED - PERSONAL DATA,EXPENSES - GENERAL,COMMISSIONING AND STATUTORY
Rochdale Borough Council,s1025366,04/11/2019,"£9,532.52",POLLOCK LIFTS,MINOR BUILDING WORKS,ADULT CARE LCO FUNCTIONS
Rochdale Borough Council,s1025361,04/11/2019,"£6,981.64",UPS BUILDING AND MAINTENANCE LTD,MINOR BUILDING WORKS,ADULT CARE LCO FUNCTIONS
Rochdale Borough Council,s1025365,04/11/2019,"£6,491.08",UPS BUILDING AND MAINTENANCE LTD,MINOR BUILDING WORKS,ADULT CARE LCO FUNCTIONS
Rochdale Borough Council,s1025360,04/11/2019,"£6,079.22",UPS BUILDING AND MAINTENANCE LTD,MINOR BUILDING WORKS,ADULT CARE LCO FUNCTIONS
Rochdale Borough Council,d3002727,04/11/2019,"£5,980.00",HBL ASSOCIATES LTD,CONSULTANTS FEES,EARLY HELP AND SCHOOLS
Rochdale Borough Council,s1025358,04/11/2019,"£5,180.50",UPS BUILDING AND MAINTENANCE LTD,MINOR BUILDING WORKS,ADULT CARE LCO FUNCTIONS
Rochdale Borough Council,x1018791,05/11/2019,"£31,620.00",ADOPTION FOCUS,ADOPTION PAYMENTS,CHILDREN’S SOCIAL CARE
Rochdale Borough Council,e1029099,05/11/2019,"£11,600.00",HORIZON CARE AND EDUCATION,OTHER LA`S - SEN PROVISION,EARLY HELP AND SCHOOLS
Rochdale Borough Council,e1029098,05/11/2019,"£6,296.00",KINGFISHER SPECIAL SCHOOL,OTHER EST - SEN PROVISION,EARLY HELP AND SCHOOLS
Rochdale Borough Council,s1025371,05/11/2019,"£5,712.18",UPS BUILDING AND MAINTENANCE LTD,MINOR BUILDING WORKS,ADULT CARE LCO FUNCTIONS
Rochdale Borough Council,s1025369,05/11/2019,"£5,049.68",UPS BUILDING AND MAINTENANCE LTD,MINOR BUILDING WORKS,ADULT CARE LCO FUNCTIONS
Rochdale Borough Council,r1002301,06/11/2019,"£22,587.00",DONALD INSALL ASSOCIATES,MINOR BUILDING WORKS,ECONOMY DIRECTORATE
Rochdale Borough Council,ph103983,06/11/2019,"£22,236.00",TURNING POINT,CONTRACTED SERVICES,PUBLIC HEALTH
Rochdale Borough Council,d1084925,06/11/2019,"£9,825.00",DICK WHITTINGTON GUEST HOUSE,ACCOMMODATION,NEIGHBOURHOODS AND ENVIRONMENT
Rochdale Borough Council,r1002302,06/11/2019,"£6,762.21",CHESHIRE WEST AND CHESTER COUNCIL,ENVIRONMENTAL WORKS LANDSCAPE,ECONOMY DIRECTORATE
Rochdale Borough Council,d1084927,06/11/2019,"£5,150.00",GROUNDWORK LANDSCAPES LIMITED,ENVIRONMENTAL WORKS LANDSCAPE,NEIGHBOURHOODS AND ENVIRONMENT
Rochdale Borough Council,d1084965,07/11/2019,"£11,500.00",STREAMLINE TAXIS,TAXI HIRE,NEIGHBOURHOODS AND ENVIRONMENT
Rochdale Borough Council,d1084968,07/11/2019,"£5,700.00",MIDDLETON CARS,TAXI HIRE,NEIGHBOURHOODS AND ENVIRONMENT
Rochdale Borough Council,d3002742,07/11/2019,"£46,000.00",SEDDON CONSTRUCTION LTD,MINOR BUILDING WORKS,EARLY HELP AND SCHOOLS
Rochdale Borough Council,e1029111,07/11/2019,"£34,598.20",AXIOM EDUCATION ROCHDALE LIMITED,MEALS,EARLY HELP AND SCHOOLS
Rochdale Borough Council,d1084954,07/11/2019,"£30,294.00",STANDARD FUEL OILS,TRANSACTIONS-EXPENDITURE,NEIGHBOURHOODS AND ENVIRONMENT
Rochdale Borough Council,d1084973,07/11/2019,"£6,398.49",F S MOULT AND SON,MINOR BUILDING WORKS,NEIGHBOURHOODS AND ENVIRONMENT
Rochdale Borough Council,d3002743,07/11/2019,"£6,000.00",W J LEWIS BUILDERS MERCHANTS LIMITED,PROPERTY - WORKS ELEMENT,PROPERTY AND HIGHWAYS
Rochdale Borough Council,s1025379,07/11/2019,"£5,113.84",UPS BUILDING AND MAINTENANCE LTD,MINOR BUILDING WORKS,ADULT CARE LCO FUNCTIONS
Rochdale Borough Council,d4002265,08/11/2019,"£22,575.00",SCHNEIDER ELECTRIC LIMITED,SPECIFIED MAINTENANCE,NEIGHBOURHOODS AND ENVIRONMENT
Rochdale Borough Council,s1025382,08/11/2019,"£18,795.00",SHERIDAN LIFTS LTD,MAINTENANCE STAIRLIFTS,ADULT CARE LCO FUNCTIONS
Rochdale Borough Council,x1018820,08/11/2019,"£6,720.00",PEOPLE WHO FOSTER,HOME CARE - CHILDRENS SERVICES,EARLY HELP AND SCHOOLS
Rochdale Borough Council,f1008472,08/11/2019,"£6,681.17",ALPHATECH PRINT AND DATA SERVICES LTD,PRINTING & STATIONERY,RESOURCES
Rochdale Borough Council,e1029131,11/11/2019,"£423,016.18",INSPIREDSPACES ROCHDALE PROJECTCO2 LTD,PFI SCHEMES RPIX,EARLY HELP AND SCHOOLS
Rochdale Borough Council,e1029130,11/11/2019,"£343,414.94",INSPIREDSPACES ROCHDALE PROJECT CO1 LTD,PFI SCHEMES RPIX,EARLY HELP AND SCHOOLS
Rochdale Borough Council,d3002770,11/11/2019,"£79,298.98",GREENFIELDS SPORTS SURFACES UK LTD,MINOR BUILDING WORKS,PROPERTY AND HIGHWAYS
Rochdale Borough Council,d1085002,11/11/2019,"£9,882.42",ROCHDALE BOROUGHWIDE HOUSING,CONTRACTS,NEIGHBOURHOODS AND ENVIRONMENT
Rochdale Borough Council,x1018823,11/11/2019,"£8,600.00",SIGNIS LIMITED,CONTRACTS,CHILDREN’S SOCIAL CARE
Rochdale Borough Council,d1085012,11/11/2019,"£5,781.25",THE CHILDRENS SOCIETY SERVICES LTD,PROJECTS,NEIGHBOURHOODS AND ENVIRONMENT
Rochdale Borough Council,d1085013,11/11/2019,"£5,781.25",THE CHILDRENS SOCIETY SERVICES LTD,PROJECTS,NEIGHBOURHOODS AND ENVIRONMENT
Rochdale Borough Council,s1025386,11/11/2019,"£5,767.16",UPS BUILDING AND MAINTENANCE LTD,MINOR BUILDING WORKS,ADULT CARE LCO FUNCTIONS
Rochdale Borough Council,s1025385,11/11/2019,"£5,152.43",UPS BUILDING AND MAINTENANCE LTD,MINOR BUILDING WORKS,ADULT CARE LCO FUNCTIONS
Rochdale Borough Council,x1018824,11/11/2019,"£5,000.00",RANDSTAD EDUCATION,INDEPENDENT UNITS,EARLY HELP AND SCHOOLS
Rochdale Borough Council,d1085031,12/11/2019,"£10,000.00",CAR 2000 HEYWOOD LLP,TAXI HIRE,NEIGHBOURHOODS AND ENVIRONMENT
Rochdale Borough Council,r1002307,12/11/2019,"£24,851.00",MATHER AND ELLIS LTD,MINOR BUILDING WORKS,ECONOMY DIRECTORATE
Rochdale Borough Council,w1002012,12/11/2019,"£22,292.00",CHERISH UK LTD,CONTRACTS,ADULT CARE LCO FUNCTIONS
Rochdale Borough Council,d3002774,12/11/2019,"£20,396.55",A A ARNOLD LIMITED,MINOR BUILDING WORKS,PROPERTY AND HIGHWAYS
Rochdale Borough Council,d3002771,12/11/2019,"£9,500.00",G2 RECRUITMENT SOLUTIONS LTD,AGENCY STAFF,ECONOMY DIRECTORATE
Rochdale Borough Council,w1002015,12/11/2019,"£8,696.49",NHS HEYWOOD MIDDLETON AND ROCHDALE CCG,HOME CARE - ADULT SERVICES,ADULT CARE LCO FUNCTIONS
Rochdale Borough Council,s1025396,12/11/2019,"£7,193.77",UPS BUILDING AND MAINTENANCE LTD,MINOR BUILDING WORKS,ADULT CARE LCO FUNCTIONS
Rochdale Borough Council,s1025400,12/11/2019,"£6,103.68",UPS BUILDING AND MAINTENANCE LTD,MINOR BUILDING WORKS,ADULT CARE LCO FUNCTIONS
Rochdale Borough Council,s1025402,12/11/2019,"£5,970.32",UPS BUILDING AND MAINTENANCE LTD,MINOR BUILDING WORKS,ADULT CARE LCO FUNCTIONS
Rochdale Borough Council,d1085023,12/11/2019,"£5,793.75",JGM AGENCY,PUBLICITY,NEIGHBOURHOODS AND ENVIRONMENT
Rochdale Borough Council,s1025403,12/11/2019,"£5,662.19",UPS BUILDING AND MAINTENANCE LTD,MINOR BUILDING WORKS,ADULT CARE LCO FUNCTIONS
Rochdale Borough Council,s1025405,12/11/2019,"£5,298.29",UPS BUILDING AND MAINTENANCE LTD,MINOR BUILDING WORKS,ADULT CARE LCO FUNCTIONS
Rochdale Borough Council,s1025404,12/11/2019,"£5,167.00",STANNAH LIFT SERVICES LTD,MINOR BUILDING WORKS,ADULT CARE LCO FUNCTIONS
Rochdale Borough Council,d1085035,12/11/2019,"£5,120.00",REDFOX COUNTRYSIDE SERVICES,ENVIRONMENTAL WORKS LANDSCAPE,NEIGHBOURHOODS AND ENVIRONMENT
Rochdale Borough Council,s1025401,12/11/2019,"£5,070.52",UPS BUILDING AND MAINTENANCE LTD,MINOR BUILDING WORKS,ADULT CARE LCO FUNCTIONS
Rochdale Borough Council,e1029154,13/11/2019,"£426,490.27",AXIOM EDUCATION ROCHDALE LIMITED,PFI SCHEMES RPIX,EARLY HELP AND SCHOOLS
Rochdale Borough Council,ph103992,13/11/2019,"£88,944.00",PENNINE CARE NHS,PH PENNINE CARE CONTRACT,PUBLIC HEALTH
Rochdale Borough Council,d2001955,13/11/2019,"£19,500.00",CIVICA UK LIMITED,SOFTWARE,NEIGHBOURHOODS AND ENVIRONMENT
Rochdale Borough Council,e1029152,13/11/2019,"£11,286.67",BELMONT SCHOOL LIMITED,OTHER LA`S - SEN PROVISION,EARLY HELP AND SCHOOLS
Rochdale Borough Council,d3002776,13/11/2019,"£7,500.00",EQUITA LIMITED,TRANSACTIONS-EXPENDITURE,NEIGHBOURHOODS AND ENVIRONMENT
Rochdale Borough Council,s1025413,13/11/2019,"£6,284.80",ROUTES HEALTHCARE NORTH LTD,HOME CARE - ADULT SERVICES,ADULT CARE LCO FUNCTIONS
Rochdale Borough Council,d1085060,13/11/2019,"£5,400.00",INNOVATIVE SAFETY SYSTEMS LTD,EQUIPMENT - GENERAL,NEIGHBOURHOODS AND ENVIRONMENT
Rochdale Borough Council,x1018861,14/11/2019,"£50,000.00",TOGETHER FOR CHILDREN,ADOPTION PAYMENTS,CHILDREN’S SOCIAL CARE
Rochdale Borough Council,ph103998,14/11/2019,"£327,779.00",PENNINE CARE NHS,PH PENNINE CARE CONTRACT,PUBLIC HEALTH
Rochdale Borough Council,x1018862,14/11/2019,"£50,000.00",BALTIMORE CONSULTING LTD,AGENCY STAFF,CHILDREN’S SOCIAL CARE
Rochdale Borough Council,f1008491,14/11/2019,"£36,874.99",CHILDCARE VOUCHERS LIMITED,TRANSACTIONS-EXPENDITURE,RESOURCES
Rochdale Borough Council,d2001963,14/11/2019,"£22,716.00",THALES UK LIMITED,SOFTWARE,NEIGHBOURHOODS AND ENVIRONMENT
Rochdale Borough Council,d1085076,14/11/2019,"£14,763.00",WICKSTEED LEISURE LIMITED,MAINTENANCE,NEIGHBOURHOODS AND ENVIRONMENT
Rochdale Borough Council,d2001961,14/11/2019,"£13,883.18",CONDUENT PARKING ENFORCEMENT SOL LTD,SOFTWARE,PROPERTY AND HIGHWAYS
Rochdale Borough Council,x1018856,14/11/2019,"£10,155.00",STONE COMPUTERS LIMITED,IT EQUIPMENT,EARLY HELP AND SCHOOLS
Rochdale Borough Council,w1002016,14/11/2019,"£8,385.67",PENNINE CARE NHS,INDEPENDENT UNITS,BETTER CARE FUND POOLED BUDGET
Rochdale Borough Council,w1002017,14/11/2019,"£8,365.67",PENNINE CARE NHS,INDEPENDENT UNITS,BETTER CARE FUND POOLED BUDGET
Rochdale Borough Council,d1085078,14/11/2019,"£8,100.10",NORTHGATE VEHICLE HIRE LIMITED,TRANSACTIONS-EXPENDITURE,NEIGHBOURHOODS AND ENVIRONMENT
Rochdale Borough Council,d3002792,15/11/2019,"£105,000.00",WATERMAN INFASTRUCTURE AND ENVIRONMENT LTD,ENGINEERS FEES,PROPERTY AND HIGHWAYS
Rochdale Borough Council,d3002793,15/11/2019,"£83,000.00",WATERMAN INFASTRUCTURE AND ENVIRONMENT LTD,ENGINEERS FEES,PROPERTY AND HIGHWAYS
Rochdale Borough Council,d2001968,15/11/2019,"£14,359.00",UPDATA INFRASTRUCTURE UK LTD,COMMUNICATION AND COMPUTING - GENERAL,NEIGHBOURHOODS AND ENVIRONMENT
Rochdale Borough Council,d1085097,18/11/2019,"£460,764.00",WOODALL NICHOLSON LIMITED,PURCHASE OF VEHICLES,NEIGHBOURHOODS AND ENVIRONMENT
Rochdale Borough Council,d1085100,18/11/2019,"£88,000.00",BLOOM PROCUREMENT SERVICES LTD,ARCHITECTS FEES,NEIGHBOURHOODS AND ENVIRONMENT
Rochdale Borough Council,d1085089,18/11/2019,"£53,181.44",ROCHDALE BOROUGHWIDE HOUSING,BASIC WAGES,NEIGHBOURHOODS AND ENVIRONMENT
Rochdale Borough Council,r1002316,18/11/2019,"£20,500.00",ROCHDALE DEVELOPMENT AGENCY,ROADWORKS,PROPERTY AND HIGHWAYS
Rochdale Borough Council,d1085091,18/11/2019,"£17,544.56",J GREENWOOD (BUILDERS) LIMITED,MINOR BUILDING WORKS,NEIGHBOURHOODS AND ENVIRONMENT
Rochdale Borough Council,s1025425,18/11/2019,"£6,080.76",UPS BUILDING AND MAINTENANCE LTD,MINOR BUILDING WORKS,ADULT CARE LCO FUNCTIONS
Rochdale Borough Council,r1002313,18/11/2019,"£5,000.00",ROCHDALE DEVELOPMENT AGENCY,PROFESSIONAL FEES,ECONOMY DIRECTORATE
Rochdale Borough Council,r1002315,18/11/2019,"£5,000.00",ROCHDALE DEVELOPMENT AGENCY,CAPITAL SALARIES,ECONOMY DIRECTORATE
Rochdale Borough Council,x1018933,19/11/2019,"£17,250.00",GATENBY SANDERSON,TRAINING,CHILDREN’S SOCIAL CARE
Rochdale Borough Council,d3002813,19/11/2019,"£9,500.00",G2 RECRUITMENT SOLUTIONS LTD,AGENCY STAFF,ECONOMY DIRECTORATE
Rochdale Borough Council,d3002812,19/11/2019,"£7,500.00",EQUITA LIMITED,TRANSACTIONS-EXPENDITURE,NEIGHBOURHOODS AND ENVIRONMENT
Rochdale Borough Council,d3002810,19/11/2019,"£7,196.00",GROUNDWORK LANDSCAPES LIMITED,REPAIRS & ALTS OF BUILDINGS,ECONOMY DIRECTORATE
Rochdale Borough Council,s1025431,19/11/2019,"£6,170.84",UPS BUILDING AND MAINTENANCE LTD,MINOR BUILDING WORKS,ADULT CARE LCO FUNCTIONS
Rochdale Borough Council,s1025428,19/11/2019,"£5,904.95",UPS BUILDING AND MAINTENANCE LTD,MINOR BUILDING WORKS,ADULT CARE LCO FUNCTIONS
Rochdale Borough Council,s1025430,19/11/2019,"£5,512.73",UPS BUILDING AND MAINTENANCE LTD,MINOR BUILDING WORKS,ADULT CARE LCO FUNCTIONS
Rochdale Borough Council,s1025427,19/11/2019,"£5,346.06",UPS BUILDING AND MAINTENANCE LTD,MINOR BUILDING WORKS,ADULT CARE LCO FUNCTIONS
Rochdale Borough Council,x1018944,20/11/2019,"£19,734.00",ADOPTION MATTERS NORTHWEST,ADOPTION PAYMENTS,CHILDREN’S SOCIAL CARE
Rochdale Borough Council,d3002815,20/11/2019,"£335,629.02",COMMUNITY LIGHTING PARTNERSHIP ROCHDALE LTD,PFI SCHEMES RPIX,PROPERTY AND HIGHWAYS
Rochdale Borough Council,r1002317,20/11/2019,"£205,000.00",NETWORK RAIL INFRASTRUCTURE LTD,PLANNING FEES,ECONOMY DIRECTORATE
Rochdale Borough Council,d1085126,20/11/2019,"£19,490.00",BARTEC AUTO ID LTD,CONTRACTS,NEIGHBOURHOODS AND ENVIRONMENT
Rochdale Borough Council,e1029192,20/11/2019,"£16,197.49",THE TOGETHER TRUST,OTHER EST - SEN PROVISION,EARLY HELP AND SCHOOLS
Rochdale Borough Council,e1029193,20/11/2019,"£14,117.20",THE TOGETHER TRUST,OTHER EST - SEN PROVISION,EARLY HELP AND SCHOOLS
Rochdale Borough Council,f1008500,20/11/2019,"£11,851.00",PORTAKABIN LIMITED,ROOM HIRE,RESOURCES
Rochdale Borough Council,w1002019,20/11/2019,"£8,385.67",PENNINE CARE NHS,INDEPENDENT UNITS,BETTER CARE FUND POOLED BUDGET
Rochdale Borough Council,x1018942,20/11/2019,"£6,500.00",MANCHESTER CITY COUNCIL,TRAINING,CHILDREN’S SOCIAL CARE
Rochdale Borough Council,r1002320,21/11/2019,"£39,470.59",ROCHDALE DEVELOPMENT AGENCY,CONTRACTED SERVICES,ECONOMY DIRECTORATE
Rochdale Borough Council,d1085137,21/11/2019,"£16,000.00",REDACTED - PERSONAL DATA,MEDICAL FEES,NEIGHBOURHOODS AND ENVIRONMENT
Rochdale Borough Council,s1025443,21/11/2019,"£15,711.42",POLLOCK LIFTS,MINOR BUILDING WORKS,ADULT CARE LCO FUNCTIONS
Rochdale Borough Council,d2001983,21/11/2019,"£14,359.00",UPDATA INFRASTRUCTURE UK LTD,COMMUNICATION AND COMPUTING - GENERAL,NEIGHBOURHOODS AND ENVIRONMENT
Rochdale Borough Council,d2001985,21/11/2019,"£6,928.36",SMARTLOGIC SEMAPHORE LIMITED,SOFTWARE,NEIGHBOURHOODS AND ENVIRONMENT
Rochdale Borough Council,s1025440,21/11/2019,"£5,152.61",UPS BUILDING AND MAINTENANCE LTD,MINOR BUILDING WORKS,ADULT CARE LCO FUNCTIONS
Rochdale Borough Council,s1025439,21/11/2019,"£5,040.17",UPS BUILDING AND MAINTENANCE LTD,MINOR BUILDING WORKS,ADULT CARE LCO FUNCTIONS
Rochdale Borough Council,d2001986,22/11/2019,"£37,144.50",XMA LIMITED,PURCHASE OF ICT HARDWARE,NEIGHBOURHOODS AND ENVIRONMENT
Rochdale Borough Council,ph104005,22/11/2019,"£6,617.93",BRAHM FUNDCO 1 LTD,RENTS,PUBLIC HEALTH
Rochdale Borough Council,x1018959,22/11/2019,"£5,000.00",SANDBACH HIGH SCHOOL AND SIXTH FORM COLLEGE,INDEPENDENT UNITS,EARLY HELP AND SCHOOLS
Rochdale Borough Council,x1018963,22/11/2019,"£5,000.00",M6 THEATRE COMPANY LIMITED,ACTIVITIES,EARLY HELP AND SCHOOLS
Rochdale Borough Council,d1085167,25/11/2019,"£40,500.00",WIRELESS CCTV LTD,SECURITY,NEIGHBOURHOODS AND ENVIRONMENT
Rochdale Borough Council,e1029212,25/11/2019,"£33,600.00",POSITIVE STEPS,EXTERNALLY MANAGED FUNDS,EARLY HELP AND SCHOOLS
Rochdale Borough Council,d3002840,25/11/2019,"£20,000.00",J C MILLS & SON LIMITED,MINOR BUILDING WORKS,PROPERTY AND HIGHWAYS
Rochdale Borough Council,d3002839,25/11/2019,"£14,706.00",J C MILLS & SON LIMITED,MINOR BUILDING WORKS,PROPERTY AND HIGHWAYS
Rochdale Borough Council,r1002322,25/11/2019,"£14,214.00",PRICE AND MYERS,MINOR BUILDING WORKS,ECONOMY DIRECTORATE
Rochdale Borough Council,d2001990,25/11/2019,"£9,246.50",DAISY COMMUNICATIONS LTD,TRANSACTIONS-EXPENDITURE,NEIGHBOURHOODS AND ENVIRONMENT
Rochdale Borough Council,d2001991,25/11/2019,"£6,336.13",FREEDOM COMMUNICATIONS,IT MAINTENANCE,NEIGHBOURHOODS AND ENVIRONMENT
Rochdale Borough Council,x1018982,26/11/2019,"£19,600.00",ADOPTION MATTERS NORTHWEST,ADOPTION PAYMENTS,CHILDREN’S SOCIAL CARE
Rochdale Borough Council,d1085186,26/11/2019,"£30,246.00",STANDARD FUEL OILS,TRANSACTIONS-EXPENDITURE,NEIGHBOURHOODS AND ENVIRONMENT
Rochdale Borough Council,r1002326,26/11/2019,"£25,193.38",BRAHM FUNDCO 2 LTD,PFI SCHEMES RPI,ECONOMY DIRECTORATE
Rochdale Borough Council,d2001994,26/11/2019,"£23,983.84",SPECIALIST COMPUTER CENTRES PLC,SOFTWARE,NEIGHBOURHOODS AND ENVIRONMENT
Rochdale Borough Council,e1029237,26/11/2019,"£19,500.00",HORIZON CARE AND EDUCATION,OTHER LA`S - SEN PROVISION,EARLY HELP AND SCHOOLS
Rochdale Borough Council,e1029238,26/11/2019,"£13,871.00",HORIZON CARE AND EDUCATION,OTHER LA`S - SEN PROVISION,EARLY HELP AND SCHOOLS
Rochdale Borough Council,e1029239,26/11/2019,"£13,299.00",HORIZON CARE AND EDUCATION,OTHER LA`S - SEN PROVISION,EARLY HELP AND SCHOOLS
Rochdale Borough Council,e1029243,26/11/2019,"£13,013.00",HORIZON CARE AND EDUCATION,OTHER LA`S - SEN PROVISION,EARLY HELP AND SCHOOLS
Rochdale Borough Council,e1029236,26/11/2019,"£12,441.00",HORIZON CARE AND EDUCATION,OTHER LA`S - SEN PROVISION,EARLY HELP AND SCHOOLS
Rochdale Borough Council,e1029233,26/11/2019,"£12,294.75",HORIZON CARE AND EDUCATION,OTHER EST - SEN PROVISION,EARLY HELP AND SCHOOLS
Rochdale Borough Council,e1029234,26/11/2019,"£12,155.00",HORIZON CARE AND EDUCATION,OTHER LA`S - SEN PROVISION,EARLY HELP AND SCHOOLS
Rochdale Borough Council,e1029240,26/11/2019,"£12,155.00",HORIZON CARE AND EDUCATION,OTHER LA`S - SEN PROVISION,EARLY HELP AND SCHOOLS
Rochdale Borough Council,e1029241,26/11/2019,"£12,155.00",HORIZON CARE AND EDUCATION,OTHER LA`S - SEN PROVISION,EARLY HELP AND SCHOOLS
Rochdale Borough Council,e1029242,26/11/2019,"£12,155.00",HORIZON CARE AND EDUCATION,OTHER LA`S - SEN PROVISION,EARLY HELP AND SCHOOLS
Rochdale Borough Council,e1029244,26/11/2019,"£12,155.00",HORIZON CARE AND EDUCATION,OTHER LA`S - SEN PROVISION,EARLY HELP AND SCHOOLS
Rochdale Borough Council,e1029232,26/11/2019,"£11,880.00",BELMONT SCHOOL LIMITED,OTHER LA`S - SEN PROVISION,EARLY HELP AND SCHOOLS
Rochdale Borough Council,e1029235,26/11/2019,"£11,863.33",BELMONT SCHOOL LIMITED,OTHER LA`S - SEN PROVISION,EARLY HELP AND SCHOOLS
Rochdale Borough Council,w1002021,26/11/2019,"£8,385.67",PENNINE CARE NHS,INDEPENDENT UNITS,BETTER CARE FUND POOLED BUDGET
Rochdale Borough Council,f1008511,26/11/2019,"£6,243.57",HEALTH MANAGEMENT LIMITED,OCCUPATIONAL HEALTH,RESOURCES
Rochdale Borough Council,d3002844,26/11/2019,"£5,685.00",WSP LTD UK,MINOR BUILDING WORKS,PROPERTY AND HIGHWAYS
Rochdale Borough Council,d1085195,26/11/2019,"£5,500.00",G AND A TAYLOR HOTELS LTD,ACCOMMODATION,NEIGHBOURHOODS AND ENVIRONMENT
Rochdale Borough Council,d1085196,26/11/2019,"£5,500.00",G AND A TAYLOR HOTELS LTD,ACCOMMODATION,NEIGHBOURHOODS AND ENVIRONMENT
Rochdale Borough Council,d1085197,26/11/2019,"£5,500.00",G AND A TAYLOR HOTELS LTD,ACCOMMODATION,NEIGHBOURHOODS AND ENVIRONMENT
Rochdale Borough Council,d1085198,26/11/2019,"£5,500.00",G AND A TAYLOR HOTELS LTD,ACCOMMODATION,NEIGHBOURHOODS AND ENVIRONMENT
Rochdale Borough Council,d1085199,26/11/2019,"£5,500.00",G AND A TAYLOR HOTELS LTD,ACCOMMODATION,NEIGHBOURHOODS AND ENVIRONMENT
Rochdale Borough Council,d1085200,26/11/2019,"£5,500.00",G AND A TAYLOR HOTELS LTD,ACCOMMODATION,NEIGHBOURHOODS AND ENVIRONMENT
Rochdale Borough Council,d1085194,26/11/2019,"£5,344.25",ROCHDALE HOUSING INITIATIVE,CAPITAL SALARIES,NEIGHBOURHOODS AND ENVIRONMENT
Rochdale Borough Council,d4002311,26/11/2019,"£5,000.00",THE PROTON GROUP LIMITED,CLEANING MATERIALS,NEIGHBOURHOODS AND ENVIRONMENT
Rochdale Borough Council,w1002022,27/11/2019,"£42,686.43",N COMPASS,CONTRACTS,BETTER CARE FUND POOLED BUDGET
Rochdale Borough Council,d3002847,27/11/2019,"£42,535.00",UNITY PARTNERSHIP LTD,ASSET MANAGEMENT PLANS & SURVEYS,PROPERTY AND HIGHWAYS
Rochdale Borough Council,d2001999,27/11/2019,"£37,144.50",XMA LIMITED,PURCHASE OF ICT HARDWARE,NEIGHBOURHOODS AND ENVIRONMENT
Rochdale Borough Council,x1018989,27/11/2019,"£36,000.00",HAMPTONS RESOURCING LTD,AGENCY STAFF,CHILDREN’S SOCIAL CARE
Rochdale Borough Council,f1008515,27/11/2019,"£27,978.00",BLOOM PROCUREMENT SERVICES LTD,AGENCY STAFF,RESOURCES
Rochdale Borough Council,d1085212,27/11/2019,"£17,433.00",EARLEY ORNAMENTALS LTD,"TREES, SHRUBS, PLANTS",NEIGHBOURHOODS AND ENVIRONMENT
Rochdale Borough Council,e1029254,27/11/2019,"£13,000.00",SMS COACHING LTD,OTHER LA`S - SEN PROVISION,EARLY HELP AND SCHOOLS
Rochdale Borough Council,x1018988,27/11/2019,"£11,791.57",SPORT WORKS GTR MANCHESTER LTD,ACTIVITIES,EARLY HELP AND SCHOOLS
Rochdale Borough Council,d2001995,27/11/2019,"£9,500.00",EVERYTHING EVERYWHERE,TRANSACTIONS-EXPENDITURE,NEIGHBOURHOODS AND ENVIRONMENT
Rochdale Borough Council,f1008514,27/11/2019,"£6,000.00",NORTHGATE PUBLIC SERVICES UK LTD,SOFTWARE,RESOURCES
Rochdale Borough Council,d3002852,28/11/2019,"£10,842.00",JAMES APPLICATIONS LTD,MINOR BUILDING WORKS,PROPERTY AND HIGHWAYS
Rochdale Borough Council,s1025456,28/11/2019,"£5,675.79",UPS BUILDING AND MAINTENANCE LTD,MINOR BUILDING WORKS,ADULT CARE LCO FUNCTIONS
Rochdale Borough Council,e1029266,28/11/2019,"£5,608.33",KENDAL COLLEGE,OTHER EST - SEN PROVISION,EARLY HELP AND SCHOOLS
Rochdale Borough Council,d3002850,28/11/2019,"£5,489.00",AECOM LIMITED,MINOR BUILDING WORKS,PROPERTY AND HIGHWAYS
Rochdale Borough Council,s1025461,28/11/2019,"£5,360.00",STANNAH LIFT SERVICES LTD,MINOR BUILDING WORKS,ADULT CARE LCO FUNCTIONS
Rochdale Borough Council,s1025459,28/11/2019,"£5,020.05",UPS BUILDING AND MAINTENANCE LTD,MINOR BUILDING WORKS,ADULT CARE LCO FUNCTIONS
Rochdale Borough Council,f1008525,29/11/2019,"£94,380.00",TRAFFORD MBC,OTHER LOCAL AUTHORITIES,RESOURCES
Rochdale Borough Council,r1002332,29/11/2019,"£37,275.00",WSP LTD UK,CONSULTANTS FEES,ECONOMY DIRECTORATE
Rochdale Borough Council,d2002013,29/11/2019,"£7,823.33",EXPERIAN LIMITED,SOFTWARE,NEIGHBOURHOODS AND ENVIRONMENT
Rochdale Borough Council,d1085239,02/12/2019,"£22,710.00",DICK WHITTINGTON GUEST HOUSE,ACCOMMODATION,NEIGHBOURHOODS AND ENVIRONMENT
Rochdale Borough Council,d3002859,02/12/2019,"£20,351.00",GREENFIELDS SPORTS SURFACES UK LTD,MINOR BUILDING WORKS,PROPERTY AND HIGHWAYS
Rochdale Borough Council,d1085254,02/12/2019,"£12,983.70",F S MOULT AND SON,MINOR BUILDING WORKS,NEIGHBOURHOODS AND ENVIRONMENT
Rochdale Borough Council,d2002015,02/12/2019,"£12,862.50",LIQUIDLOGIC LTD,SOFTWARE LICENSES,NEIGHBOURHOODS AND ENVIRONMENT
Rochdale Borough Council,ph104018,03/12/2019,"£327,779.00",PENNINE CARE NHS,PH PENNINE CARE CONTRACT,PUBLIC HEALTH
Rochdale Borough Council,d1085274,03/12/2019,"£43,896.05",OLDHAM AND ROCHDALE GROUNDWORK TRUST LTD,CAPITAL SALARIES,NEIGHBOURHOODS AND ENVIRONMENT
Rochdale Borough Council,d1085275,03/12/2019,"£43,896.05",OLDHAM AND ROCHDALE GROUNDWORK TRUST LTD,CAPITAL SALARIES,NEIGHBOURHOODS AND ENVIRONMENT
Rochdale Borough Council,d2002019,03/12/2019,"£15,600.00",GRAVITAS RECRUITMENT GROUP,CAPITAL - STAFFING AGENCY PAYMENTS,NEIGHBOURHOODS AND ENVIRONMENT
Rochdale Borough Council,d1085270,03/12/2019,"£14,460.00",SSI SCHAEFER LIMITED,PURCHASE OF FURNITURE AND EQUIPMENT,NEIGHBOURHOODS AND ENVIRONMENT
Rochdale Borough Council,d1085272,03/12/2019,"£13,500.00",TRANSPORT FOR GREATER MANCHESTER,ADVERTISING,NEIGHBOURHOODS AND ENVIRONMENT
Rochdale Borough Council,s1025476,03/12/2019,"£8,009.73",UPS BUILDING AND MAINTENANCE LTD,MINOR BUILDING WORKS,ADULT CARE LCO FUNCTIONS
Rochdale Borough Council,s1025478,03/12/2019,"£7,740.38",UPS BUILDING AND MAINTENANCE LTD,MINOR BUILDING WORKS,ADULT CARE LCO FUNCTIONS
Rochdale Borough Council,s1025474,03/12/2019,"£5,000.00",REDACTED - PERSONAL DATA,EXPENSES - GENERAL,COMMISSIONING AND STATUTORY
Rochdale Borough Council,e1029291,04/12/2019,"£343,796.36",INSPIREDSPACES ROCHDALE PROJECT CO1 LTD,PFI SCHEMES RPIX,EARLY HELP AND SCHOOLS
Rochdale Borough Council,r1002342,04/12/2019,"£30,342.97",ROCHDALE DEVELOPMENT AGENCY,CAPITAL SALARIES,ECONOMY DIRECTORATE
Rochdale Borough Council,r1002341,04/12/2019,"£19,015.63",ROCHDALE DEVELOPMENT AGENCY,CAPITAL SALARIES,NEIGHBOURHOODS AND ENVIRONMENT
Rochdale Borough Council,d2002032,04/12/2019,"£16,962.86", D S DISCALLARDS LTD,SOFTWARE,ADULT CARE LCO FUNCTIONS
Rochdale Borough Council,d2002024,04/12/2019,"£8,200.97",NATIONAL CONSORTIUM FOR EXAMINATION RESULTS,SOFTWARE,NEIGHBOURHOODS AND ENVIRONMENT
Rochdale Borough Council,d1085278,04/12/2019,"£7,332.40",GROUNDWORK LANDSCAPES LIMITED,ENVIRONMENTAL WORKS LANDSCAPE,NEIGHBOURHOODS AND ENVIRONMENT
Rochdale Borough Council,e1029305,05/12/2019,"£423,324.77",INSPIREDSPACES ROCHDALE PROJECTCO2 LTD,PFI SCHEMES RPIX,EARLY HELP AND SCHOOLS
Rochdale Borough Council,f1008546,05/12/2019,"£44,512.07",MANCHESTER CITY COUNCIL,CONTRACTS,RESOURCES
Rochdale Borough Council,f1008560,05/12/2019,"£44,512.07",MANCHESTER CITY COUNCIL,CONTRACTS,RESOURCES
Rochdale Borough Council,f1008555,05/12/2019,"£34,064.83",MANCHESTER CITY COUNCIL,PROFESSIONAL FEES,RESOURCES
Rochdale Borough Council,f1008549,05/12/2019,"£21,917.70",MANCHESTER CITY COUNCIL,PROFESSIONAL FEES,RESOURCES
Rochdale Borough Council,d1085292,05/12/2019,"£20,778.00",SSI SCHAEFER LIMITED,PURCHASE OF FURNITURE AND EQUIPMENT,NEIGHBOURHOODS AND ENVIRONMENT
Rochdale Borough Council,d1085291,05/12/2019,"£18,130.00",SSI SCHAEFER LIMITED,PURCHASE OF FURNITURE AND EQUIPMENT,NEIGHBOURHOODS AND ENVIRONMENT
Rochdale Borough Council,ph104020,05/12/2019,"£17,133.13",SAFENET DOMESTIC ABUSE SERVICE,PH OTHER CONTRACTS,PUBLIC HEALTH
Rochdale Borough Council,f1008547,05/12/2019,"£13,923.39",MANCHESTER CITY COUNCIL,CONTRACTS,RESOURCES
Rochdale Borough Council,f1008559,05/12/2019,"£13,923.39",MANCHESTER CITY COUNCIL,CONTRACTS,RESOURCES
Rochdale Borough Council,ph104022,05/12/2019,"£10,035.36",RIS PRODUCTS LTD,CONTRACTED SERVICES,PUBLIC HEALTH
Rochdale Borough Council,f1008556,05/12/2019,"£7,210.54",MANCHESTER CITY COUNCIL,FEES / COMMISSION,RESOURCES
Rochdale Borough Council,f1008543,05/12/2019,"£6,548.52",ALPHATECH PRINT AND DATA SERVICES LTD,PRINTING & STATIONERY,RESOURCES
Rochdale Borough Council,f1008552,05/12/2019,"£6,384.79",MANCHESTER CITY COUNCIL,CONTRACTS,RESOURCES
Rochdale Borough Council,f1008558,05/12/2019,"£6,384.79",MANCHESTER CITY COUNCIL,CONTRACTS,RESOURCES
Rochdale Borough Council,s1025485,05/12/2019,"£6,309.00",STANNAH LIFT SERVICES LTD,MINOR BUILDING WORKS,ADULT CARE LCO FUNCTIONS
Rochdale Borough Council,r1002343,05/12/2019,"£6,000.00",MINERVA HERITAGE LTD,CONSULTANTS FEES,ECONOMY DIRECTORATE
Rochdale Borough Council,d3002869,05/12/2019,"£5,600.75",C E S LTD,MINOR BUILDING WORKS,EARLY HELP AND SCHOOLS
Rochdale Borough Council,s1025482,05/12/2019,"£5,512.00",STANNAH LIFT SERVICES LTD,MINOR BUILDING WORKS,ADULT CARE LCO FUNCTIONS
Rochdale Borough Council,d3002871,06/12/2019,"£968,572.32",BALFOUR BEATTY LIVING PLACES,TRANSACTIONS-EXPENDITURE,PROPERTY AND HIGHWAYS
Rochdale Borough Council,w1002024,06/12/2019,"£488,440.00",THE PENNINE ACUTE HOSPITALS NHS TRUST,INDEPENDENT UNITS,BETTER CARE FUND POOLED BUDGET
Rochdale Borough Council,s1025490,06/12/2019,"£100,000.00",ACTION FIRST IPEOPLE LTD,FEES / COMMISSION,COMMISSIONING AND STATUTORY
Rochdale Borough Council,d4002368,06/12/2019,"£5,412.00",ARTIFAX SOFTWARE LTD,LICENCE,NEIGHBOURHOODS AND ENVIRONMENT
Rochdale Borough Council,d1085299,06/12/2019,"£5,000.00",BOLINDA UK LIMITED,REFERENCE BOOKS/NEWSPAPERS/PERIODICALS,NEIGHBOURHOODS AND ENVIRONMENT
Rochdale Borough Council,r1002346,08/12/2019,"£30,892.77",ROCHDALE DEVELOPMENT AGENCY,CONTRACTED SERVICES,ECONOMY DIRECTORATE
Rochdale Borough Council,r1002345,08/12/2019,"£13,303.70",ROCHDALE DEVELOPMENT AGENCY,SOFTWARE,ECONOMY DIRECTORATE
Rochdale Borough Council,d3002891,09/12/2019,"£250,000.00",NSL LIMITED,CAR PARKING CONTRACT,PROPERTY AND HIGHWAYS
Rochdale Borough Council,f1008569,09/12/2019,"£66,562.78",MANCHESTER CITY COUNCIL,PROFESSIONAL FEES,RESOURCES
Rochdale Borough Council,f1008568,09/12/2019,"£44,512.07",MANCHESTER CITY COUNCIL,CONTRACTS,RESOURCES
Rochdale Borough Council,d3002887,09/12/2019,"£26,650.00",UNITY PARTNERSHIP LTD,MINOR BUILDING WORKS,PROPERTY AND HIGHWAYS
Rochdale Borough Council,w1002027,09/12/2019,"£23,480.00",CHERISH UK LTD,CONTRACTS,ADULT CARE LCO FUNCTIONS
Rochdale Borough Council,d3002883,09/12/2019,"£15,000.00",EQUITA LIMITED,TRANSACTIONS-EXPENDITURE,NEIGHBOURHOODS AND ENVIRONMENT
Rochdale Borough Council,f1008567,09/12/2019,"£13,923.39",MANCHESTER CITY COUNCIL,CONTRACTS,RESOURCES
Rochdale Borough Council,d1085322,09/12/2019,"£10,000.00",ROCHDALE HOUSING INITIATIVE,EXPENSES - GENERAL,NEIGHBOURHOODS AND ENVIRONMENT
Rochdale Borough Council,d3002882,09/12/2019,"£9,500.00",G2 RECRUITMENT SOLUTIONS LTD,AGENCY STAFF,ECONOMY DIRECTORATE
Rochdale Borough Council,ph104025,09/12/2019,"£8,043.77",ROCHDALE HOUSING INITIATIVE,CONTRACTED SERVICES,PUBLIC HEALTH
Rochdale Borough Council,f1008566,09/12/2019,"£6,384.79",MANCHESTER CITY COUNCIL,CONTRACTS,RESOURCES
Rochdale Borough Council,x1019063,09/12/2019,"£5,000.00",WHITEGATE NW LTD,"CLOTHES, UNIFORM AND LAUNDRY",EARLY HELP AND SCHOOLS
Rochdale Borough Council,r1002352,10/12/2019,"£67,500.00",TRANSPORT FOR GREATER MANCHESTER,CONSULTANTS FEES,ECONOMY DIRECTORATE
Rochdale Borough Council,d1085344,10/12/2019,"£60,480.00",CROMWELL POLYTHENE LIMITED,EQUIPMENT - GENERAL,NEIGHBOURHOODS AND ENVIRONMENT
Rochdale Borough Council,ph104028,10/12/2019,"£49,502.00",EARLY BREAK,ACTIVITIES,PUBLIC HEALTH
Rochdale Borough Council,w1002028,10/12/2019,"£42,686.43",N COMPASS,CONTRACTS,BETTER CARE FUND POOLED BUDGET
Rochdale Borough Council,d2002038,10/12/2019,"£21,435.00",GO2TELECOM LTD,PURCHASE OF ICT HARDWARE,NEIGHBOURHOODS AND ENVIRONMENT
Rochdale Borough Council,ph104026,10/12/2019,"£8,043.77",ROCHDALE HOUSING INITIATIVE,CONTRACTED SERVICES,PUBLIC HEALTH
Rochdale Borough Council,d3002894,10/12/2019,"£5,422.21",LINK4LIFE TRADING,MINOR BUILDING WORKS,PROPERTY AND HIGHWAYS
Rochdale Borough Council,d1085343,10/12/2019,"£5,000.00",TFG STAGE TECHNOLOGY LTD,HIRE OF EQUIPMENT,NEIGHBOURHOODS AND ENVIRONMENT
Rochdale Borough Council,w1002030,11/12/2019,"£92,149.12",ROSS CARE,CONTRACTS,BETTER CARE FUND POOLED BUDGET
Rochdale Borough Council,w1002029,11/12/2019,"£86,398.23",ROSS CARE,CONTRACTS,BETTER CARE FUND POOLED BUDGET
Rochdale Borough Council,f1008581,11/12/2019,"£50,000.00",FORBES SOLICITORS,INPUT VAT -  ADJUSTMENTS,RESOURCES
Rochdale Borough Council,f1008576,11/12/2019,"£38,400.00",NORTHGATE PUBLIC SERVICES UK LTD,SOFTWARE,RESOURCES
Rochdale Borough Council,e1029330,11/12/2019,"£26,566.67",RUSKIN MILL TRUST,OTHER EST - SEN PROVISION,EARLY HELP AND SCHOOLS
Rochdale Borough Council,e1029332,11/12/2019,"£11,856.67",RED ROSE SCHOOL,OTHER LA`S - SEN PROVISION,EARLY HELP AND SCHOOLS
Rochdale Borough Council,d4002390,11/12/2019,"£10,000.00",EXCLUSEC,SECURITY,NEIGHBOURHOODS AND ENVIRONMENT
Rochdale Borough Council,f1008578,11/12/2019,"£7,010.38",ALPHATECH PRINT AND DATA SERVICES LTD,PRINTING & STATIONERY,RESOURCES
Rochdale Borough Council,e1029329,11/12/2019,"£6,000.00",TIMEOUT CHILDRENS HOMES LTD,OTHER LA`S - SEN PROVISION,EARLY HELP AND SCHOOLS
Rochdale Borough Council,r1002354,12/12/2019,"£137,309.59",GENR8 ROCHDALE LTD,CONSULTANTS FEES,ECONOMY DIRECTORATE
Rochdale Borough Council,w1002032,12/12/2019,"£42,686.43",N COMPASS,CONTRACTS,BETTER CARE FUND POOLED BUDGET
Rochdale Borough Council,r1002356,12/12/2019,"£29,451.40",GENR8 ROCHDALE LTD,CONSULTANTS FEES,ECONOMY DIRECTORATE
Rochdale Borough Council,d3002910,12/12/2019,"£25,000.00",FW SHERRATT LTD,ROADWORKS,PROPERTY AND HIGHWAYS
Rochdale Borough Council,x1019075,12/12/2019,"£17,333.00",LINK4LIFE CHARITY,ACTIVITIES,NEIGHBOURHOODS AND ENVIRONMENT
Rochdale Borough Council,r1002355,12/12/2019,"£14,150.00",GENR8 ROCHDALE LTD,CONSULTANTS FEES,ECONOMY DIRECTORATE
Rochdale Borough Council,r1002360,12/12/2019,"£11,200.00",EAST LANCASHIRE LIGHT RAILWAY CO LTD,BRIDGES STRUCTURAL WORK,ECONOMY DIRECTORATE
Rochdale Borough Council,d1085398,12/12/2019,"£7,308.00",JCA LTD,EQUIPMENT - GENERAL,NEIGHBOURHOODS AND ENVIRONMENT
Rochdale Borough Council,s1025524,12/12/2019,"£7,064.00",STANNAH LIFT SERVICES LTD,MINOR BUILDING WORKS,ADULT CARE LCO FUNCTIONS
Rochdale Borough Council,d3002915,12/12/2019,"£6,230.00",FACE TO FACE SOLUTIONS LTD,MINOR BUILDING WORKS,PROPERTY AND HIGHWAYS
Rochdale Borough Council,s1025518,12/12/2019,"£6,116.36",UPS BUILDING AND MAINTENANCE LTD,MINOR BUILDING WORKS,ADULT CARE LCO FUNCTIONS
Rochdale Borough Council,f1008582,12/12/2019,"£5,567.82",NHS HEYWOOD MIDDLETON AND ROCHDALE CCG,AGENCY STAFF,RESOURCES
Rochdale Borough Council,s1025516,12/12/2019,"£5,369.63",UPS BUILDING AND MAINTENANCE LTD,MINOR BUILDING WORKS,ADULT CARE LCO FUNCTIONS
Rochdale Borough Council,d1085410,13/12/2019,"£10,000.00",CAR 2000 HEYWOOD LLP,TAXI HIRE,NEIGHBOURHOODS AND ENVIRONMENT
Rochdale Borough Council,e1029356,13/12/2019,"£52,038.06",NEW BRIDGE  SCHOOL,OTHER EST - SEN PROVISION,EARLY HELP AND SCHOOLS
Rochdale Borough Council,e1029349,13/12/2019,"£40,146.40",AXIOM EDUCATION ROCHDALE LIMITED,MEALS,EARLY HELP AND SCHOOLS
Rochdale Borough Council,d2002049,13/12/2019,"£13,200.00",GRAVITAS RECRUITMENT GROUP,CAPITAL - STAFFING AGENCY PAYMENTS,NEIGHBOURHOODS AND ENVIRONMENT
Rochdale Borough Council,f1008585,13/12/2019,"£10,000.00",KPMG LLP,FEES / COMMISSION,RESOURCES
Rochdale Borough Council,s1025536,13/12/2019,"£9,993.15",POLLOCK LIFTS,MINOR BUILDING WORKS,ADULT CARE LCO FUNCTIONS
Rochdale Borough Council,s1025535,13/12/2019,"£8,642.22",UPS BUILDING AND MAINTENANCE LTD,MINOR BUILDING WORKS,ADULT CARE LCO FUNCTIONS
Rochdale Borough Council,d1085405,13/12/2019,"£6,450.00",IFZW MAINTENANCE LTD,EQUIPMENT - GENERAL,NEIGHBOURHOODS AND ENVIRONMENT
Rochdale Borough Council,s1025537,13/12/2019,"£6,347.97",POLLOCK LIFTS,MINOR BUILDING WORKS,ADULT CARE LCO FUNCTIONS
Rochdale Borough Council,s1025537,13/12/2019,"£6,347.97",POLLOCK LIFTS,MINOR BUILDING WORKS,ADULT CARE LCO FUNCTIONS
Rochdale Borough Council,s1025530,13/12/2019,"£5,735.66",UPS BUILDING AND MAINTENANCE LTD,MINOR BUILDING WORKS,ADULT CARE LCO FUNCTIONS
Rochdale Borough Council,s1025529,13/12/2019,"£5,553.55",UPS BUILDING AND MAINTENANCE LTD,MINOR BUILDING WORKS,ADULT CARE LCO FUNCTIONS
Rochdale Borough Council,s1025534,13/12/2019,"£5,461.26",UPS BUILDING AND MAINTENANCE LTD,MINOR BUILDING WORKS,ADULT CARE LCO FUNCTIONS
Rochdale Borough Council,d3002920,16/12/2019,"£38,425.00",GTM ELECTRICAL SERVICES LIMITED,MINOR BUILDING WORKS,PROPERTY AND HIGHWAYS
Rochdale Borough Council,e1029365,16/12/2019,"£23,760.00",BELMONT SCHOOL LIMITED,OTHER LA`S - SEN PROVISION,EARLY HELP AND SCHOOLS
Rochdale Borough Council,e1029367,16/12/2019,"£23,760.00",WATERLOO LODGE SCHOOL,OTHER LA`S - SEN PROVISION,EARLY HELP AND SCHOOLS
Rochdale Borough Council,d3002925,16/12/2019,"£17,785.00",C E S LTD,MINOR BUILDING WORKS,PROPERTY AND HIGHWAYS
Rochdale Borough Council,e1029364,16/12/2019,"£14,256.67",AURORA BRAMBLES SCHOOL,OTHER LA`S - SEN PROVISION,EARLY HELP AND SCHOOLS
Rochdale Borough Council,e1029366,16/12/2019,"£9,254.72",NEW BRIDGE  SCHOOL,OTHER EST - SEN PROVISION,EARLY HELP AND SCHOOLS
Rochdale Borough Council,d1085430,16/12/2019,"£5,000.00",BOLINDA UK LIMITED,EQUIPMENT - GENERAL,NEIGHBOURHOODS AND ENVIRONMENT
Rochdale Borough Council,d3002926,17/12/2019,"£882,134.45",BALFOUR BEATTY LIVING PLACES,TRANSACTIONS-EXPENDITURE,PROPERTY AND HIGHWAYS
Rochdale Borough Council,e1029369,17/12/2019,"£717,485.55",AXIOM EDUCATION ROCHDALE LIMITED,PFI SCHEMES RPIX,EARLY HELP AND SCHOOLS
Rochdale Borough Council,d1085448,17/12/2019,"£30,363.00",STANDARD FUEL OILS,TRANSACTIONS-EXPENDITURE,NEIGHBOURHOODS AND ENVIRONMENT
Rochdale Borough Council,r1002369,17/12/2019,"£25,193.38",BRAHM FUNDCO 2 LTD,PFI SCHEMES RPI,ECONOMY DIRECTORATE
Rochdale Borough Council,d1085459,17/12/2019,"£7,550.00",HALA GUEST HOUSE,ACCOMMODATION,NEIGHBOURHOODS AND ENVIRONMENT
Rochdale Borough Council,w1002033,18/12/2019,"£488,440.00",THE PENNINE ACUTE HOSPITALS NHS TRUST,INDEPENDENT UNITS,BETTER CARE FUND POOLED BUDGET
Rochdale Borough Council,e1029379,18/12/2019,"£12,992.66",TOR VIEW SCHOOL,OTHER EST - SEN PROVISION,EARLY HELP AND SCHOOLS
Rochdale Borough Council,s1025550,18/12/2019,"£6,634.52",UPS BUILDING AND MAINTENANCE LTD,MINOR BUILDING WORKS,ADULT CARE LCO FUNCTIONS
Rochdale Borough Council,d1085466,18/12/2019,"£5,781.25",THE CHILDRENS SOCIETY SERVICES LTD,PROJECTS,NEIGHBOURHOODS AND ENVIRONMENT
Rochdale Borough Council,d1085471,18/12/2019,"£5,588.00",GROUNDWORK LANDSCAPES LIMITED,ENVIRONMENTAL WORKS LANDSCAPE,NEIGHBOURHOODS AND ENVIRONMENT
Rochdale Borough Council,s1025549,18/12/2019,"£5,367.93",UPS BUILDING AND MAINTENANCE LTD,MINOR BUILDING WORKS,ADULT CARE LCO FUNCTIONS
Rochdale Borough Council,d3002936,18/12/2019,"£5,000.00",ATKINS LIMITED,ROADWORKS,PROPERTY AND HIGHWAYS
Rochdale Borough Council,d3002938,19/12/2019,"£313,758.60",COMMUNITY LIGHTING PARTNERSHIP ROCHDALE LTD,PFI SCHEMES RPIX,PROPERTY AND HIGHWAYS
Rochdale Borough Council,f1008602,19/12/2019,"£151,376.47",MANCHESTER CITY COUNCIL,PROFESSIONAL FEES,RESOURCES
Rochdale Borough Council,f1008603,19/12/2019,"£64,329.49",CAPITA BUSINESS SERVICES LIMITED,SOFTWARE,RESOURCES
Rochdale Borough Council,r1002376,19/12/2019,"£41,950.00",WSP LTD UK,CONSULTANTS FEES,ECONOMY DIRECTORATE
Rochdale Borough Council,r1002377,19/12/2019,"£14,950.00",WSP LTD UK,CONSULTANTS FEES,ECONOMY DIRECTORATE
Rochdale Borough Council,d1085477,19/12/2019,"£12,700.00",ISAAC BUTTERWORTH IRONFOUNDERS LIMITED,MINOR BUILDING WORKS,NEIGHBOURHOODS AND ENVIRONMENT
Rochdale Borough Council,f1008598,19/12/2019,"£7,500.00",INFORM CPI LTD,FEES / COMMISSION,RESOURCES
Rochdale Borough Council,x1019153,20/12/2019,"£50,000.00",BALTIMORE CONSULTING LTD,AGENCY STAFF,CHILDREN’S SOCIAL CARE
Rochdale Borough Council,d1085491,20/12/2019,"£43,381.66",WEST WAY NISSAN,PURCHASE OF VEHICLES,NEIGHBOURHOODS AND ENVIRONMENT
Rochdale Borough Council,f1008604,20/12/2019,"£42,000.00",CAPITA BUSINESS SERVICES LIMITED,SOFTWARE,RESOURCES
Rochdale Borough Council,e1029401,20/12/2019,"£33,600.00",POSITIVE STEPS,EXTERNALLY MANAGED FUNDS,EARLY HELP AND SCHOOLS
Rochdale Borough Council,s1025554,20/12/2019,"£17,665.50",POLLOCK LIFTS,MINOR BUILDING WORKS,ADULT CARE LCO FUNCTIONS
Rochdale Borough Council,ph104049,20/12/2019,"£15,000.00",OLDHAM COUNCIL,ACTIVITIES,PUBLIC HEALTH
Rochdale Borough Council,x1019152,20/12/2019,"£11,000.00",STOCKPORT MBC,SUBSCRIPTIONS,CHILDREN’S SOCIAL CARE
Rochdale Borough Council,x1019115,20/12/2019,"£9,751.00",LORIMER FOSTER SERVICES,FOSTER PARENTS BASIC ALLOWANCE,CHILDREN’S SOCIAL CARE
Rochdale Borough Council,x1019114,20/12/2019,"£8,584.00",LORIMER FOSTER SERVICES,FOSTER PARENTS BASIC ALLOWANCE,CHILDREN’S SOCIAL CARE
Rochdale Borough Council,d1085490,20/12/2019,"£7,177.17",NORTHGATE VEHICLE HIRE LIMITED,TRANSACTIONS-EXPENDITURE,NEIGHBOURHOODS AND ENVIRONMENT
Rochdale Borough Council,s1025556,20/12/2019,"£5,413.60",UPS BUILDING AND MAINTENANCE LTD,MINOR BUILDING WORKS,ADULT CARE LCO FUNCTIONS
Rochdale Borough Council,ph104050,23/12/2019,"£416,723.00",SALFORD ROYAL NHS FOUNDATION TRUST,PH PENNINE CARE CONTRACT,PUBLIC HEALTH
Rochdale Borough Council,ph104051,23/12/2019,"£416,723.00",SALFORD ROYAL NHS FOUNDATION TRUST,PH PENNINE CARE CONTRACT,PUBLIC HEALTH
Rochdale Borough Council,d1085506,23/12/2019,"£5,000.00",SALFORD CITY COUNCIL,AGMA,NEIGHBOURHOODS AND ENVIRONMENT
Rochdale Borough Council,e1029414,24/12/2019,"£34,410.14",CAMBIAN CHILDCARE LIMITED,OTHER LA`S - SEN PROVISION,EARLY HELP AND SCHOOLS
