Document Date,Purchase Order No,Line Item No,Supplier ID,Supplier Name,Pro Class,Pro Class Description,Description of Goods ,Service/Department ,Expense Area ,Net Order Value Over £5000.00 
2017-04-03,ZAV270781,1,1162,RM Education plc,181800,Environmental Services Technical Equipment ,Furniture and Equipment,Corporate and Support Services,I&C AVA Services,6005.40
2017-04-21,ZAV271567,1,1162,RM Education plc,181800,Environmental Services Technical Equipment ,Furniture and Equipment,Corporate and Support Services,I&C AVA Services,15250.00
2017-04-27,ZAV271915,1,1162,RM Education plc,181800,Environmental Services Technical Equipment ,Furniture and Equipment,Corporate and Support Services,I&C AVA Services,18016.20
2017-05-12,ZAV272623,1,10809,e-safe Systems Limited,210000,Furniture & Soft Furnishings  ,Furniture and Equipment,Corporate and Support Services,I&C AVA Services,36511.75
2017-06-27,ZAV274484,1,10809,e-safe Systems Limited,210000,Furniture & Soft Furnishings  ,Furniture and Equipment,Corporate and Support Services,I&C AVA Services,2563.00
2017-06-27,ZAV274484,2,10809,e-safe Systems Limited,210000,Furniture & Soft Furnishings  ,Furniture and Equipment,Corporate and Support Services,I&C AVA Services,4066.00
2017-06-27,ZAV274484,3,10809,e-safe Systems Limited,210000,Furniture & Soft Furnishings  ,Furniture and Equipment,Corporate and Support Services,I&C AVA Services,450.00
2017-04-06,ZES270958,1,4105,QA Ltd,260000,Human Resources  ,Staff Training,Corporate and Support Services,Digital by Design Technical,3196.00
2017-04-06,ZES270958,2,4105,QA Ltd,260000,Human Resources  ,Staff Training,Corporate and Support Services,Digital by Design Technical,3196.00
2017-04-06,ZES270958,3,4105,QA Ltd,260000,Human Resources  ,Staff Training,Corporate and Support Services,Digital by Design Technical,1892.00
2017-04-06,ZES270958,4,4105,QA Ltd,260000,Human Resources  ,Staff Training,Corporate and Support Services,Digital by Design Technical,10090.00
2017-04-18,ZES271354,1,6281,SUDLOWS,270000,Information Communication Technology  ,Information and Communications Technology,Corporate and Support Services,I&C Infrastructure,7080.04
2017-04-25,ZES271723,1,8861,Adam Continuity,270000,Information Communication Technology  ,Information and Communications Technology,Corporate and Support Services,IT Infrastructure,6848.00
2017-04-25,ZES271786,1,1586,Kana Software Ireland Limited,270000,Information Communication Technology  ,Information and Communications Technology,Corporate and Support Services,I&C Systems,28475.01
2017-05-25,ZES273168,1,4105,QA Ltd,260000,Human Resources  ,Staff Training,Corporate and Support Services,Digital by Design Technical,9000.00
2017-05-26,ZES273189,1,2927,XMA Ltd,270000,Information Communication Technology  ,Information and Communications Technology,Corporate and Support Services,IT Infrastructure,154939.85
2017-05-26,ZES273207,1,9035,Mavoda LLP,270000,Information Communication Technology  ,Information and Communications Technology,Corporate and Support Services,IT Trade (Stockport Homes),25216.95
2017-05-30,ZES273263,1,7563,Satisnet Ltd,270000,Information Communication Technology  ,Information and Communications Technology,Corporate and Support Services,I&C Infrastructure,11109.00
2017-06-02,ZES273447,1,2927,XMA Ltd,270000,Information Communication Technology  ,Information and Communications Technology,Corporate and Support Services,IT Infrastructure,87038.51
2017-06-21,ZES274183,1,1586,Kana Software Ireland Limited,260000,Human Resources  ,Staff Training,Corporate and Support Services,Digital by Design Technical,4500.00
2017-06-21,ZES274183,2,1586,Kana Software Ireland Limited,260000,Human Resources  ,Staff Training,Corporate and Support Services,Digital by Design Technical,900.00
2017-04-18,ZFC271380,1,3670,Alliance Disposables,130000,Cleaning & Janitorial  ,Cleaning,Corporate and Support Services,SPB Operational Estate,11031.00
2017-04-18,ZFC271380,2,3670,Alliance Disposables,130000,Cleaning & Janitorial  ,Cleaning,Corporate and Support Services,SPB Operational Estate,692.64
2017-04-18,ZFC271380,3,3670,Alliance Disposables,130000,Cleaning & Janitorial  ,Cleaning,Corporate and Support Services,SPB Operational Estate,300.00
2017-04-20,ZFC271545,1,2438,J Greenwood (Builders) Ltd,390000,"Works - Construction, Repair & Maintenance  ",Capital Expenditure - Works,Capital Expenditure,Marple Hall Senior Citizens Hall - Roof,51674.00
2017-04-26,ZFC271829,1,10780,Permicoat Ltd,390000,"Works - Construction, Repair & Maintenance  ",Capital Expenditure - Works,Capital Expenditure,Meadowbank Prim. Junior Block Flat Roof Replacemen,127455.99
2017-04-27,ZFC271914,1,2479,JR Foy and Son Ltd,390000,"Works - Construction, Repair & Maintenance  ",Capital Expenditure - Works,Capital Expenditure,BSD Emergency PECOS Code,20958.02
2017-04-28,ZFC271951,1,2438,J Greenwood (Builders) Ltd,390000,"Works - Construction, Repair & Maintenance  ",Capital Expenditure - Works,Capital Expenditure,BSD Emergency PECOS Code,98929.00
2017-04-28,ZFC271955,1,11085,Keelagher Okey Klein,150000,Consultancy   ,Professional Fees,Capital Expenditure,Borough Care  - Shepley House,8060.00
2017-04-28,ZFC271958,1,11085,Keelagher Okey Klein,150000,Consultancy   ,Professional Fees,Capital Expenditure,Borough Care  - Booth Street,8303.00
2017-05-08,ZFC272341,1,11085,Keelagher Okey Klein,150000,Consultancy   ,Professional Fees,Corporate and Support Services,Merseyway Development Project,34665.70
2017-05-12,ZFC272667,1,10947,Willmott Dixon Holdings Lim,390000,"Works - Construction, Repair & Maintenance  ",Capital Expenditure - Works,Capital Expenditure,Brinnington Sports Centre,4866861.00
2017-05-15,ZFC272690,1,930,PHS Group Plc,130000,Cleaning & Janitorial  ,Cleaning,Corporate and Support Services,SPB Operational Estate,4753.32
2017-05-15,ZFC272690,2,930,PHS Group Plc,130000,Cleaning & Janitorial  ,Cleaning,Corporate and Support Services,SPB Operational Estate,7449.00
2017-05-15,ZFC272690,3,930,PHS Group Plc,130000,Cleaning & Janitorial  ,Cleaning,Corporate and Support Services,SPB Operational Estate,605.28
2017-05-15,ZFC272692,1,2438,J Greenwood (Builders) Ltd,390000,"Works - Construction, Repair & Maintenance  ",Capital Expenditure - Works,Capital Expenditure,C & YP Emergency PECOS Code,19986.00
2017-05-22,ZFC272956,1,2388,Young & Company,390000,"Works - Construction, Repair & Maintenance  ",Capital Expenditure - Works,Capital Expenditure,Hatworks - Roof repairs,24574.00
2017-05-23,ZFC273038,1,4482,Waste Solutions SK Ltd,182000,Environmental Services Waste Management ,Waste Management,Corporate and Support Services,SPB Operational Estate,43476.00
2017-05-31,ZFC273344,1,9543,Carillion (AMBS) Ltd,150000,Consultancy   ,Professional Fees,Capital Expenditure,Community Sports Facility and car park,19250.00
2017-06-08,ZFC273647,1,1799,Stockport Homes,370000,Utilities   ,Utilities,Corporate and Support Services,SPB Operational Estate,45000.00
2017-06-19,ZFC274050,1,11145,H Timmins Group Ltd,390000,"Works - Construction, Repair & Maintenance  ",Capital Expenditure - Works,Capital Expenditure,Brinnington Family Centre - Roof,12767.50
2017-06-29,ZFC274626,1,4704,CPL Heating and Plumbing,390000,"Works - Construction, Repair & Maintenance  ",Capital Expenditure - Works,Capital Expenditure,Moss Hey Prim. Fan Convector Replacement,87073.00
2017-06-30,ZFC274678,1,3529,Solutions SK Ltd,390000,"Works - Construction, Repair & Maintenance  ",Repairs and Maintenance,Corporate and Support Services,SPB Operational Estate,22756.68
2017-06-30,ZFC274678,2,3529,Solutions SK Ltd,390000,"Works - Construction, Repair & Maintenance  ",Repairs and Maintenance,Corporate and Support Services,SPB Operational Estate,43865.88
2017-06-30,ZFC274678,3,3529,Solutions SK Ltd,390000,"Works - Construction, Repair & Maintenance  ",Repairs and Maintenance,Corporate and Support Services,SPB Operational Estate,44073.48
2017-06-30,ZFC274678,4,3529,Solutions SK Ltd,192200,Facilities & Management Services Security ,Security,Corporate and Support Services,SPB Operational Estate,37570.44
2017-05-24,ZHT273101,1,4708,The Dodd Group,181000,Environmental Services Demolition & Asbestos Removal ,Capital Expenditure - Works,Capital Expenditure,Corporate buildings - demolition of 103,30070.00
2017-06-05,ZHT273512,1,1799,Stockport Homes,390000,"Works - Construction, Repair & Maintenance  ",Repairs and Maintenance,Non-General Fund Items,Council House Insurance -Fire Claims,9500.00
2017-06-09,ZHT273719,1,1799,Stockport Homes,390000,"Works - Construction, Repair & Maintenance  ",Repairs and Maintenance,Non-General Fund Items,Council House Insurance -Fire Claims,250000.00
2017-06-20,ZHT274160,1,4708,The Dodd Group,390000,"Works - Construction, Repair & Maintenance  ",Capital Expenditure - Works,Capital Expenditure,Market Garden Scheme,14913.00
2017-06-27,ZHT274426,1,4708,The Dodd Group,390000,"Works - Construction, Repair & Maintenance  ",Capital Expenditure - Works,Capital Expenditure,Cheadle Heath Pavillion - External works,11794.00
2017-06-27,ZHT274427,1,6698,Brook Edgeley Specialist te,390000,"Works - Construction, Repair & Maintenance  ",Capital Expenditure - Works,Capital Expenditure,Wellington Mill - Daw Bank Entrance,8112.00
2017-04-11,ZPP271161,1,2458,Northern Insulation Contractor,390000,"Works - Construction, Repair & Maintenance  ",Repairs and Maintenance,Capital Expenditure,"Great Moor Inf Boiler, Pipework, Heating",20835.00
2017-04-27,ZPP271893,1,2458,Northern Insulation Contractor,390000,"Works - Construction, Repair & Maintenance  ",Repairs and Maintenance,Capital Expenditure,Corporate buildings - demolition of 103,18450.00
2017-05-03,ZPP272120,1,10654,Lucion Services Ltd,390000,"Works - Construction, Repair & Maintenance  ",Repairs and Maintenance,Capital Expenditure,Capital Works on Leisure Centres - Avondale,8925.00
2017-05-05,ZPP272265,1,2458,Northern Insulation Contractor,150000,Consultancy   ,Professional Fees,Capital Expenditure,Markets and Underbanks,6250.00
2017-05-12,ZPP272670,1,2324,LAR Ltd,390000,"Works - Construction, Repair & Maintenance  ",Repairs and Maintenance,Capital Expenditure,Oakgrove Roof,20467.00
2017-04-06,ZSA270981,1,3188,Northgate Public Services,380000,Vehicle Management  ,Driving and Vehicle Licences,Corporate and Support Services,Driver Assessment,25000.00
2017-04-06,ZSA270981,2,3188,Northgate Public Services,380000,Vehicle Management  ,Driving and Vehicle Licences,Corporate and Support Services,Driver Assessment,2000.00
2017-04-25,ZSA271767,1,3529,Solutions SK Ltd,130000,Cleaning & Janitorial  ,Cleaning,Services to People,Redcroft Residential,8036.00
2017-04-26,ZSA271816,1,657,Independent Options (North Wes,320000,Social Community Care Supplies & Services  ,Care Payments,Services to People,Learning Disability Hunters Close,191508.24
2017-04-26,ZSA271817,1,10721,Fitzroy Support,320000,Social Community Care Supplies & Services  ,Care Payments,Services to People,Tenancy Options Phase 6 Fitzroy Support,335532.60
2017-04-26,ZSA271818,1,4617,Creative Support Ltd,320000,Social Community Care Supplies & Services  ,Care Payments,Services to People,3 The Drive Creative Support,98326.38
2017-04-27,ZSA271894,1,8275,HC-One Limited,320000,Social Community Care Supplies & Services  ,Care Payments,Services to People,CHC Assessment Beds pooled budget,491680.80
2017-04-27,ZSA271895,1,657,Independent Options (North Wes,320000,Social Community Care Supplies & Services  ,Care Payments,Services to People,LD Residential & Nursing Care purchasing,124250.00
2017-04-27,ZSA271896,1,7797,CHOICE SUPPORT,320000,Social Community Care Supplies & Services  ,Care Payments,Services to People,Choice Support contract payments,1579232.00
2017-04-27,ZSA271897,1,9018,Future Directions CIC,320000,Social Community Care Supplies & Services  ,Care Payments,Services to People,Calderstones 4 Properties,780979.00
2017-06-19,ZSA274021,1,1644,Tameside MBC,999999,Fees and Charges,Fees and Charges,Services to People,PH-Management,49939.00
2017-06-19,ZSA274034,1,1644,Tameside MBC,999999,Fees and Charges,Fees and Charges,Services to People,Info S&P Special Projects,50000.00
2017-05-02,ZSB272042,1,3529,Solutions SK Ltd,111200,Catering Food & Beverages ,Catering Supplies,Services to People,Highfields Inclusion Partnership,6037.28
2017-05-02,ZSB272044,1,3529,Solutions SK Ltd,390000,"Works - Construction, Repair & Maintenance  ",Repairs and Maintenance,Services to People,Highfields Inclusion Partnership,4314.77
2017-05-02,ZSB272044,1,3529,Solutions SK Ltd,240000,Horticultural  ,Grounds Maintenance,Services to People,Highfields Inclusion Partnership,5319.72
2017-05-08,ZSB272330,1,3529,Solutions SK Ltd,130000,Cleaning & Janitorial  ,Cleaning,Services to People,Highfields Inclusion Partnership,6424.61
2017-05-08,ZSB272331,1,3529,Solutions SK Ltd,130000,Cleaning & Janitorial  ,Cleaning,Services to People,Highfields Day 6,1665.13
2017-05-08,ZSB272331,1,3529,Solutions SK Ltd,130000,Cleaning & Janitorial  ,Cleaning,Services to People,ACE,3885.29
2017-05-03,ZSC272160,1,10036,Stockport Homes Letting Se,202000,Financial Services Rents ,Rents,Services to Place,Gateway Scheme,5174.70
2017-05-11,ZTR272566,1,10107,Chipside Limited,270000,Information Communication Technology  ,Information and Communications Technology,Services to Place,Car Parks Administration,3779.37
2017-05-11,ZTR272566,2,10107,Chipside Limited,270000,Information Communication Technology  ,Information and Communications Technology,Services to Place,Car Parks Administration,100.05
2017-05-11,ZTR272566,3,10107,Chipside Limited,270000,Information Communication Technology  ,Information and Communications Technology,Services to Place,Car Parks Administration,22.29
2017-05-11,ZTR272566,4,10107,Chipside Limited,270000,Information Communication Technology  ,Information and Communications Technology,Services to Place,Car Parks Administration,368.40
2017-05-11,ZTR272566,5,10107,Chipside Limited,270000,Information Communication Technology  ,Information and Communications Technology,Services to Place,Car Parks Administration,855.00
2017-05-11,ZTR272566,6,10107,Chipside Limited,270000,Information Communication Technology  ,Information and Communications Technology,Services to Place,Car Parks Administration,80.94
2017-05-11,ZTR272566,7,10107,Chipside Limited,270000,Information Communication Technology  ,Information and Communications Technology,Services to Place,Car Parks Administration,250.00
2017-05-11,ZTR272566,8,10107,Chipside Limited,270000,Information Communication Technology  ,Information and Communications Technology,Services to Place,Car Parks Administration,250.00
2017-06-21,ZTX274190,1,2438,J Greenwood (Builders) Ltd,390000,"Works - Construction, Repair & Maintenance  ",Capital Expenditure - Works,Capital Expenditure,Castle Hill School - Relocation,100000.00
2017-04-03,ZZC270801,1,8953,EASTHOLME SURGERY,320000,Social Community Care Supplies & Services  ,Care Payments,Services to People,PH-Healthcare,1687.00
2017-04-03,ZZC270801,2,8953,EASTHOLME SURGERY,320000,Social Community Care Supplies & Services  ,Care Payments,Services to People,PH-Lifestyles,1117.00
2017-04-03,ZZC270801,3,8953,EASTHOLME SURGERY,999999,Social Community Care Supplies & Services  ,Service Contract Payments,Services to People,Sexual Health LES,2072.00
2017-04-03,ZZC270801,4,8953,EASTHOLME SURGERY,320000,Social Community Care Supplies & Services  ,Care Payments,Services to People,Sexual Health LES,796.00
2017-04-03,ZZC270802,1,8914,Heaton Moor Medical Group,320000,Social Community Care Supplies & Services  ,Care Payments,Services to People,PH-Healthcare,10106.00
2017-04-03,ZZC270802,2,8914,Heaton Moor Medical Group,320000,Social Community Care Supplies & Services  ,Care Payments,Services to People,PH-Lifestyles,6628.00
2017-04-03,ZZC270802,3,8914,Heaton Moor Medical Group,999999,Social Community Care Supplies & Services  ,Service Contract Payments,Services to People,Sexual Health LES,6992.00
2017-04-03,ZZC270802,4,8914,Heaton Moor Medical Group,320000,Social Community Care Supplies & Services  ,Care Payments,Services to People,Sexual Health LES,6440.00
2017-04-03,ZZC270803,1,8921,Hulme Hall Medical Group,320000,Social Community Care Supplies & Services  ,Care Payments,Services to People,PH-Healthcare,4089.00
2017-04-03,ZZC270803,2,8921,Hulme Hall Medical Group,320000,Social Community Care Supplies & Services  ,Care Payments,Services to People,PH-Lifestyles,2002.00
2017-04-03,ZZC270803,3,8921,Hulme Hall Medical Group,999999,Social Community Care Supplies & Services  ,Service Contract Payments,Services to People,Sexual Health LES,1425.00
2017-04-03,ZZC270803,4,8921,Hulme Hall Medical Group,320000,Social Community Care Supplies & Services  ,Care Payments,Services to People,Sexual Health LES,1553.00
2017-04-03,ZZC270804,1,8929,Gatley Group Practice,320000,Social Community Care Supplies & Services  ,Care Payments,Services to People,PH-Healthcare,3193.00
2017-04-03,ZZC270804,2,8929,Gatley Group Practice,320000,Social Community Care Supplies & Services  ,Care Payments,Services to People,PH-Lifestyles,1345.00
2017-04-03,ZZC270804,3,8929,Gatley Group Practice,320000,Social Community Care Supplies & Services  ,Care Payments,Services to People,Sexual Health LES,1932.00
2017-04-03,ZZC270805,1,8960,DR A WRIGHT,320000,Social Community Care Supplies & Services  ,Care Payments,Services to People,PH-Healthcare,2195.00
2017-04-03,ZZC270805,2,8960,DR A WRIGHT,320000,Social Community Care Supplies & Services  ,Care Payments,Services to People,Sexual Health LES,2083.00
2017-04-03,ZZC270805,3,8960,DR A WRIGHT,320000,Social Community Care Supplies & Services  ,Care Payments,Services to People,PH-Lifestyles,1193.00
2017-04-03,ZZC270805,4,8960,DR A WRIGHT,999999,Social Community Care Supplies & Services  ,Service Contract Payments,Services to People,Sexual Health LES,64.00
2017-04-03,ZZC270806,1,8964,MARPLE MEDICAL PRACTICE,320000,Social Community Care Supplies & Services  ,Care Payments,Services to People,PH-Healthcare,2770.00
2017-04-03,ZZC270806,2,8964,MARPLE MEDICAL PRACTICE,320000,Social Community Care Supplies & Services  ,Care Payments,Services to People,PH-Lifestyles,1173.00
2017-04-03,ZZC270806,3,8964,MARPLE MEDICAL PRACTICE,999999,Social Community Care Supplies & Services  ,Service Contract Payments,Services to People,Sexual Health LES,583.00
2017-04-03,ZZC270806,4,8964,MARPLE MEDICAL PRACTICE,320000,Social Community Care Supplies & Services  ,Care Payments,Services to People,Sexual Health LES,871.00
2017-04-03,ZZC270807,1,8948,CHEADLE MEDICAL PRACTICE,320000,Social Community Care Supplies & Services  ,Care Payments,Services to People,PH-Healthcare,4188.00
2017-04-03,ZZC270807,2,8948,CHEADLE MEDICAL PRACTICE,320000,Social Community Care Supplies & Services  ,Care Payments,Services to People,PH-Lifestyles,2496.00
2017-04-03,ZZC270807,3,8948,CHEADLE MEDICAL PRACTICE,999999,Social Community Care Supplies & Services  ,Service Contract Payments,Services to People,Sexual Health LES,583.00
2017-04-03,ZZC270807,4,8948,CHEADLE MEDICAL PRACTICE,320000,Social Community Care Supplies & Services  ,Care Payments,Services to People,Sexual Health LES,5303.00
2017-04-03,ZZC270808,1,8945,Park View Group Practice,320000,Social Community Care Supplies & Services  ,Care Payments,Services to People,PH-Healthcare,2799.00
2017-04-03,ZZC270808,2,8945,Park View Group Practice,320000,Social Community Care Supplies & Services  ,Care Payments,Services to People,PH-Lifestyles,2548.00
2017-04-03,ZZC270808,3,8945,Park View Group Practice,999999,Social Community Care Supplies & Services  ,Service Contract Payments,Services to People,Sexual Health LES,4208.00
2017-04-03,ZZC270808,4,8945,Park View Group Practice,320000,Social Community Care Supplies & Services  ,Care Payments,Services to People,Sexual Health LES,4167.00
2017-04-03,ZZC270809,1,8944,Chadsfield Medical Practice,320000,Social Community Care Supplies & Services  ,Care Payments,Services to People,PH-Healthcare,2659.00
2017-04-03,ZZC270809,2,8944,Chadsfield Medical Practice,320000,Social Community Care Supplies & Services  ,Care Payments,Services to People,PH-Lifestyles,1356.00
2017-04-03,ZZC270809,3,8944,Chadsfield Medical Practice,999999,Social Community Care Supplies & Services  ,Service Contract Payments,Services to People,Sexual Health LES,1101.00
2017-04-03,ZZC270809,4,8944,Chadsfield Medical Practice,320000,Social Community Care Supplies & Services  ,Care Payments,Services to People,Sexual Health LES,2349.00
2017-04-03,ZZC270810,1,8952,DR ROONEY & PARTNERS,320000,Social Community Care Supplies & Services  ,Care Payments,Services to People,PH-Healthcare,4969.00
2017-04-03,ZZC270810,2,8952,DR ROONEY & PARTNERS,320000,Social Community Care Supplies & Services  ,Care Payments,Services to People,PH-Lifestyles,4557.00
2017-04-03,ZZC270810,3,8952,DR ROONEY & PARTNERS,999999,Social Community Care Supplies & Services  ,Service Contract Payments,Services to People,Sexual Health LES,2913.00
2017-04-03,ZZC270810,4,8952,DR ROONEY & PARTNERS,320000,Social Community Care Supplies & Services  ,Care Payments,Services to People,Sexual Health LES,3144.00
2017-04-03,ZZC270811,1,8949,BRAMHALL HEALTH CENTRE,320000,Social Community Care Supplies & Services  ,Care Payments,Services to People,PH-Healthcare,4835.00
2017-04-03,ZZC270811,2,8949,BRAMHALL HEALTH CENTRE,320000,Social Community Care Supplies & Services  ,Care Payments,Services to People,PH-Lifestyles,2282.00
2017-04-03,ZZC270811,3,8949,BRAMHALL HEALTH CENTRE,320000,Social Community Care Supplies & Services  ,Care Payments,Services to People,Sexual Health LES,833.00
2017-04-03,ZZC270812,1,8947,CARITAS GP PARTNERSHIP,320000,Social Community Care Supplies & Services  ,Care Payments,Services to People,PH-Healthcare,4769.00
2017-04-03,ZZC270812,2,8947,CARITAS GP PARTNERSHIP,320000,Social Community Care Supplies & Services  ,Care Payments,Services to People,PH-Lifestyles,3350.00
2017-04-03,ZZC270812,3,8947,CARITAS GP PARTNERSHIP,999999,Social Community Care Supplies & Services  ,Service Contract Payments,Services to People,Sexual Health LES,6085.00
2017-04-03,ZZC270812,4,8947,CARITAS GP PARTNERSHIP,320000,Social Community Care Supplies & Services  ,Care Payments,Services to People,Sexual Health LES,2917.00
2017-04-03,ZZC270813,1,8950,BEECH HOUSE MEDICAL PRACTICE,320000,Social Community Care Supplies & Services  ,Care Payments,Services to People,PH-Healthcare,3140.00
2017-04-03,ZZC270813,2,8950,BEECH HOUSE MEDICAL PRACTICE,320000,Social Community Care Supplies & Services  ,Care Payments,Services to People,PH-Lifestyles,2046.00
2017-04-03,ZZC270813,3,8950,BEECH HOUSE MEDICAL PRACTICE,999999,Social Community Care Supplies & Services  ,Service Contract Payments,Services to People,Sexual Health LES,2330.00
2017-04-03,ZZC270813,4,8950,BEECH HOUSE MEDICAL PRACTICE,320000,Social Community Care Supplies & Services  ,Care Payments,Services to People,Sexual Health LES,1667.00
2017-04-03,ZZC270814,1,8963,DR C MARSHALL & PARTNERS,320000,Social Community Care Supplies & Services  ,Care Payments,Services to People,PH-Healthcare,2318.00
2017-04-03,ZZC270814,2,8963,DR C MARSHALL & PARTNERS,320000,Social Community Care Supplies & Services  ,Care Payments,Services to People,PH-Lifestyles,2682.00
2017-04-03,ZZC270814,3,8963,DR C MARSHALL & PARTNERS,999999,Social Community Care Supplies & Services  ,Service Contract Payments,Services to People,Sexual Health LES,2007.00
2017-04-03,ZZC270814,4,8963,DR C MARSHALL & PARTNERS,320000,Social Community Care Supplies & Services  ,Care Payments,Services to People,Sexual Health LES,1970.00
2017-04-03,ZZC270815,1,8942,Heaton Mersey Medical Practice,320000,Social Community Care Supplies & Services  ,Care Payments,Services to People,PH-Lifestyles,1684.00
2017-04-03,ZZC270815,2,8942,Heaton Mersey Medical Practice,999999,Social Community Care Supplies & Services  ,Service Contract Payments,Services to People,Sexual Health LES,583.00
2017-04-03,ZZC270815,3,8942,Heaton Mersey Medical Practice,320000,Social Community Care Supplies & Services  ,Care Payments,Services to People,PH-Healthcare,2792.00
2017-04-03,ZZC270815,4,8942,Heaton Mersey Medical Practice,320000,Social Community Care Supplies & Services  ,Care Payments,Services to People,Sexual Health LES,1629.00
2017-04-03,ZZC270816,1,8928,Bracondale Medical Centre,320000,Social Community Care Supplies & Services  ,Care Payments,Services to People,PH-Healthcare,1779.00
2017-04-03,ZZC270816,2,8928,Bracondale Medical Centre,320000,Social Community Care Supplies & Services  ,Care Payments,Services to People,PH-Lifestyles,1436.00
2017-04-03,ZZC270816,3,8928,Bracondale Medical Centre,999999,Social Community Care Supplies & Services  ,Service Contract Payments,Services to People,Sexual Health LES,1425.00
2017-04-03,ZZC270816,4,8928,Bracondale Medical Centre,320000,Social Community Care Supplies & Services  ,Care Payments,Services to People,Sexual Health LES,871.00
2017-04-03,ZZC270817,1,8933,Dr RJ Seabrook & Partners,320000,Social Community Care Supplies & Services  ,Care Payments,Services to People,PH-Healthcare,4599.00
2017-04-03,ZZC270817,2,8933,Dr RJ Seabrook & Partners,320000,Social Community Care Supplies & Services  ,Care Payments,Services to People,Sexual Health LES,2576.00
2017-04-03,ZZC270817,3,8933,Dr RJ Seabrook & Partners,320000,Social Community Care Supplies & Services  ,Care Payments,Services to People,PH-Lifestyles,1994.00
2017-04-03,ZZC270817,4,8933,Dr RJ Seabrook & Partners,999999,Social Community Care Supplies & Services  ,Service Contract Payments,Services to People,Sexual Health LES,2072.00
2017-04-03,ZZC270818,1,8939,MARPLE COTTAGE SURGERY,320000,Social Community Care Supplies & Services  ,Care Payments,Services to People,PH-Healthcare,2634.00
2017-04-03,ZZC270818,2,8939,MARPLE COTTAGE SURGERY,320000,Social Community Care Supplies & Services  ,Care Payments,Services to People,PH-Lifestyles,1686.00
2017-04-03,ZZC270818,3,8939,MARPLE COTTAGE SURGERY,999999,Social Community Care Supplies & Services  ,Service Contract Payments,Services to People,Sexual Health LES,388.00
2017-04-03,ZZC270818,4,8939,MARPLE COTTAGE SURGERY,320000,Social Community Care Supplies & Services  ,Care Payments,Services to People,Sexual Health LES,720.00
2017-04-03,ZZC270819,1,8956,The Family Surgery,320000,Social Community Care Supplies & Services  ,Care Payments,Services to People,PH-Healthcare,4025.00
2017-04-03,ZZC270819,2,8956,The Family Surgery,320000,Social Community Care Supplies & Services  ,Care Payments,Services to People,PH-Lifestyles,5166.00
2017-04-03,ZZC270820,1,8926,Manor Medical Practice,320000,Social Community Care Supplies & Services  ,Care Payments,Services to People,PH-Healthcare,3252.00
2017-04-03,ZZC270820,2,8926,Manor Medical Practice,999999,Social Community Care Supplies & Services  ,Service Contract Payments,Services to People,Sexual Health LES,1359.00
2017-04-03,ZZC270820,3,8926,Manor Medical Practice,320000,Social Community Care Supplies & Services  ,Care Payments,Services to People,PH-Lifestyles,2862.00
2017-04-03,ZZC270820,4,8926,Manor Medical Practice,320000,Social Community Care Supplies & Services  ,Care Payments,Services to People,Sexual Health LES,2197.00
2017-04-03,ZZC270820,5,8926,Manor Medical Practice,320000,Social Community Care Supplies & Services  ,Care Payments,Services to People,PH-Lifestyles,0.00
2017-04-03,ZZC270821,1,8959,MARPLE BRIDGE SURGERY,320000,Social Community Care Supplies & Services  ,Care Payments,Services to People,PH-Healthcare,2624.00
2017-04-03,ZZC270821,2,8959,MARPLE BRIDGE SURGERY,320000,Social Community Care Supplies & Services  ,Care Payments,Services to People,Sexual Health LES,1288.00
2017-04-03,ZZC270821,3,8959,MARPLE BRIDGE SURGERY,320000,Social Community Care Supplies & Services  ,Care Payments,Services to People,PH-Lifestyles,889.00
2017-04-03,ZZC270821,4,8959,MARPLE BRIDGE SURGERY,320000,Social Community Care Supplies & Services  ,Care Payments,Services to People,PH-Lifestyles,0.00
2017-04-03,ZZC270821,5,8959,MARPLE BRIDGE SURGERY,999999,Social Community Care Supplies & Services  ,Service Contract Payments,Services to People,Sexual Health LES,1359.00
2017-04-04,ZZC270862,1,8918,Boots (Stockport),320000,Social Community Care Supplies & Services  ,Care Payments,Services to People,Sexual Health LES,17000.00
2017-04-04,ZZC270862,2,8918,Boots (Stockport),320000,Social Community Care Supplies & Services  ,Care Payments,Services to People,PH-Lifestyles,500.00
2017-04-04,ZZC270863,1,8957,Stockport Medical Group - Edge,320000,Social Community Care Supplies & Services  ,Care Payments,Services to People,PH-Healthcare,4835.00
2017-04-04,ZZC270863,2,8957,Stockport Medical Group - Edge,320000,Social Community Care Supplies & Services  ,Care Payments,Services to People,PH-Lifestyles,5390.00
2017-04-04,ZZC270863,3,8957,Stockport Medical Group - Edge,999999,Social Community Care Supplies & Services  ,Service Contract Payments,Services to People,Sexual Health LES,8416.00
2017-04-04,ZZC270863,4,8957,Stockport Medical Group - Edge,320000,Social Community Care Supplies & Services  ,Care Payments,Services to People,Sexual Health LES,5152.00
2017-04-04,ZZC270863,5,8957,Stockport Medical Group - Edge,320000,Social Community Care Supplies & Services  ,Care Payments,Services to People,PH-Lifestyles,0.00
2017-04-04,ZZC270884,1,8930,Archwood Medical Practice,320000,Social Community Care Supplies & Services  ,Care Payments,Services to People,PH-Healthcare,2219.00
2017-04-04,ZZC270884,2,8930,Archwood Medical Practice,320000,Social Community Care Supplies & Services  ,Care Payments,Services to People,PH-Lifestyles,1617.00
2017-04-04,ZZC270884,3,8930,Archwood Medical Practice,999999,Social Community Care Supplies & Services  ,Service Contract Payments,Services to People,Sexual Health LES,388.00
2017-04-04,ZZC270884,4,8930,Archwood Medical Practice,320000,Social Community Care Supplies & Services  ,Care Payments,Services to People,Sexual Health LES,3333.00
2017-04-04,ZZC270885,1,9126,Dr Mathewson,320000,Social Community Care Supplies & Services  ,Care Payments,Services to People,PH-Healthcare,2267.00
2017-04-04,ZZC270885,2,9126,Dr Mathewson,320000,Social Community Care Supplies & Services  ,Care Payments,Services to People,PH-Healthcare,945.00
2017-04-04,ZZC270885,3,9126,Dr Mathewson,320000,Social Community Care Supplies & Services  ,Care Payments,Services to People,PH-Healthcare,2083.00
2017-04-04,ZZC270885,4,9126,Dr Mathewson,999999,Social Community Care Supplies & Services  ,Service Contract Payments,Services to People,Sexual Health LES,1619.00
2017-04-04,ZZC270886,1,8913,The Guywood Practice,320000,Social Community Care Supplies & Services  ,Care Payments,Services to People,PH-Healthcare,1084.00
2017-04-04,ZZC270886,2,8913,The Guywood Practice,320000,Social Community Care Supplies & Services  ,Care Payments,Services to People,PH-Lifestyles,666.00
2017-04-04,ZZC270886,3,8913,The Guywood Practice,999999,Social Community Care Supplies & Services  ,Service Contract Payments,Services to People,Sexual Health LES,324.00
2017-04-04,ZZC270886,4,8913,The Guywood Practice,320000,Social Community Care Supplies & Services  ,Care Payments,Services to People,Sexual Health LES,3902.00
2017-04-04,ZZC270887,1,8965,DR J JEFFS,320000,Social Community Care Supplies & Services  ,Care Payments,Services to People,PH-Healthcare,1222.00
2017-04-04,ZZC270887,2,8965,DR J JEFFS,320000,Social Community Care Supplies & Services  ,Care Payments,Services to People,PH-Lifestyles,2101.00
2017-04-04,ZZC270887,3,8965,DR J JEFFS,320000,Social Community Care Supplies & Services  ,Care Payments,Services to People,Sexual Health LES,1326.00
2017-04-04,ZZC270887,4,8965,DR J JEFFS,999999,Social Community Care Supplies & Services  ,Service Contract Payments,Services to People,Sexual Health LES,2590.00
2017-04-04,ZZC270888,1,8986,DRS GILMAN & BILBEY,320000,Social Community Care Supplies & Services  ,Care Payments,Services to People,PH-Healthcare,2449.00
2017-04-04,ZZC270888,2,8986,DRS GILMAN & BILBEY,320000,Social Community Care Supplies & Services  ,Care Payments,Services to People,PH-Lifestyles,4759.00
2017-04-04,ZZC270888,3,8986,DRS GILMAN & BILBEY,999999,Social Community Care Supplies & Services  ,Service Contract Payments,Services to People,Sexual Health LES,3561.00
2017-04-04,ZZC270888,4,8986,DRS GILMAN & BILBEY,320000,Social Community Care Supplies & Services  ,Care Payments,Services to People,Sexual Health LES,2083.00
2017-04-04,ZZC270889,1,8922,Dr Dean and Partners,320000,Social Community Care Supplies & Services  ,Care Payments,Services to People,PH-Healthcare,2102.00
2017-04-04,ZZC270889,2,8922,Dr Dean and Partners,320000,Social Community Care Supplies & Services  ,Care Payments,Services to People,PH-Lifestyles,1140.00
2017-04-04,ZZC270889,3,8922,Dr Dean and Partners,999999,Social Community Care Supplies & Services  ,Service Contract Payments,Services to People,Sexual Health LES,777.00
2017-04-04,ZZC270889,4,8922,Dr Dean and Partners,320000,Social Community Care Supplies & Services  ,Care Payments,Services to People,Sexual Health LES,2349.00
2017-04-10,ZZC271035,1,2104,Central Manchester University,310000,Healthcare  ,Third party payments - Public Sector,Services to People,PH-Sexual Health,3889539.00
2017-04-20,ZZC271530,1,1339,Stockport NHS Foundation Trust,310000,Healthcare  ,Third party payments - Public Sector,Services to People,DP - CEAS,67300.00
2017-04-24,ZZC271708,1,1339,Stockport NHS Foundation Trust,310000,Healthcare  ,Third party payments - Public Sector,Services to People,EHP CC Mgt Admin,200000.00
2017-04-27,ZZC271874,1,837,Bolton MBC Corporate Resources,999999,Fees and Charges,Fees and Charges,Services to People,FP - Fostering Staffing,5318.00
2017-05-04,ZZC272215,1,11086,Inspired Film and Video Ltd,150000,Consultancy   ,Professional Fees,Services to People,FP – Regional Adoption Agency,5350.00
2017-05-05,ZZC272297,1,10867,ABL Health Ltd,310000,Healthcare  ,Third party payments - Public Sector,Services to People,PH-Lifestyles,733000.00
2017-05-05,ZZC272298,1,10332,LIFELINE PROJECT LIMITED,999999,Social Community Care Supplies & Services  ,Service Contract Payments,Services to People,PH-Drug and Alcohol,479871.00
2017-05-05,ZZC272299,1,4369,Pennine Care NHS Trust,999999,Social Community Care Supplies & Services  ,Service Contract Payments,Services to People,PH-Drug and Alcohol,1125000.00
2017-05-05,ZZC272300,1,628,Life Leisure,999999,Social Community Care Supplies & Services  ,Service Contract Payments,Services to People,PH-Lifestyles,177403.00
2017-05-10,ZZC272512,1,11066,Eurospan Group,171113,Education Library Books ,Library Equipment,Services to People,SEN Reform,5961.06
2017-05-12,ZZC272638,1,10332,LIFELINE PROJECT LIMITED,310000,Healthcare  ,Third party payments - Public Sector,Services to People,PH-Drug and Alcohol,65936.00
2017-05-23,ZZC273012,1,8244,NCER CIC,200000,Financial Services  ,Fees and Charges,Services to People,SI - Advisers,8012.30
2017-05-24,ZZC273115,1,10985,SMS Education Ltd,261500,Human Resources Training & Conferences ,Fees and Charges,Services to People,Lea-Sen Independent School Fees,275000.00
2017-05-24,ZZC273118,1,10332,LIFELINE PROJECT LIMITED,310000,Healthcare  ,Third party payments - Public Sector,Services to People,PH-Drug and Alcohol,10989.00
2017-05-25,ZZC273136,1,1339,Stockport NHS Foundation Trust,310000,Healthcare  ,Third party payments - Public Sector,Services to People,PH-Lifestyles,18000.00
2017-05-25,ZZC273144,1,1339,Stockport NHS Foundation Trust,310000,Healthcare  ,Third party payments - Public Sector,Services to People,SHV CSC Locality Lead,8733.00
2017-05-26,ZZC273222,1,10867,ABL Health Ltd,310000,Healthcare  ,Third party payments - Public Sector,Services to People,PH-Lifestyles,733000.00
2017-05-31,ZZC273338,1,1339,Stockport NHS Foundation Trust,310000,Healthcare  ,Third party payments - Public Sector,Services to People,HTV CSC Locality Lead,8733.00
2017-06-02,ZZC273438,1,1339,Stockport NHS Foundation Trust,310000,Healthcare  ,Third party payments - Public Sector,Services to People,CB/MW CSC Locality Lead,8733.00
2017-06-05,ZZC273467,1,5367,Safespaces (Cornholme) Ltd,181800,Environmental Services Technical Equipment ,Furniture and Equipment,Services to People,DP - CEAS,5050.00
2017-06-05,ZZC273467,2,5367,Safespaces (Cornholme) Ltd,181800,Environmental Services Technical Equipment ,Furniture and Equipment,Services to People,DP - CEAS,250.00
2017-06-05,ZZC273510,1,10867,ABL Health Ltd,310000,Healthcare  ,Third party payments - Public Sector,Services to People,PH-Lifestyles,733000.00
2017-06-06,ZZC273543,1,10337,SIGNPOST STOCKPORT for CARERS,390000,Supplies and services,Supplies and services,Services to People,Transformation Fund-Healthy Communities,65967.00
2017-06-13,ZZC273854,1,11066,Eurospan Group,171113,Education Library Books ,Library Equipment,Services to People,SEN Reform,43923.60
2017-06-16,ZZC274017,1,6455,Assoc Board of Royal Schools o,171012,Education Examinational Fees ,Fees and Charges,Services to People,SI -Music Service,5880.00
2017-06-19,ZZC274022,1,2011,dv Salford City Council,999999,Fees and Charges,Fees and Charges,Services to People,HIV Services,25197.00
2017-06-19,ZZC274069,1,10332,DV LIFELINE PROJECT LIMITED,999999,Social Community Care Supplies & Services  ,Service Contract Payments,Services to People,PH-Drug and Alcohol,479871.00
2017-06-19,ZZC274077,1,9199,Paxmans Musical Instruments,181800,Environmental Services Technical Equipment ,Furniture and Equipment,Services to People,SI - Assisted Purch,5960.00
2017-06-19,ZZC274077,2,9199,Paxmans Musical Instruments,181800,Environmental Services Technical Equipment ,Furniture and Equipment,Services to People,SI - Assisted Purch,336.60
2017-06-20,ZZC274169,1,9587,FFT Education Ltd,200000,Financial Services  ,Fees and Charges,Services to People,SI - Advisers,18765.00
2017-06-26,ZZC274414,1,9715,NHS Stockport CCG,310000,Healthcare  ,Third party payments - Public Sector,Services to People,Perip-Classroom Assistant - Learning Dif,22820.00
2017-06-26,ZZC274416,1,4369,Pennine Care NHS Trust,999999,Social Community Care Supplies & Services  ,Service Contract Payments,Services to People,PH-Drug and Alcohol,1125000.00
2017-06-27,ZZC274466,1,7002,Halle Concerts Society,290000,Arts & Leisure Services  ,Publicity and Promotion,Services to People,SI -Music Service,12000.00
2017-06-30,ZZC274725,1,2104,Central Manchester University,390000,Supplies and services,Supplies and services,Services to People,Chlamydia Screening,72434.00
2017-04-03,ZZP270770,1,5915,Atkins Global,390000,Supplies and services,Supplies and services,Services to Place,Network Assets Staff,5947.00
2017-04-03,ZZP270784,1,7820,Greater Manchester GMUTC,390000,"Works - Construction, Repair & Maintenance  ",Capital Expenditure - Works,Capital Expenditure,HIP Carriageways - On Site,4110.12
2017-04-03,ZZP270784,2,7820,Greater Manchester GMUTC,390000,"Works - Construction, Repair & Maintenance  ",Capital Expenditure - Works,Capital Expenditure,HIP Carriageways - On Site,898.42
2017-04-03,ZZP270784,3,7820,Greater Manchester GMUTC,390000,"Works - Construction, Repair & Maintenance  ",Capital Expenditure - Works,Capital Expenditure,HIP Carriageways - On Site,2184.20
2017-04-04,ZZP270878,1,9756,Essential Fleet Services,380000,Vehicle Management  ,MOT Charges,Services to Place,Taxi & Private Hire Cars,8900.00
2017-04-05,ZZP270897,1,8010,GROUNDWORK & LEISURE SERVIC,240000,Horticultural  ,Grounds Maintenance,Services to Place,SPECIAL PROJECT 1,5508.00
2017-04-05,ZZP270927,1,11056,Asset Management Academy Ltd,261500,Human Resources Training & Conferences ,Fees and Charges,Services to Place,Network Assets Staff,11650.00
2017-04-05,ZZP270928,1,5915,Atkins Global,150000,Consultancy   ,Professional Fees,Services to Place,ECS-Highway Design Team,51350.00
2017-04-05,ZZP270929,1,8817,AECOM Infrastructure & Environ,150000,Consultancy   ,Professional Fees,Capital Expenditure,STCAP 606 Woodbank Park Cycle Path - Land,14970.50
2017-04-06,ZZP270962,1,10855,NEPRO Ltd,150000,Consultancy   ,Professional Fees,Services to Place,Environment Administration Support,25000.00
2017-04-06,ZZP270972,1,6748,GEORGE COX & SONS LTD,390000,Supplies and services,Supplies and services,Services to Place,Highway Structures - Routine and Reactive Maintena,15000.00
2017-04-06,ZZP270975,1,6748,GEORGE COX & SONS LTD,390000,Supplies and services,Supplies and services,Services to Place,Highway Structures - Routine and Reactive Maintena,15000.00
2017-04-07,ZZP270987,1,2927,XMA Ltd,270000,Information Communication Technology  ,Information and Communications Technology,Corporate and Support Services,Digital by Design Technical,5266.90
2017-04-07,ZZP270992,1,543,Konica Minolta Business Soltns,190000,Facilities & Management Services  ,Office Expenses,Corporate and Support Services,Public Libraries General,8500.00
2017-04-07,ZZP270992,2,543,Konica Minolta Business Soltns,190000,Facilities & Management Services  ,Office Expenses,Corporate and Support Services,Public Libraries General,10000.00
2017-04-07,ZZP271032,1,6967,Wilde Consultants Ltd,150000,Consultancy   ,Professional Fees,Capital Expenditure,STCAP 05 Phase 2 Project Management,74664.00
2017-04-07,ZZP271033,1,683,AECOM Limited,150000,Consultancy   ,Professional Fees,Capital Expenditure,Highway Drainage Investment Programme - Design,8667.00
2017-04-10,ZZP271044,1,6748,GEORGE COX & SONS LTD,390000,Supplies and services,Supplies and services,Capital Expenditure,Highway Drainage Investment Programme - On Site,32000.00
2017-04-10,ZZP271045,1,3529,Solutions SK Ltd,390000,"Works - Construction, Repair & Maintenance  ",Capital Expenditure - Works,Capital Expenditure,STCAPChestergte(RockRow-GtUnderbk)OnSit,5400.00
2017-04-10,ZZP271050,1,3529,Solutions SK Ltd,182000,Environmental Services Waste Management ,Waste Management,Services to Place,Pymt to Cont Recycling and Refuse,7072599.00
2017-04-10,ZZP271050,2,3529,Solutions SK Ltd,181600,Environmental Services Street Cleansing ,Cleaning,Services to Place,Pymt to Contr Street Cleaning,3107844.00
2017-04-10,ZZP271050,3,3529,Solutions SK Ltd,230000,Highway Equipment & Materials    ,Highways Maintenance,Services to Place,Gritting,396425.00
2017-04-10,ZZP271050,4,3529,Solutions SK Ltd,240000,Horticultural  ,Grounds Maintenance,Services to Place,SSK Contract SLA,2010617.00
2017-04-10,ZZP271050,5,3529,Solutions SK Ltd,230000,Highway Equipment & Materials    ,Highways Maintenance,Services to Place,SLA Safety Detect Repair Teams,2240793.00
2017-04-10,ZZP271050,6,3529,Solutions SK Ltd,350000,Street & Traffic Management  ,Fixtures and Fittings,Services to Place,SLA Street Lighting,1091872.00
2017-04-10,ZZP271050,7,3529,Solutions SK Ltd,240000,Horticultural  ,Grounds Maintenance,Services to Place,SSK Contract SLA,131127.00
2017-04-10,ZZP271050,8,3529,Solutions SK Ltd,240000,Horticultural  ,Grounds Maintenance,Services to Place,Arboriculture Contract SSK,335881.00
2017-04-10,ZZP271050,9,3529,Solutions SK Ltd,390000,"Works - Construction, Repair & Maintenance  ",Capital Expenditure - Works,Capital Expenditure,HIP Footways - On Site,3034917.00
2017-04-10,ZZP271050,10,3529,Solutions SK Ltd,390000,"Works - Construction, Repair & Maintenance  ",Capital Expenditure - Works,Capital Expenditure,Street Lighting - On Site,500000.00
2017-04-10,ZZP271050,11,3529,Solutions SK Ltd,390000,"Works - Construction, Repair & Maintenance  ",Repairs and Maintenance,Services to Place,Patrol,290000.00
2017-04-10,ZZP271050,12,3529,Solutions SK Ltd,192200,Facilities & Management Services Security ,Security,Services to Place,CCTV/Control,340680.00
2017-04-10,ZZP271050,13,3529,Solutions SK Ltd,202000,Financial Services Rents ,Rents,Services to Place,Operational Support,69000.00
2017-04-10,ZZP271050,14,3529,Solutions SK Ltd,202000,Financial Services Rents ,Rents,Services to Place,Operational Support,47448.00
2017-04-10,ZZP271090,1,3529,Solutions SK Ltd,390000,"Works - Construction, Repair & Maintenance  ",Capital Expenditure - Works,Capital Expenditure,STCAP 907 Lancashire Hill Roundabout - On Site,22247.63
2017-04-11,ZZP271136,1,7628,Schools ICT Service Ltd,390000,"Works - Construction, Repair & Maintenance  ",Fees and Charges,Corporate and Support Services,POD SIMS,8892.00
2017-04-11,ZZP271174,1,4482,Waste Solutions SK Ltd,182000,Environmental Services Waste Management ,Waste Management,Corporate and Support Services,Public Libraries General,5500.00
2017-04-11,ZZP271179,1,178,Trafford Council,261400,Human Resources Temporary & Agency Staff ,Agency Staff,Corporate and Support Services,Library Management,6579.75
2017-04-11,ZZP271180,1,3529,Solutions SK Ltd,390000,"Works - Construction, Repair & Maintenance  ",Capital Expenditure - Works,Capital Expenditure,STCAP 907 Lancashire Hill Roundabout - On Site,58852.62
2017-04-12,ZZP271235,1,412,Manchester Airport Group Plc,390000,Supplies and services,Supplies and services,Capital Expenditure,Main Contractor DD - On Site,14295.71
2017-04-13,ZZP271287,1,9358,Seven Miles Out Arts CIC,290000,Arts & Leisure Services  ,Publicity and Promotion,Services to Place,High St Innovation Fund (H S I F),5284.64
2017-04-18,ZZP271302,1,757,Transport for Greater Manchest,390000,Supplies and services,Supplies and services,Capital Expenditure,Main Contractor DD - On Site,640000.00
2017-04-18,ZZP271366,1,4272,Civica UK Ltd,390000,Supplies and services,Supplies and services,Corporate and Support Services,Bentax,25000.00
2017-04-19,ZZP271439,1,6967,Wilde Consultants Ltd,150000,Consultancy   ,Professional Fees,Services to Place,Design Framework Staff,34216.00
2017-04-19,ZZP271440,1,6967,Wilde Consultants Ltd,150000,Consultancy   ,Professional Fees,Services to Place,Design Framework Staff,10080.00
2017-04-19,ZZP271441,1,6967,Wilde Consultants Ltd,150000,Consultancy   ,Professional Fees,Services to Place,ECS-Head of Engineering Consultancy Services,79000.00
2017-04-19,ZZP271442,1,6967,Wilde Consultants Ltd,150000,Consultancy   ,Professional Fees,Services to Place,ECS-Head of Engineering Consultancy Services,52000.00
2017-04-19,ZZP271443,1,6967,Wilde Consultants Ltd,150000,Consultancy   ,Professional Fees,Services to Place,Design Framework Staff,20640.00
2017-04-19,ZZP271444,1,6967,Wilde Consultants Ltd,150000,Consultancy   ,Professional Fees,Services to Place,ECS-Head of Engineering Consultancy Services,76960.00
2017-04-19,ZZP271445,1,6967,Wilde Consultants Ltd,150000,Consultancy   ,Professional Fees,Services to Place,Design Framework Staff,71760.00
2017-04-19,ZZP271446,1,6967,Wilde Consultants Ltd,150000,Consultancy   ,Professional Fees,Services to Place,ECS-Head of Engineering Consultancy Services,89440.00
2017-04-19,ZZP271447,1,6967,Wilde Consultants Ltd,150000,Consultancy   ,Professional Fees,Services to Place,ECS-Head of Engineering Consultancy Services,16560.00
2017-04-19,ZZP271448,1,6967,Wilde Consultants Ltd,150000,Consultancy   ,Professional Fees,Services to Place,ECS-Head of Engineering Consultancy Services,89440.00
2017-04-19,ZZP271449,1,6967,Wilde Consultants Ltd,150000,Consultancy   ,Professional Fees,Services to Place,Design Framework Staff,71760.00
2017-04-19,ZZP271450,1,6967,Wilde Consultants Ltd,150000,Consultancy   ,Professional Fees,Services to Place,Design Framework Staff,19920.00
2017-04-19,ZZP271451,1,6967,Wilde Consultants Ltd,150000,Consultancy   ,Professional Fees,Services to Place,Design Framework Staff,71760.00
2017-04-19,ZZP271452,1,6967,Wilde Consultants Ltd,150000,Consultancy   ,Professional Fees,Services to Place,Design Framework Staff,18288.00
2017-04-19,ZZP271453,1,6967,Wilde Consultants Ltd,150000,Consultancy   ,Professional Fees,Services to Place,Design Framework Staff,82160.00
2017-04-19,ZZP271454,1,6967,Wilde Consultants Ltd,150000,Consultancy   ,Professional Fees,Services to Place,ECS-Head of Engineering Consultancy Services,25376.00
2017-04-19,ZZP271456,1,5915,Atkins Global,150000,Consultancy   ,Professional Fees,Services to Place,ECS-Head of Engineering Consultancy Services,19200.00
2017-04-19,ZZP271457,1,6967,Wilde Consultants Ltd,150000,Consultancy   ,Professional Fees,Services to Place,Design Framework Staff,79000.00
2017-04-19,ZZP271460,1,6967,Wilde Consultants Ltd,150000,Consultancy   ,Professional Fees,Services to Place,ECS-Head of Engineering Consultancy Services,34216.00
2017-04-19,ZZP271461,1,6967,Wilde Consultants Ltd,150000,Consultancy   ,Professional Fees,Services to Place,Design Framework Staff,33120.00
2017-04-19,ZZP271475,1,6967,Wilde Consultants Ltd,150000,Consultancy   ,Professional Fees,Services to Place,Design Framework Staff,83538.00
2017-04-19,ZZP271476,1,6967,Wilde Consultants Ltd,150000,Consultancy   ,Professional Fees,Services to Place,Design Framework Staff,83200.00
2017-04-19,ZZP271477,1,6967,Wilde Consultants Ltd,150000,Consultancy   ,Professional Fees,Services to Place,Design Framework Staff,96720.00
2017-04-19,ZZP271478,1,6967,Wilde Consultants Ltd,150000,Consultancy   ,Professional Fees,Services to Place,ECS-Head of Engineering Consultancy Services,52000.00
2017-04-19,ZZP271479,1,6967,Wilde Consultants Ltd,150000,Consultancy   ,Professional Fees,Services to Place,Design Framework Staff,73320.00
2017-04-19,ZZP271480,1,6967,Wilde Consultants Ltd,150000,Consultancy   ,Professional Fees,Services to Place,Design Framework Staff,89440.00
2017-04-19,ZZP271481,1,6967,Wilde Consultants Ltd,150000,Consultancy   ,Professional Fees,Services to Place,ECS-Head of Engineering Consultancy Services,89440.00
2017-04-20,ZZP271503,1,3529,Solutions SK Ltd,240000,Horticultural  ,Grounds Maintenance,Services to Place,Policy-Rights Of Way,9725.66
2017-04-20,ZZP271540,1,6748,GEORGE COX & SONS LTD,390000,Supplies and services,Supplies and services,Capital Expenditure,Highway Drainage Investment Programme - On Site,5500.00
2017-04-20,ZZP271541,1,3529,Solutions SK Ltd,390000,"Works - Construction, Repair & Maintenance  ",Capital Expenditure - Works,Capital Expenditure,Highway Drainage Routine Repair - On Site,7800.00
2017-04-20,ZZP271543,1,6748,GEORGE COX & SONS LTD,390000,Supplies and services,Supplies and services,Services to Place,Highway Structures - Routine and Reactive Maintena,11754.40
2017-04-21,ZZP271565,1,865,Bethell Construction Ltd,390000,Supplies and services,Supplies and services,Capital Expenditure,004 A6 Viaduct Waterproofing - On Site,5152.34
2017-04-21,ZZP271566,1,7820,Greater Manchester GMUTC,390000,Supplies and services,Supplies and services,Capital Expenditure,004 A6 Viaduct Waterproofing - On Site,12000.00
2017-04-21,ZZP271570,1,8814,Agilisys Professional Services,270000,Information Communication Technology  ,Information and Communications Technology,Corporate and Support Services,IT Systems,12000.00
2017-04-21,ZZP271584,1,3529,Solutions SK Ltd,390000,"Works - Construction, Repair & Maintenance  ",Capital Expenditure - Works,Capital Expenditure,Highway Drainage Investment Programme - On Site,9500.00
2017-04-21,ZZP271606,1,5014,BIOBAG LTD,182020,Environmental Services Waste Management,Waste Management Equipment,Services to Place,Food Waste Containers,291696.00
2017-04-21,ZZP271607,1,6967,Wilde Consultants Ltd,150000,Consultancy   ,Professional Fees,Services to Place,ECS-Head of Engineering Consultancy Services,64480.00
2017-04-24,ZZP271667,1,3347,Crowley Memorials of Agecroft,390000,"Works - Construction, Repair & Maintenance  ",Repairs and Maintenance,Services to Place,Berevement Services,8400.00
2017-04-25,ZZP271735,1,3529,Solutions SK Ltd,240000,Horticultural  ,Grounds Maintenance,Services to Place,SPECIAL PROJECT 1,7576.60
2017-04-25,ZZP271736,1,3529,Solutions SK Ltd,240000,Horticultural  ,Grounds Maintenance,Services to Place,SPECIAL PROJECT 1,8308.22
2017-04-25,ZZP271776,1,3529,Solutions SK Ltd,240000,Horticultural  ,Grounds Maintenance,Services to Place,SPECIAL PROJECT 1,15852.48
2017-04-26,ZZP271830,1,6748,GEORGE COX & SONS LTD,390000,Supplies and services,Supplies and services,Capital Expenditure,Highway Drainage Routine Repair - On Site,5100.00
2017-04-27,ZZP271869,1,4461,SGM (UK) Ltd (Bibby),181800,Environmental Services Technical Equipment ,Furniture and Equipment,Services to Place,Berevement Services,14280.00
2017-04-27,ZZP271941,1,757,Transport for Greater Manchest,390000,Supplies and services,Supplies and services,Capital Expenditure,SEMMMS Prep Costs - On Site,71330.00
2017-04-28,ZZP271975,1,3529,Solutions SK Ltd,130000,Cleaning & Janitorial  ,Cleaning,Corporate and Support Services,Marple Senior Citizens Hall,9322.20
2017-05-02,ZZP272061,1,6748,GEORGE COX & SONS LTD,390000,Supplies and services,Supplies and services,Capital Expenditure,B7 Barlow Fold Culvert Inv. Phase 1,7500.00
2017-05-02,ZZP272063,1,6967,Wilde Consultants Ltd,150000,Consultancy   ,Professional Fees,Services to Place,Design Framework Staff,120690.00
2017-05-02,ZZP272065,1,1273,United Utilities,390000,Supplies and services,Supplies and services,Capital Expenditure,Main Contractor DD - On Site,53397.48
2017-05-02,ZZP272083,1,3529,Solutions SK Ltd,240000,Horticultural  ,Grounds Maintenance,Services to Place,SPECIAL PROJECT 1,24791.15
2017-05-03,ZZP272157,1,2438,J Greenwood (Builders) Ltd,390000,"Works - Construction, Repair & Maintenance  ",Repairs and Maintenance,Capital Expenditure,Leisure Emergency PECOS Code,22923.00
2017-05-05,ZZP272253,1,9315,Carillion Morgan Sindall JV,150000,Consultancy   ,Professional Fees,Capital Expenditure,Markets and Underbanks,7298.50
2017-05-05,ZZP272254,1,9543,Carillion (AMBS) Ltd,150000,Consultancy   ,Professional Fees,Capital Expenditure,Markets and Underbanks,7298.50
2017-05-05,ZZP272273,1,6967,Wilde Consultants Ltd,150000,Consultancy   ,Professional Fees,Capital Expenditure,Gorsey Bank,5811.00
2017-05-06,ZZP272306,1,757,Transport for Greater Manchest,390000,"Works - Construction, Repair & Maintenance  ",Capital Expenditure - Works,Capital Expenditure,HIP Carriageways - On Site,9700.00
2017-05-08,ZZP272319,1,6748,GEORGE COX & SONS LTD,390000,Supplies and services,Supplies and services,Services to Place,Landscape Dev-Werneth Ward Open Spaces,14000.00
2017-05-08,ZZP272332,1,3529,Solutions SK Ltd,390000,"Works - Construction, Repair & Maintenance  ",Capital Expenditure - Works,Capital Expenditure,STCAP 902 Penny Lane - Town Centre Links - On Site,11273.34
2017-05-08,ZZP272342,1,683,AECOM Limited,150000,Consultancy   ,Professional Fees,Capital Expenditure,STCAP 402 Knightsbridge and Great Portwood St - Fe,8310.00
2017-05-08,ZZP272365,1,3529,Solutions SK Ltd,240000,Horticultural  ,Grounds Maintenance,Services to Place,SPECIAL PROJECT 1,7030.63
2017-05-08,ZZP272368,1,865,Bethell Construction Ltd,390000,Supplies and services,Supplies and services,Capital Expenditure,STCAP 502 M60 Junction 1 Improvements - Feasibilit,5026.43
2017-05-08,ZZP272369,1,2025,BT Plc,230000,Highway Equipment & Materials    ,Highways Maintenance,Capital Expenditure,STCAP 502 M60 Junction 1 Improvements - On Site,81767.99
2017-05-08,ZZP272370,1,5464,ELECTRICITY NORTH WEST LIMITED,230000,Highway Equipment & Materials    ,Highways Maintenance,Capital Expenditure,STCAP 502 M60 Junction 1 Improvements - On Site,10986.82
2017-05-09,ZZP272415,1,757,Transport for Greater Manchest,150000,Consultancy   ,Professional Fees,Capital Expenditure,STCAP 05 Phase 2 Project Management,51185.52
2017-05-09,ZZP272416,1,757,Transport for Greater Manchest,150000,Consultancy   ,Professional Fees,Capital Expenditure,STCAP 05 Phase 2 Project Management,51185.52
2017-05-09,ZZP272431,1,6748,GEORGE COX & SONS LTD,390000,Supplies and services,Supplies and services,Capital Expenditure,Highway Drainage Investment Programme - On Site,9400.00
2017-05-12,ZZP272622,1,865,Bethell Construction Ltd,390000,Supplies and services,Supplies and services,Capital Expenditure,004 A6 Viaduct Waterproofing - On Site,6521.28
2017-05-12,ZZP272630,1,7820,Greater Manchester GMUTC,390000,"Works - Construction, Repair & Maintenance  ",Capital Expenditure - Works,Capital Expenditure,HIP Carriageways - On Site,2742.41
2017-05-12,ZZP272630,2,7820,Greater Manchester GMUTC,390000,"Works - Construction, Repair & Maintenance  ",Capital Expenditure - Works,Capital Expenditure,HIP Carriageways - On Site,2737.25
2017-05-12,ZZP272630,3,7820,Greater Manchester GMUTC,390000,"Works - Construction, Repair & Maintenance  ",Capital Expenditure - Works,Capital Expenditure,HIP Carriageways - On Site,2241.04
2017-05-12,ZZP272630,4,7820,Greater Manchester GMUTC,390000,"Works - Construction, Repair & Maintenance  ",Capital Expenditure - Works,Capital Expenditure,HIP Carriageways - On Site,3190.28
2017-05-12,ZZP272630,5,7820,Greater Manchester GMUTC,390000,"Works - Construction, Repair & Maintenance  ",Capital Expenditure - Works,Capital Expenditure,HIP Carriageways - On Site,4214.32
2017-05-12,ZZP272630,6,7820,Greater Manchester GMUTC,390000,"Works - Construction, Repair & Maintenance  ",Capital Expenditure - Works,Capital Expenditure,HIP Carriageways - On Site,1324.44
2017-05-12,ZZP272630,7,7820,Greater Manchester GMUTC,390000,"Works - Construction, Repair & Maintenance  ",Capital Expenditure - Works,Capital Expenditure,HIP Carriageways - On Site,4897.68
2017-05-12,ZZP272630,8,7820,Greater Manchester GMUTC,390000,"Works - Construction, Repair & Maintenance  ",Capital Expenditure - Works,Capital Expenditure,HIP Carriageways - On Site,1087.69
2017-05-12,ZZP272631,1,757,Transport for Greater Manchest,390000,"Works - Construction, Repair & Maintenance  ",Capital Expenditure - Works,Capital Expenditure,HIP Carriageways - On Site,8500.00
2017-05-12,ZZP272662,1,6967,Wilde Consultants Ltd,150000,Consultancy   ,Professional Fees,Capital Expenditure,Main Contractor DD - On Site,64860.00
2017-05-12,ZZP272666,1,5292,NPOWER (Electricity),370000,Utilities   ,Utilities,Services to Place,Street Lighting Energy,1850000.00
2017-05-16,ZZP272722,1,6116,Atkins Limited,390000,Supplies and services,Supplies and services,Capital Expenditure,SEMMMS Prep Costs - Feasibility,10084.00
2017-05-18,ZZP272781,1,10615,Mosaic Hospitality Limited,111200,Catering Food & Beverages ,Catering Supplies,Corporate and Support Services,Weddings & Functions,10000.00
2017-05-18,ZZP272803,1,5214,WSP GROUP PLC,150000,Consultancy   ,Professional Fees,Capital Expenditure,STCAP 703 Wellington Road South (Greek St to Excha,20500.00
2017-05-18,ZZP272805,1,1781,Animal Wardens,180010,Environmental Services Animal Services ,Animal Welfare,Services to Place,Dog Warden Service,30000.00
2017-05-19,ZZP272851,1,5915,Atkins Global,150000,Consultancy   ,Professional Fees,Services to Place,ECS-Highway Design Team,16120.00
2017-05-19,ZZP272853,1,7802,Craemer UK Ltd,182020,Environmental Services Waste Management,Waste Management Equipment,Services to Place,Blue Wheelie Bins,6590.50
2017-05-19,ZZP272853,2,7802,Craemer UK Ltd,182020,Environmental Services Waste Management,Waste Management Equipment,Services to Place,Blue Wheelie Bins,6590.50
2017-05-19,ZZP272854,1,3529,Solutions SK Ltd,240000,Horticultural  ,Grounds Maintenance,Services to Place,SPECIAL PROJECT 1,29892.36
2017-05-19,ZZP272855,1,3529,Solutions SK Ltd,240000,Horticultural  ,Grounds Maintenance,Services to Place,Policy-Rights Of Way,1320.00
2017-05-19,ZZP272855,2,3529,Solutions SK Ltd,390000,"Works - Construction, Repair & Maintenance  ",Capital Expenditure - Works,Capital Expenditure,Fvr A PROW Footpaths,36382.72
2017-05-19,ZZP272868,1,6748,GEORGE COX & SONS LTD,390000,Supplies and services,Supplies and services,Capital Expenditure,Highway Drainage Investment Programme - Feasibilit,5000.00
2017-05-19,ZZP272899,1,3529,Solutions SK Ltd,390000,"Works - Construction, Repair & Maintenance  ",Capital Expenditure - Works,Services to Place,CTV Management & Support,11512.53
2017-05-19,ZZP272916,1,5915,Atkins Global,150000,Consultancy   ,Professional Fees,Services to Place,Design Framework Staff,27032.00
2017-05-22,ZZP272932,1,6967,Wilde Consultants Ltd,150000,Consultancy   ,Professional Fees,Services to Place,Berevement Services,7000.00
2017-05-22,ZZP272963,1,757,Transport for Greater Manchest,230000,Highway Equipment & Materials    ,Highways Maintenance,Capital Expenditure,004 A6 Viaduct Waterproofing - Feasibility,5650.00
2017-05-23,ZZP272987,1,10966,National Car Parks Ltd,390000,"Works - Construction, Repair & Maintenance  ",Signage,Capital Expenditure,Bridgefield Development - General Costs,6326.00
2017-05-23,ZZP272987,2,10966,National Car Parks Ltd,390000,"Works - Construction, Repair & Maintenance  ",Signage,Capital Expenditure,Bridgefield Development - General Costs,2388.00
2017-05-23,ZZP272987,3,10966,National Car Parks Ltd,390000,"Works - Construction, Repair & Maintenance  ",Signage,Capital Expenditure,Bridgefield Development - General Costs,1100.00
2017-05-23,ZZP272987,4,10966,National Car Parks Ltd,390000,"Works - Construction, Repair & Maintenance  ",Signage,Capital Expenditure,Bridgefield Development - General Costs,15998.00
2017-05-23,ZZP272987,5,10966,National Car Parks Ltd,390000,"Works - Construction, Repair & Maintenance  ",Signage,Capital Expenditure,Bridgefield Development - General Costs,1580.00
2017-05-23,ZZP272987,6,10966,National Car Parks Ltd,390000,"Works - Construction, Repair & Maintenance  ",Signage,Capital Expenditure,Bridgefield Development - General Costs,90.00
2017-05-23,ZZP272987,7,10966,National Car Parks Ltd,390000,"Works - Construction, Repair & Maintenance  ",Signage,Capital Expenditure,Bridgefield Development - General Costs,2640.00
2017-05-23,ZZP272987,8,10966,National Car Parks Ltd,390000,"Works - Construction, Repair & Maintenance  ",Signage,Capital Expenditure,Bridgefield Development - General Costs,3940.50
2017-05-23,ZZP272987,9,10966,National Car Parks Ltd,390000,"Works - Construction, Repair & Maintenance  ",Signage,Capital Expenditure,Bridgefield Development - General Costs,960.00
2017-05-23,ZZP272988,1,6967,Wilde Consultants Ltd,150000,Consultancy   ,Professional Fees,Capital Expenditure,STCAP 303 King St West (Gradwell Street to R. Mers,27921.75
2017-05-23,ZZP272989,1,11107,dv A W Law Limited t/a Alexan,280000,Legal Services  ,Legal Fees,Corporate and Support Services,Income Recovery,21833.06
2017-05-23,ZZP273035,1,10855,NEPRO Ltd,270000,Information Communication Technology  ,Information and Communications Technology,Corporate and Support Services,ICT- General,105263.16
2017-05-23,ZZP273057,1,2718,Virgin Media Business,270000,Information Communication Technology  ,Information and Communications Technology,Corporate and Support Services,I&C Trade (Stockport Homes),103636.49
2017-05-24,ZZP273061,1,3529,Solutions SK Ltd,240000,Horticultural  ,Grounds Maintenance,Capital Expenditure,Pothole Repair Fund 2017/18 - Greenspace,7576.60
2017-05-24,ZZP273062,1,11109,Cleveland Land Services (Guisb,240000,Horticultural  ,Grounds Maintenance,Services to Place,Environment Administration Support,101650.97
2017-05-24,ZZP273063,1,3529,Solutions SK Ltd,240000,Horticultural  ,Grounds Maintenance,Capital Expenditure,Pothole Repair Fund 2017/18 - Greenspace,15852.48
2017-05-24,ZZP273065,1,3529,Solutions SK Ltd,240000,Horticultural  ,Grounds Maintenance,Capital Expenditure,Pothole Repair Fund 2017/18 - Greenspace,7030.63
2017-05-24,ZZP273084,1,5915,Atkins Global,150000,Consultancy   ,Professional Fees,Capital Expenditure,"STCAP 02 Phase 2 - Project Dev, Mangmt & Mon - Fea",9318.00
2017-05-24,ZZP273095,1,3529,Solutions SK Ltd,240000,Horticultural  ,Grounds Maintenance,Services to Place,Policy-Rights Of Way,1320.00
2017-05-24,ZZP273095,2,3529,Solutions SK Ltd,390000,"Works - Construction, Repair & Maintenance  ",Capital Expenditure - Works,Capital Expenditure,Fvr A PROW Footpaths - On Site,36382.72
2017-05-25,ZZP273129,1,3529,Solutions SK Ltd,390000,"Works - Construction, Repair & Maintenance  ",Capital Expenditure - Works,Capital Expenditure,Highway Drainage Investment Programme - On Site,7400.00
2017-05-25,ZZP273137,1,3529,Solutions SK Ltd,390000,"Works - Construction, Repair & Maintenance  ",Capital Expenditure - Works,Capital Expenditure,Highway Drainage Routine Repair - On Site,6100.00
2017-05-25,ZZP273184,1,9543,Carillion (AMBS) Ltd,150000,Consultancy   ,Professional Fees,Corporate and Support Services,GMCA Land & Property,100000.00
2017-05-25,ZZP273185,1,10611,Wates Construction Ltd,390000,"Works - Construction, Repair & Maintenance  ",Capital Expenditure - Works,Capital Expenditure,Bridgefield Development - General Costs,4284977.00
2017-05-26,ZZP273206,1,9684,GM Business Support Ltd,290000,Arts & Leisure Services  ,Publicity and Promotion,Services to Place,Economic Development,5000.00
2017-05-26,ZZP273239,1,6967,Wilde Consultants Ltd,150000,Consultancy   ,Professional Fees,Services to Place,Design Framework Staff,67940.00
2017-05-30,ZZP273307,1,4272,Civica UK Ltd,390000,Supplies and services,Supplies and services,Corporate and Support Services,Bentax,25000.00
2017-05-30,ZZP273308,1,4272,Civica UK Ltd,390000,Supplies and services,Supplies and services,Corporate and Support Services,Bentax,58791.00
2017-05-30,ZZP273312,1,6967,Wilde Consultants Ltd,150000,Consultancy   ,Professional Fees,Services to Place,ECS-Head of Engineering Consultancy Services,34720.00
2017-05-31,ZZP273330,1,6967,Wilde Consultants Ltd,150000,Consultancy   ,Professional Fees,Services to Place,ECS-Head of Engineering Consultancy Services,20700.00
2017-05-31,ZZP273343,1,8010,GROUNDWORK & LEISURE SERVIC,240000,Horticultural  ,Grounds Maintenance,Services to Place,SPECIAL PROJECT 1,34600.00
2017-05-31,ZZP273345,1,8010,GROUNDWORK & LEISURE SERVIC,240000,Horticultural  ,Grounds Maintenance,Services to Place,SPECIAL PROJECT 1,59995.95
2017-05-31,ZZP273346,1,8010,GROUNDWORK & LEISURE SERVIC,240000,Horticultural  ,Grounds Maintenance,Services to Place,SPECIAL PROJECT 1,13815.90
2017-05-31,ZZP273348,1,8010,GROUNDWORK & LEISURE SERVIC,240000,Horticultural  ,Grounds Maintenance,Services to Place,SPECIAL PROJECT 1,24350.59
2017-05-31,ZZP273355,1,865,Bethell Construction Ltd,390000,Supplies and services,Supplies and services,Capital Expenditure,004 A6 Viaduct Waterproofing - On Site,149602.03
2017-05-31,ZZP273356,1,6967,Wilde Consultants Ltd,150000,Consultancy   ,Professional Fees,Services to Place,Network Assets Staff,24960.00
2017-05-31,ZZP273357,1,6967,Wilde Consultants Ltd,150000,Consultancy   ,Professional Fees,Services to Place,Network Assets Staff,21576.02
2017-05-31,ZZP273358,1,6116,Atkins Limited,150000,Consultancy   ,Professional Fees,Services to Place,Network Assets Staff,36618.00
2017-05-31,ZZP273359,1,683,AECOM Limited,150000,Consultancy   ,Professional Fees,Services to Place,Investing in Growth,15878.00
2017-06-01,ZZP273378,1,3529,Solutions SK Ltd,390000,Supplies and services,Supplies and services,Services to Place,Landscape Dev-Werneth Ward Open Spaces,8565.49
2017-06-01,ZZP273406,1,11109,Cleveland Land Services (Guisb,240000,Horticultural  ,Grounds Maintenance,Capital Expenditure,Bellway Homes - Pitch Improvements North Reddish P,101650.97
2017-06-01,ZZP273407,1,3529,Solutions SK Ltd,181800,Environmental Services Technical Equipment ,Furniture and Equipment,Corporate and Support Services,Parlimentary & Other Election,20000.00
2017-06-01,ZZP273408,1,3529,Solutions SK Ltd,181800,Environmental Services Technical Equipment ,Furniture and Equipment,Corporate and Support Services,Parlimentary & Other Election,20000.00
2017-06-01,ZZP273411,1,9567,Frontline Data ltd,270000,Information Communication Technology  ,Information and Communications Technology,Corporate and Support Services,Traded Services,15435.00
2017-06-02,ZZP273443,1,7820,Greater Manchester Combined,290000,Arts & Leisure Services  ,Publicity and Promotion,Services to Place,Safer Partnerships,30213.00
2017-06-05,ZZP273473,1,7802,Craemer UK Ltd,182020,Environmental Services Waste Management,Waste Management Equipment,Services to Place,Black Wheelie Bins,11392.50
2017-06-05,ZZP273474,1,11120,Manchester Histories,290000,Arts & Leisure Services  ,Publicity and Promotion,Services to Place,Arts Development,7243.00
2017-06-05,ZZP273509,1,10966,National Car Parks Ltd,390000,"Works - Construction, Repair & Maintenance  ",Signage,Capital Expenditure,Bridgefield Development - General Costs,22762.00
2017-06-05,ZZP273509,2,10966,National Car Parks Ltd,390000,"Works - Construction, Repair & Maintenance  ",Signage,Capital Expenditure,Bridgefield Development - General Costs,5100.00
2017-06-05,ZZP273509,3,10966,National Car Parks Ltd,390000,"Works - Construction, Repair & Maintenance  ",Signage,Capital Expenditure,Bridgefield Development - General Costs,10164.00
2017-06-05,ZZP273509,4,10966,National Car Parks Ltd,390000,"Works - Construction, Repair & Maintenance  ",Signage,Capital Expenditure,Bridgefield Development - General Costs,10000.00
2017-06-05,ZZP273509,5,10966,National Car Parks Ltd,390000,"Works - Construction, Repair & Maintenance  ",Signage,Capital Expenditure,Bridgefield Development - General Costs,2420.00
2017-06-05,ZZP273509,6,10966,National Car Parks Ltd,390000,"Works - Construction, Repair & Maintenance  ",Signage,Capital Expenditure,Bridgefield Development - General Costs,3260.00
2017-06-05,ZZP273509,7,10966,National Car Parks Ltd,390000,"Works - Construction, Repair & Maintenance  ",Signage,Capital Expenditure,Bridgefield Development - General Costs,17178.00
2017-06-05,ZZP273509,8,10966,National Car Parks Ltd,390000,"Works - Construction, Repair & Maintenance  ",Signage,Capital Expenditure,Bridgefield Development - General Costs,997.00
2017-06-05,ZZP273509,9,10966,National Car Parks Ltd,390000,"Works - Construction, Repair & Maintenance  ",Signage,Capital Expenditure,Bridgefield Development - General Costs,1170.00
2017-06-05,ZZP273509,10,10966,National Car Parks Ltd,390000,"Works - Construction, Repair & Maintenance  ",Signage,Capital Expenditure,Bridgefield Development - General Costs,838.00
2017-06-05,ZZP273509,11,10966,National Car Parks Ltd,390000,"Works - Construction, Repair & Maintenance  ",Signage,Capital Expenditure,Bridgefield Development - General Costs,1102.37
2017-06-05,ZZP273509,12,10966,National Car Parks Ltd,390000,"Works - Construction, Repair & Maintenance  ",Signage,Capital Expenditure,Bridgefield Development - General Costs,1600.00
2017-06-05,ZZP273509,13,10966,National Car Parks Ltd,390000,"Works - Construction, Repair & Maintenance  ",Signage,Capital Expenditure,Bridgefield Development - General Costs,1119.53
2017-06-05,ZZP273509,14,10966,National Car Parks Ltd,390000,"Works - Construction, Repair & Maintenance  ",Signage,Capital Expenditure,Bridgefield Development - General Costs,2800.00
2017-06-05,ZZP273509,15,10966,National Car Parks Ltd,390000,"Works - Construction, Repair & Maintenance  ",Signage,Capital Expenditure,Bridgefield Development - General Costs,2346.00
2017-06-05,ZZP273509,16,10966,National Car Parks Ltd,390000,"Works - Construction, Repair & Maintenance  ",Signage,Capital Expenditure,Bridgefield Development - General Costs,833.00
2017-06-05,ZZP273509,17,10966,National Car Parks Ltd,390000,"Works - Construction, Repair & Maintenance  ",Signage,Capital Expenditure,Bridgefield Development - General Costs,4167.00
2017-06-05,ZZP273509,18,10966,National Car Parks Ltd,390000,"Works - Construction, Repair & Maintenance  ",Signage,Capital Expenditure,Bridgefield Development - General Costs,4392.85
2017-06-07,ZZP273574,1,2927,XMA Ltd,270000,Information Communication Technology  ,Information and Communications Technology,Corporate and Support Services,I&C Infrastructure,8331.49
2017-06-07,ZZP273595,1,11126,The Light Cinemas Limited,190000,Facilities & Management Services  ,Fixtures and Fittings,Capital Expenditure,Bridgefield Development - General Costs,3520000.00
2017-06-07,ZZP273601,1,10062,Dr David Bostwick,290000,Arts & Leisure Services  ,Professional Fees,Capital Expenditure,Bramall Hall Phase 2 – Interpretation Works,6000.00
2017-06-07,ZZP273607,1,8583,CrowdControlHQ,290000,Arts & Leisure Services  ,Publicity and Promotion,Corporate and Support Services,POD Communications,11628.00
2017-06-07,ZZP273609,1,5384,Pitney Bowes Software Ltd,270000,Information Communication Technology  ,Information and Communications Technology,Services to Place,Investing in Growth,132586.80
2017-06-08,ZZP273628,1,5384,Pitney Bowes Software Ltd,270000,Information Communication Technology  ,Information and Communications Technology,Services to Place,Policy-Transportation & Health,132586.80
2017-06-09,ZZP273697,1,3529,Solutions SK Ltd,391114,"Works - Construction, Repair & Maintenance Buildings Surveys",Capital Expenditure - Fees,Capital Expenditure,STCAP 606 Woodbank Park Cycle Path - Land,6570.24
2017-06-09,ZZP273699,1,2025,BT Plc,230000,Highway Equipment & Materials    ,Highways Maintenance,Capital Expenditure,STCAP 303 King St West (Gradwell Street to R. Mers,7292.12
2017-06-09,ZZP273700,1,6748,GEORGE COX & SONS LTD,390000,Supplies and services,Supplies and services,Capital Expenditure,STCAP 303 King St West (Gradwell Street to R. Mers,5225.00
2017-06-09,ZZP273701,1,6748,GEORGE COX & SONS LTD,390000,Supplies and services,Supplies and services,Capital Expenditure,5078 Astley St/Swaine St - TFGM Mersey Bridge - On,13100.75
2017-06-09,ZZP273707,1,6748,GEORGE COX & SONS LTD,390000,Supplies and services,Supplies and services,Services to Place,ECS-Buildings Team,12634.49
2017-06-09,ZZP273716,1,3529,Solutions SK Ltd,390000,"Works - Construction, Repair & Maintenance  ",Capital Expenditure - Works,Capital Expenditure,004 A6 Viaduct Waterproofing - On Site,10831.08
2017-06-09,ZZP273717,1,865,Bethell Construction Ltd,390000,Supplies and services,Supplies and services,Capital Expenditure,Flood Event 07/16 - Structures - Feasibility,53181.92
2017-06-09,ZZP273718,1,5915,Atkins Global,150000,Consultancy   ,Professional Fees,Services to Place,Design Framework Staff,42920.00
2017-06-12,ZZP273784,1,11109,Cleveland Land Services (Guisb,240000,Horticultural  ,Grounds Maintenance,Services to Place,SPECIAL PROJECT 1,10935.41
2017-06-12,ZZP273785,1,8010,GROUNDWORK & LEISURE SERVIC,240000,Horticultural  ,Grounds Maintenance,Services to Place,SPECIAL PROJECT 1,18748.00
2017-06-13,ZZP273787,1,3738,Open Text UKLtd,110000,Catering  ,Expenses and Allowances,Corporate and Support Services,IT Systems,50099.54
2017-06-13,ZZP273818,1,5384,Pitney Bowes Europe Software L,270000,Information Communication Technology  ,Information and Communications Technology,Services to Place,Investing in Growth,28610.00
2017-06-13,ZZP273818,2,5384,Pitney Bowes Europe Software L,270000,Information Communication Technology  ,Information and Communications Technology,Services to Place,Investing in Growth,2760.00
2017-06-13,ZZP273818,3,5384,Pitney Bowes Europe Software L,270000,Information Communication Technology  ,Information and Communications Technology,Services to Place,Investing in Growth,31210.00
2017-06-13,ZZP273819,1,5464,ELECTRICITY NORTH WEST LIMITED,230000,Highway Equipment & Materials    ,Highways Maintenance,Capital Expenditure,STCAP 303 King St West (Gradwell Street to R. Mers,30968.66
2017-06-13,ZZP273820,1,6748,GEORGE COX & SONS LTD,390000,Supplies and services,Supplies and services,Capital Expenditure,Flood Event 07/16 - Greenspace - Construction,175815.08
2017-06-13,ZZP273821,1,6967,Wilde Consultants Ltd,150000,Consultancy   ,Professional Fees,Services to Place,Network Assets Staff,12480.00
2017-06-13,ZZP273831,1,178,Trafford Council,999999,Fees and Charges,Fees and Charges,Corporate and Support Services,STaR Procurement,436947.00
2017-06-14,ZZP273894,1,3529,Solutions SK Ltd,390000,"Works - Construction, Repair & Maintenance  ",Capital Expenditure - Works,Capital Expenditure,Highway Drainage Investment Programme - On Site,7100.00
2017-06-14,ZZP273897,1,7831,Transport for Gtr M/CR (HFAS),230000,Highway Equipment & Materials    ,Highways Maintenance,Capital Expenditure,004 A6 Viaduct Waterproofing - On Site,9000.00
2017-06-15,ZZP273947,1,223,Groundwork Landscapes Ltd,240000,Horticultural  ,Grounds Maintenance,Services to Place,SPECIAL PROJECT 1,9128.72
2017-06-15,ZZP273948,1,223,Groundwork Landscapes Ltd,240000,Horticultural  ,Grounds Maintenance,Services to Place,SPECIAL PROJECT 1,8057.45
2017-06-15,ZZP273949,1,223,Groundwork Landscapes Ltd,240000,Horticultural  ,Grounds Maintenance,Services to Place,SPECIAL PROJECT 1,9069.91
2017-06-19,ZZP274045,1,6748,GEORGE COX & SONS LTD,390000,Supplies and services,Supplies and services,Capital Expenditure,1906 Mill Lane Cemetery Infrastructure Works 2017/,14267.10
2017-06-19,ZZP274046,1,8106,Tarmac Building Products Ltd,390000,"Works - Construction, Repair & Maintenance  ",Capital Expenditure - Works,Capital Expenditure,STCAPChestergte(RockRow-GtUnderbk)OnSit,166417.60
2017-06-19,ZZP274048,1,6748,GEORGE COX & SONS LTD,390000,Supplies and services,Supplies and services,Capital Expenditure,STCAP Market Street & Underbanks Paving - On Site,30073.47
2017-06-19,ZZP274120,1,2438,J Greenwood (Builders) Ltd,390000,"Works - Construction, Repair & Maintenance  ",Repairs and Maintenance,Capital Expenditure,Bramall Hall Phase 2 – Capital Works,57336.00
2017-06-19,ZZP274124,1,7820,Greater Manchester Combined,230000,Highway Equipment & Materials    ,Highways Maintenance,Capital Expenditure,1012 A6MARR CMM - Marple - Feasibility,5050.00
2017-06-20,ZZP274174,1,5915,Atkins Global,150000,Consultancy   ,Professional Fees,Services to Place,ECS-Head of Engineering Consultancy Services,15840.00
2017-06-20,ZZP274176,1,6967,Wilde Consultants Ltd,150000,Consultancy   ,Professional Fees,Capital Expenditure,Main Contractor DD - On Site,12219.00
2017-06-21,ZZP274211,1,3291,Leica Geosystems Ltd,390000,Supplies and services,Supplies and services,Capital Expenditure,004 A6 Viaduct Waterproofing - On Site,33823.33
2017-06-21,ZZP274249,1,9357,Cheshire East Council (Sandbac,150000,Consultancy   ,Professional Fees,Services to Place,Directorate,40000.00
2017-06-22,ZZP274316,1,7820,Greater Manchester GMUTC,390000,"Works - Construction, Repair & Maintenance  ",Capital Expenditure - Works,Capital Expenditure,1012C A6MARR CMM - Marple-A6/St Thomas Crossing -,19593.73
2017-06-22,ZZP274317,1,757,Transport for Greater Manchest,390000,"Works - Construction, Repair & Maintenance  ",Capital Expenditure - Works,Capital Expenditure,HIP Carriageways - On Site,9700.00
2017-06-23,ZZP274321,1,3529,Solutions SK Ltd,390000,"Works - Construction, Repair & Maintenance  ",Capital Expenditure - Works,Capital Expenditure,004 A6 Viaduct Waterproofing - On Site,15879.99
2017-06-23,ZZP274322,1,3529,Solutions SK Ltd,240000,Horticultural  ,Grounds Maintenance,Capital Expenditure,Pothole Repair Fund 2017/18 - Greenspace,21447.14
2017-06-23,ZZP274323,1,433,Mott MacDonald Ltd,150000,Consultancy   ,Professional Fees,Services to Place,Investing in Growth,29900.00
2017-06-23,ZZP274367,1,6748,GEORGE COX & SONS LTD,390000,Supplies and services,Supplies and services,Services to Place,ECS-Buildings Team,7982.20
2017-06-23,ZZP274377,1,433,Mott MacDonald Ltd,390000,Supplies and services,Supplies and services,Capital Expenditure,SEMMMS Prep Costs - On Site,71330.00
2017-06-26,ZZP274420,1,628,Life Leisure,999999,Fees and Charges,Fees and Charges,Services to Place,Sports Trust,8800.00
2017-06-27,ZZP274505,1,3529,Solutions SK Ltd,390000,"Works - Construction, Repair & Maintenance  ",Capital Expenditure - Works,Capital Expenditure,STCAP Market Street & Underbanks Paving - On Site,7241.59
2017-06-28,ZZP274509,1,223,Groundwork Landscapes Ltd,240000,Horticultural  ,Grounds Maintenance,Services to Place,SPECIAL PROJECT 1,5225.00
2017-06-28,ZZP274525,1,683,AECOM Limited,150000,Consultancy   ,Professional Fees,Services to Place,Investing in Growth,19278.00
2017-06-28,ZZP274526,1,8106,Tarmac Building Products Ltd,390000,Supplies and services,Supplies and services,Capital Expenditure,STCAP Bridgefield Street - On Site,49210.53
2017-06-28,ZZP274527,1,11153,Kaarbon Technology Ltd,270000,Information Communication Technology  ,Information and Communications Technology,Capital Expenditure,TAMP Development & Monitoring - Design,17230.00
2017-06-28,ZZP274528,1,8106,Tarmac Building Products Ltd,390000,Supplies and services,Supplies and services,Capital Expenditure,STCAP Bridgefield Street - On Site,79961.13
2017-06-28,ZZP274530,1,3529,Solutions SK Ltd,240000,Horticultural  ,Grounds Maintenance,Capital Expenditure,Pothole Repair Fund 2017/18 - Greenspace,6620.17
2017-06-30,ZZP274661,1,11168,4 Global Consulting Ltd,260000,Human Resources  ,Staff Training,Services to Place,Local Plan Project,22400.00
2017-06-30,ZZP274667,1,3529,Solutions SK Ltd,240000,Horticultural  ,Grounds Maintenance,Services to Place,SPECIAL PROJECT 1,6081.06
2017-06-30,ZZP274676,1,3529,Solutions SK Ltd,210000,Furniture & Soft Furnishings  ,Furniture and Equipment,Capital Expenditure,004 A6 Viaduct Waterproofing - On Site,54403.34
2017-06-30,ZZP274721,1,5835,Virgin Media Access Network Pl,230000,Highway Equipment & Materials    ,Highways Maintenance,Capital Expenditure,STCAP 402 Knightsbridge and Great Portwood St - On,20143.69
2017-04-20,ZZS271487,1,8300,Astun Technologies Limited,270000,Information Communication Technology  ,Information and Communications Technology,Corporate and Support Services,"ECS-Survey, Cartography and GIS Team",16250.00
2017-04-20,ZZS271487,2,8300,Astun Technologies Limited,270000,Information Communication Technology  ,Information and Communications Technology,Corporate and Support Services,"ECS-Survey, Cartography and GIS Team",1500.00
2017-05-22,ZZS272921,1,4272,Civica UK Ltd,270000,Information Communication Technology  ,Information and Communications Technology,Corporate and Support Services,Business Development Unit,7000.00
2017-05-30,ZZS273282,1,9587,FFT Education Ltd,200000,Financial Services  ,Fees and Charges,Corporate and Support Services,Business Intelligence,22518.00
2017-06-22,ZZS274257,1,2927,XMA Ltd,270000,Information Communication Technology  ,Information and Communications Technology,Corporate and Support Services,Audit & Risk,5963.16
2017-06-22,ZZS274257,2,2927,XMA Ltd,270000,Information Communication Technology  ,Information and Communications Technology,Corporate and Support Services,Audit & Risk,1064.00
2017-06-22,ZZS274279,1,7830,IEG4  LTD,270000,Information Communication Technology  ,Information and Communications Technology,Corporate and Support Services,Bentax,38124.00
