Document Date,Purchase Order No,Line Item No,Supplier ID,Supplier Name,Pro Class,Pro Class Description,"Description of Goods 
(Purpose of expenditure look up)","Service/Department 
(SAP Hierarchy Position)","Expense Area 
(cost centre desc)","Net Order Value Over £5000.00 
(line item value shown here)",GL Code,Cost Centre/WBS,,,,
07/11/2018,ZZS652070,1,7979,Delib Limited,270000,Information Communication Technology  ,Information and Communications Technology,Corporate and Support Services,Corporate Policy,"7,995.00",402001,12642,,,,
17/10/2018,ZZS650937,1,8733,ELF SOFTWARE LTD,270000,Information Communication Technology  ,Information and Communications Technology,Corporate and Support Services,Head of Property& Procurement,"6,000.00",402010,12328,,,,
29/10/2018,ZZS651517,1,12816,Eversheds Sutherland (Internat,280000,Legal Services  ,Legal Fees,Corporate and Support Services,Stockport Exchange Phase 2 - Office,"7,032.50",401016,12863,,,,
05/11/2018,ZZS651896,1,13125,18 St John Street Chambers,150000,Consultancy   ,Professional Fees,Corporate and Support Services,Legal Professional fees,"9,229.16",401020,12271,,,,
28/11/2018,ZZS653169,1,4272,Civica UK Ltd,270000,Information Communication Technology  ,Information and Communications Technology,Corporate and Support Services,IT Systems,"16,397.00",402001,12503,,,,
28/11/2018,ZZS653169,2,4272,Civica UK Ltd,270000,Information Communication Technology  ,Information and Communications Technology,Corporate and Support Services,IT Systems,"1,350.00",402001,12503,,,,
28/11/2018,ZZS653169,3,4272,Civica UK Ltd,270000,Information Communication Technology  ,Information and Communications Technology,Corporate and Support Services,IT Systems,600.00,402001,12503,,,,
28/11/2018,ZZS653169,4,4272,Civica UK Ltd,270000,Information Communication Technology  ,Information and Communications Technology,Corporate and Support Services,IT Systems,"6,238.00",402001,12503,,,,
28/11/2018,ZZS653169,5,4272,Civica UK Ltd,270000,Information Communication Technology  ,Information and Communications Technology,Corporate and Support Services,IT Systems,"6,000.00",402001,12503,,,,
28/11/2018,ZZS653169,6,4272,Civica UK Ltd,270000,Information Communication Technology  ,Information and Communications Technology,Corporate and Support Services,IT Systems,"14,700.00",402001,12503,,,,
28/11/2018,ZZS653169,7,4272,Civica UK Ltd,270000,Information Communication Technology  ,Information and Communications Technology,Corporate and Support Services,IT Systems,650.00,402001,12503,,,,
28/11/2018,ZZS653169,8,4272,Civica UK Ltd,270000,Information Communication Technology  ,Information and Communications Technology,Corporate and Support Services,IT Systems,"5,000.00",402001,12503,,,,
28/11/2018,ZZS653169,9,4272,Civica UK Ltd,270000,Information Communication Technology  ,Information and Communications Technology,Corporate and Support Services,IT Systems,"6,238.00",402001,12503,,,,
28/11/2018,ZZS653169,10,4272,Civica UK Ltd,270000,Information Communication Technology  ,Information and Communications Technology,Corporate and Support Services,IT Systems,"6,000.00",402001,12503,,,,
28/11/2018,ZZS653169,11,4272,Civica UK Ltd,270000,Information Communication Technology  ,Information and Communications Technology,Corporate and Support Services,IT Systems,"14,700.00",402001,12503,,,,
28/11/2018,ZZS653169,12,4272,Civica UK Ltd,270000,Information Communication Technology  ,Information and Communications Technology,Corporate and Support Services,IT Systems,650.00,402001,12503,,,,
28/11/2018,ZZS653169,13,4272,Civica UK Ltd,270000,Information Communication Technology  ,Information and Communications Technology,Corporate and Support Services,IT Systems,"5,000.00",402001,12503,,,,
28/11/2018,ZZS653169,14,4272,Civica UK Ltd,270000,Information Communication Technology  ,Information and Communications Technology,Corporate and Support Services,IT Systems,"6,238.00",402001,12503,,,,
28/11/2018,ZZS653169,15,4272,Civica UK Ltd,270000,Information Communication Technology  ,Information and Communications Technology,Corporate and Support Services,IT Systems,"6,000.00",402001,12503,,,,
28/11/2018,ZZS653169,16,4272,Civica UK Ltd,270000,Information Communication Technology  ,Information and Communications Technology,Corporate and Support Services,IT Systems,"14,700.00",402001,12503,,,,
28/11/2018,ZZS653169,17,4272,Civica UK Ltd,270000,Information Communication Technology  ,Information and Communications Technology,Corporate and Support Services,IT Systems,650.00,402001,12503,,,,
28/11/2018,ZZS653169,18,4272,Civica UK Ltd,270000,Information Communication Technology  ,Information and Communications Technology,Corporate and Support Services,IT Systems,"5,000.00",402001,12503,,,,
28/11/2018,ZZS653169,19,4272,Civica UK Ltd,270000,Information Communication Technology  ,Information and Communications Technology,Corporate and Support Services,IT Systems,"6,238.00",402001,12503,,,,
28/11/2018,ZZS653169,20,4272,Civica UK Ltd,270000,Information Communication Technology  ,Information and Communications Technology,Corporate and Support Services,IT Systems,"6,000.00",402001,12503,,,,
28/11/2018,ZZS653169,21,4272,Civica UK Ltd,270000,Information Communication Technology  ,Information and Communications Technology,Corporate and Support Services,IT Systems,"14,700.00",402001,12503,,,,
28/11/2018,ZZS653169,22,4272,Civica UK Ltd,270000,Information Communication Technology  ,Information and Communications Technology,Corporate and Support Services,IT Systems,650.00,402001,12503,,,,
28/11/2018,ZZS653169,23,4272,Civica UK Ltd,270000,Information Communication Technology  ,Information and Communications Technology,Corporate and Support Services,IT Systems,"5,000.00",402001,12503,,,,
28/11/2018,ZZS653169,24,4272,Civica UK Ltd,270000,Information Communication Technology  ,Information and Communications Technology,Corporate and Support Services,IT Systems,"6,238.00",402001,12503,,,,
28/11/2018,ZZS653169,25,4272,Civica UK Ltd,270000,Information Communication Technology  ,Information and Communications Technology,Corporate and Support Services,IT Systems,"6,000.00",402001,12503,,,,
28/11/2018,ZZS653169,26,4272,Civica UK Ltd,270000,Information Communication Technology  ,Information and Communications Technology,Corporate and Support Services,IT Systems,"14,700.00",402001,12503,,,,
28/11/2018,ZZS653169,27,4272,Civica UK Ltd,270000,Information Communication Technology  ,Information and Communications Technology,Corporate and Support Services,IT Systems,650.00,402001,12503,,,,
28/11/2018,ZZS653169,28,4272,Civica UK Ltd,270000,Information Communication Technology  ,Information and Communications Technology,Corporate and Support Services,IT Systems,"5,000.00",402001,12503,,,,
17/12/2018,ZZS654072,1,12582,LISA HOUGHTON - Legal/Law,150000,Consultancy   ,Professional Fees,Corporate and Support Services,Legal Professional fees,"6,275.00",401020,12271,,,,
05/12/2018,ZPC653495,1,11021,The Laurus Trust (Cheadle Hulm,150000,Consultancy   ,Professional Fees,Services to People,Perip-Cedars Mental Health Project,"7,788.00",401020,10317,,,,
18/10/2018,ZSB651045,1,9927,Vision for Education,261400,Human Resources Temporary & Agency Staff ,Agency Staff,Services to People,Highfields Inclusion Partnership,875.00,100290,10329,,,,
18/10/2018,ZSB651045,2,9927,Vision for Education,261400,Human Resources Temporary & Agency Staff ,Agency Staff,Services to People,Highfields Inclusion Partnership,760.00,100290,10329,,,,
18/10/2018,ZSB651045,3,9927,Vision for Education,261400,Human Resources Temporary & Agency Staff ,Agency Staff,Services to People,Highfields Inclusion Partnership,875.00,100290,10329,,,,
18/10/2018,ZSB651045,4,9927,Vision for Education,261400,Human Resources Temporary & Agency Staff ,Agency Staff,Services to People,Highfields Inclusion Partnership,875.00,100290,10329,,,,
18/10/2018,ZSB651045,5,9927,Vision for Education,261400,Human Resources Temporary & Agency Staff ,Agency Staff,Services to People,Highfields Inclusion Partnership,575.00,100290,10329,,,,
18/10/2018,ZSB651045,6,9927,Vision for Education,261400,Human Resources Temporary & Agency Staff ,Agency Staff,Services to People,Highfields Inclusion Partnership,360.00,100290,10329,,,,
18/10/2018,ZSB651045,7,9927,Vision for Education,261400,Human Resources Temporary & Agency Staff ,Agency Staff,Services to People,Highfields Inclusion Partnership,360.00,100290,10329,,,,
18/10/2018,ZSB651045,8,9927,Vision for Education,261400,Human Resources Temporary & Agency Staff ,Agency Staff,Services to People,Highfields Inclusion Partnership,330.00,100290,10329,,,,
06/11/2018,ZSB651912,1,3529,Totally Local Company Ltd,111200,Catering Food & Beverages ,Catering Supplies,Services to People,Highfields Inclusion Partnership,"8,103.60",400422,10329,,,,
19/11/2018,ZSB652660,1,13261,McCoy Perimeter Solutions Ltd,390000,"Works - Construction, Repair & Maintenance  ",Repairs and Maintenance,Services to People,Highfields Inclusion Partnership,"11,460.49",200123,10329,,,,
22/11/2018,ZSB652885,1,12829,Iteachers,261400,Human Resources Temporary & Agency Staff ,Agency Staff,Services to People,Highfields Inclusion Partnership,420.00,100290,10329,,,,
22/11/2018,ZSB652885,2,12829,Iteachers,261400,Human Resources Temporary & Agency Staff ,Agency Staff,Services to People,Highfields Inclusion Partnership,105.00,100290,10329,,,,
22/11/2018,ZSB652885,3,12829,Iteachers,261400,Human Resources Temporary & Agency Staff ,Agency Staff,Services to People,Highfields Inclusion Partnership,525.00,100290,10329,,,,
22/11/2018,ZSB652885,4,12829,Iteachers,261400,Human Resources Temporary & Agency Staff ,Agency Staff,Services to People,Highfields Inclusion Partnership,525.00,100290,10329,,,,
22/11/2018,ZSB652885,5,12829,Iteachers,261400,Human Resources Temporary & Agency Staff ,Agency Staff,Services to People,Highfields Inclusion Partnership,525.00,100290,10329,,,,
22/11/2018,ZSB652885,6,12829,Iteachers,261400,Human Resources Temporary & Agency Staff ,Agency Staff,Services to People,Highfields Inclusion Partnership,525.00,100290,10329,,,,
22/11/2018,ZSB652885,7,12829,Iteachers,261400,Human Resources Temporary & Agency Staff ,Agency Staff,Services to People,Highfields Inclusion Partnership,525.00,100290,10329,,,,
22/11/2018,ZSB652885,8,12829,Iteachers,261400,Human Resources Temporary & Agency Staff ,Agency Staff,Services to People,Highfields Inclusion Partnership,525.00,100290,10329,,,,
22/11/2018,ZSB652885,9,12829,Iteachers,261400,Human Resources Temporary & Agency Staff ,Agency Staff,Services to People,Highfields Inclusion Partnership,525.00,100290,10329,,,,
22/11/2018,ZSB652885,10,12829,Iteachers,261400,Human Resources Temporary & Agency Staff ,Agency Staff,Services to People,Highfields Inclusion Partnership,315.00,100290,10329,,,,
22/11/2018,ZSB652885,11,12829,Iteachers,261400,Human Resources Temporary & Agency Staff ,Agency Staff,Services to People,Highfields Inclusion Partnership,525.00,100290,10329,,,,
22/11/2018,ZSB652885,12,12829,Iteachers,261400,Human Resources Temporary & Agency Staff ,Agency Staff,Services to People,Highfields Inclusion Partnership,180.00,100290,10329,,,,
22/11/2018,ZSB652885,13,12829,Iteachers,261400,Human Resources Temporary & Agency Staff ,Agency Staff,Services to People,Highfields Inclusion Partnership,25.00,100290,10329,,,,
22/11/2018,ZSB652885,14,12829,Iteachers,261400,Human Resources Temporary & Agency Staff ,Agency Staff,Services to People,Highfields Inclusion Partnership,315.00,100290,10329,,,,
22/11/2018,ZSB652885,15,12829,Iteachers,261400,Human Resources Temporary & Agency Staff ,Agency Staff,Services to People,Highfields Inclusion Partnership,315.00,100290,10329,,,,
22/11/2018,ZSB652885,16,12829,Iteachers,261400,Human Resources Temporary & Agency Staff ,Agency Staff,Services to People,Highfields Inclusion Partnership,315.00,100290,10329,,,,
19/12/2018,ZSB654195,1,9927,Vision for Education,261400,Human Resources Temporary & Agency Staff ,Agency Staff,Services to People,Highfields Inclusion Partnership,625.00,100290,10329,,,,
19/12/2018,ZSB654195,2,9927,Vision for Education,261400,Human Resources Temporary & Agency Staff ,Agency Staff,Services to People,Highfields Inclusion Partnership,120.00,100290,10329,,,,
19/12/2018,ZSB654195,3,9927,Vision for Education,261400,Human Resources Temporary & Agency Staff ,Agency Staff,Services to People,Highfields Inclusion Partnership,625.00,100290,10329,,,,
19/12/2018,ZSB654195,4,9927,Vision for Education,261400,Human Resources Temporary & Agency Staff ,Agency Staff,Services to People,Highfields Inclusion Partnership,600.00,100290,10329,,,,
19/12/2018,ZSB654195,5,9927,Vision for Education,261400,Human Resources Temporary & Agency Staff ,Agency Staff,Services to People,Highfields Inclusion Partnership,625.00,100290,10329,,,,
19/12/2018,ZSB654195,6,9927,Vision for Education,261400,Human Resources Temporary & Agency Staff ,Agency Staff,Services to People,Highfields Inclusion Partnership,600.00,100290,10329,,,,
19/12/2018,ZSB654195,7,9927,Vision for Education,261400,Human Resources Temporary & Agency Staff ,Agency Staff,Services to People,Highfields Inclusion Partnership,575.00,100290,10329,,,,
19/12/2018,ZSB654195,8,9927,Vision for Education,261400,Human Resources Temporary & Agency Staff ,Agency Staff,Services to People,Highfields Inclusion Partnership,240.00,100290,10329,,,,
19/12/2018,ZSB654195,9,9927,Vision for Education,261400,Human Resources Temporary & Agency Staff ,Agency Staff,Services to People,Highfields Inclusion Partnership,480.00,100290,10329,,,,
19/12/2018,ZSB654195,10,9927,Vision for Education,261400,Human Resources Temporary & Agency Staff ,Agency Staff,Services to People,Highfields Inclusion Partnership,120.00,100290,10329,,,,
19/12/2018,ZSB654195,11,9927,Vision for Education,261400,Human Resources Temporary & Agency Staff ,Agency Staff,Services to People,Highfields Inclusion Partnership,"1,050.00",100290,10329,,,,
19/12/2018,ZSB654195,12,9927,Vision for Education,261400,Human Resources Temporary & Agency Staff ,Agency Staff,Services to People,Highfields Inclusion Partnership,600.00,100290,10329,,,,
19/12/2018,ZSB654195,13,9927,Vision for Education,261400,Human Resources Temporary & Agency Staff ,Agency Staff,Services to People,Highfields Inclusion Partnership,"1,000.00",100290,10329,,,,
19/12/2018,ZSB654195,14,9927,Vision for Education,261400,Human Resources Temporary & Agency Staff ,Agency Staff,Services to People,Highfields Inclusion Partnership,575.00,100290,10329,,,,
19/12/2018,ZSB654195,15,9927,Vision for Education,261400,Human Resources Temporary & Agency Staff ,Agency Staff,Services to People,Highfields Inclusion Partnership,600.00,100290,10329,,,,
19/12/2018,ZSB654195,16,9927,Vision for Education,261400,Human Resources Temporary & Agency Staff ,Agency Staff,Services to People,Highfields Inclusion Partnership,600.00,100290,10329,,,,
19/12/2018,ZSB654195,17,9927,Vision for Education,261400,Human Resources Temporary & Agency Staff ,Agency Staff,Services to People,Highfields Inclusion Partnership,"1,050.00",100290,10329,,,,
19/12/2018,ZSB654195,18,9927,Vision for Education,261400,Human Resources Temporary & Agency Staff ,Agency Staff,Services to People,Highfields Inclusion Partnership,600.00,100290,10329,,,,
19/12/2018,ZSB654195,19,9927,Vision for Education,261400,Human Resources Temporary & Agency Staff ,Agency Staff,Services to People,Highfields Inclusion Partnership,"1,000.00",100290,10329,,,,
19/12/2018,ZSB654195,20,9927,Vision for Education,261400,Human Resources Temporary & Agency Staff ,Agency Staff,Services to People,Highfields Inclusion Partnership,575.00,100290,10329,,,,
19/12/2018,ZSB654195,21,9927,Vision for Education,261400,Human Resources Temporary & Agency Staff ,Agency Staff,Services to People,Highfields Inclusion Partnership,420.00,100290,10329,,,,
19/12/2018,ZSB654195,22,9927,Vision for Education,261400,Human Resources Temporary & Agency Staff ,Agency Staff,Services to People,Highfields Inclusion Partnership,600.00,100290,10329,,,,
19/12/2018,ZSB654195,23,9927,Vision for Education,261400,Human Resources Temporary & Agency Staff ,Agency Staff,Services to People,Highfields Inclusion Partnership,600.00,100290,10329,,,,
19/12/2018,ZSB654195,24,9927,Vision for Education,261400,Human Resources Temporary & Agency Staff ,Agency Staff,Services to People,Highfields Inclusion Partnership,"1,050.00",100290,10329,,,,
19/12/2018,ZSB654195,25,9927,Vision for Education,261400,Human Resources Temporary & Agency Staff ,Agency Staff,Services to People,Highfields Inclusion Partnership,600.00,100290,10329,,,,
19/12/2018,ZSB654195,26,9927,Vision for Education,261400,Human Resources Temporary & Agency Staff ,Agency Staff,Services to People,Highfields Inclusion Partnership,"1,000.00",100290,10329,,,,
19/12/2018,ZSB654248,1,9927,Vision for Education,261400,Human Resources Temporary & Agency Staff ,Agency Staff,Services to People,Highfields Inclusion Partnership,575.00,100290,10329,,,,
19/12/2018,ZSB654248,2,9927,Vision for Education,261400,Human Resources Temporary & Agency Staff ,Agency Staff,Services to People,Highfields Inclusion Partnership,"1,050.00",100290,10329,,,,
19/12/2018,ZSB654248,3,9927,Vision for Education,261400,Human Resources Temporary & Agency Staff ,Agency Staff,Services to People,Highfields Inclusion Partnership,600.00,100290,10329,,,,
19/12/2018,ZSB654248,4,9927,Vision for Education,261400,Human Resources Temporary & Agency Staff ,Agency Staff,Services to People,Highfields Inclusion Partnership,600.00,100290,10329,,,,
19/12/2018,ZSB654248,5,9927,Vision for Education,261400,Human Resources Temporary & Agency Staff ,Agency Staff,Services to People,Highfields Inclusion Partnership,840.00,100290,10329,,,,
19/12/2018,ZSB654248,6,9927,Vision for Education,261400,Human Resources Temporary & Agency Staff ,Agency Staff,Services to People,Highfields Inclusion Partnership,600.00,100290,10329,,,,
19/12/2018,ZSB654248,7,9927,Vision for Education,261400,Human Resources Temporary & Agency Staff ,Agency Staff,Services to People,Highfields Inclusion Partnership,"1,000.00",100290,10329,,,,
19/12/2018,ZSB654248,8,9927,Vision for Education,261400,Human Resources Temporary & Agency Staff ,Agency Staff,Services to People,Highfields Inclusion Partnership,575.00,100290,10329,,,,
19/12/2018,ZSB654248,9,9927,Vision for Education,261400,Human Resources Temporary & Agency Staff ,Agency Staff,Services to People,Highfields Inclusion Partnership,"1,050.00",100290,10329,,,,
19/12/2018,ZSB654248,10,9927,Vision for Education,261400,Human Resources Temporary & Agency Staff ,Agency Staff,Services to People,Highfields Inclusion Partnership,600.00,100290,10329,,,,
19/12/2018,ZSB654248,11,9927,Vision for Education,261400,Human Resources Temporary & Agency Staff ,Agency Staff,Services to People,Highfields Inclusion Partnership,600.00,100290,10329,,,,
19/12/2018,ZSB654248,12,9927,Vision for Education,261400,Human Resources Temporary & Agency Staff ,Agency Staff,Services to People,Highfields Inclusion Partnership,"1,050.00",100290,10329,,,,
19/12/2018,ZSB654248,13,9927,Vision for Education,261400,Human Resources Temporary & Agency Staff ,Agency Staff,Services to People,Highfields Inclusion Partnership,600.00,100290,10329,,,,
19/12/2018,ZSB654248,14,9927,Vision for Education,261400,Human Resources Temporary & Agency Staff ,Agency Staff,Services to People,Highfields Inclusion Partnership,"1,000.00",100290,10329,,,,
19/12/2018,ZSB654248,15,9927,Vision for Education,261400,Human Resources Temporary & Agency Staff ,Agency Staff,Services to People,Highfields Inclusion Partnership,575.00,100290,10329,,,,
19/12/2018,ZSB654248,16,9927,Vision for Education,261400,Human Resources Temporary & Agency Staff ,Agency Staff,Services to People,Highfields Inclusion Partnership,"1,050.00",100290,10329,,,,
19/12/2018,ZSB654248,17,9927,Vision for Education,261400,Human Resources Temporary & Agency Staff ,Agency Staff,Services to People,Highfields Inclusion Partnership,600.00,100290,10329,,,,
19/12/2018,ZSB654248,18,9927,Vision for Education,261400,Human Resources Temporary & Agency Staff ,Agency Staff,Services to People,Highfields Inclusion Partnership,600.00,100290,10329,,,,
19/12/2018,ZSB654248,19,9927,Vision for Education,261400,Human Resources Temporary & Agency Staff ,Agency Staff,Services to People,Highfields Inclusion Partnership,"1,050.00",100290,10329,,,,
19/12/2018,ZSB654248,20,9927,Vision for Education,261400,Human Resources Temporary & Agency Staff ,Agency Staff,Services to People,Highfields Inclusion Partnership,600.00,100290,10329,,,,
19/12/2018,ZSB654248,21,9927,Vision for Education,261400,Human Resources Temporary & Agency Staff ,Agency Staff,Services to People,Highfields Inclusion Partnership,"1,000.00",100290,10329,,,,
19/12/2018,ZSB654248,22,9927,Vision for Education,261400,Human Resources Temporary & Agency Staff ,Agency Staff,Services to People,Highfields Inclusion Partnership,600.00,100290,10329,,,,
19/12/2018,ZSB654248,23,9927,Vision for Education,261400,Human Resources Temporary & Agency Staff ,Agency Staff,Services to People,Highfields Inclusion Partnership,"1,050.00",100290,10329,,,,
21/12/2018,ZSB654368,1,9547,TOTAL GAS & POWER LTD,370000,Utilities   ,Utilities,Services to People,ACE,123.55,200530,10314,,,,
21/12/2018,ZSB654368,2,9547,TOTAL GAS & POWER LTD,370000,Utilities   ,Utilities,Services to People,ACE,394.25,200530,10314,,,,
21/12/2018,ZSB654368,3,9547,TOTAL GAS & POWER LTD,370000,Utilities   ,Utilities,Services to People,ACE,540.53,200530,10314,,,,
21/12/2018,ZSB654368,4,9547,TOTAL GAS & POWER LTD,370000,Utilities   ,Utilities,Services to People,ACE,382.37,200530,10314,,,,
21/12/2018,ZSB654368,5,9547,TOTAL GAS & POWER LTD,370000,Utilities   ,Utilities,Services to People,ACE,402.10,200530,10314,,,,
21/12/2018,ZSB654368,6,9547,TOTAL GAS & POWER LTD,370000,Utilities   ,Utilities,Services to People,ACE,467.35,200530,10314,,,,
21/12/2018,ZSB654368,7,9547,TOTAL GAS & POWER LTD,370000,Utilities   ,Utilities,Services to People,ACE,429.07,200530,10314,,,,
21/12/2018,ZSB654368,8,9547,TOTAL GAS & POWER LTD,370000,Utilities   ,Utilities,Services to People,ACE,124.94,200530,10314,,,,
21/12/2018,ZSB654368,9,9547,TOTAL GAS & POWER LTD,370000,Utilities   ,Utilities,Services to People,ACE,124.94,200530,10314,,,,
21/12/2018,ZSB654368,10,9547,TOTAL GAS & POWER LTD,370000,Utilities   ,Utilities,Services to People,ACE,609.66,200530,10314,,,,
21/12/2018,ZSB654368,11,9547,TOTAL GAS & POWER LTD,370000,Utilities   ,Utilities,Services to People,ACE,444.52,200530,10314,,,,
21/12/2018,ZSB654368,12,9547,TOTAL GAS & POWER LTD,370000,Utilities   ,Utilities,Services to People,ACE,375.95,200530,10314,,,,
21/12/2018,ZSB654368,13,9547,TOTAL GAS & POWER LTD,370000,Utilities   ,Utilities,Services to People,ACE,375.95,200530,10314,,,,
21/12/2018,ZSB654368,14,9547,TOTAL GAS & POWER LTD,370000,Utilities   ,Utilities,Services to People,ACE,322.79,200530,10314,,,,
21/12/2018,ZSB654368,15,9547,TOTAL GAS & POWER LTD,370000,Utilities   ,Utilities,Services to People,ACE,218.80,200530,10314,,,,
21/12/2018,ZSB654368,16,9547,TOTAL GAS & POWER LTD,370000,Utilities   ,Utilities,Services to People,ACE,437.45,200530,10314,,,,
21/12/2018,ZSB654368,17,9547,TOTAL GAS & POWER LTD,370000,Utilities   ,Utilities,Services to People,ACE,524.94,200530,10314,,,,
21/12/2018,ZSB654368,18,9547,TOTAL GAS & POWER LTD,370000,Utilities   ,Utilities,Services to People,ACE,141.92,200530,10314,,,,
09/11/2018,ZAV652176,1,12351,Getech,270000,Information Communication Technology  ,Information and Communications Technology,Corporate and Support Services,IT AVA Non - SLA,"5,410.50",402001,13001,,,,
09/11/2018,ZAV652176,2,12351,Getech,270000,Information Communication Technology  ,Information and Communications Technology,Corporate and Support Services,IT AVA Non - SLA,510.00,402001,13001,,,,
09/11/2018,ZAV652176,3,12351,Getech,270000,Information Communication Technology  ,Information and Communications Technology,Corporate and Support Services,IT AVA Non - SLA,150.00,402001,13001,,,,
09/11/2018,ZAV652176,4,12351,Getech,270000,Information Communication Technology  ,Information and Communications Technology,Corporate and Support Services,IT AVA Non - SLA,768.00,402001,13001,,,,
13/11/2018,ZAV652307,1,12351,Getech,270000,Information Communication Technology  ,Information and Communications Technology,Corporate and Support Services,IT AVA Non - SLA,"5,410.50",402001,13001,,,,
13/11/2018,ZAV652307,2,12351,Getech,270000,Information Communication Technology  ,Information and Communications Technology,Corporate and Support Services,IT AVA Non - SLA,510.00,402001,13001,,,,
13/11/2018,ZAV652307,3,12351,Getech,270000,Information Communication Technology  ,Information and Communications Technology,Corporate and Support Services,IT AVA Non - SLA,150.00,402001,13001,,,,
13/11/2018,ZAV652307,4,12351,Getech,270000,Information Communication Technology  ,Information and Communications Technology,Corporate and Support Services,IT AVA Non - SLA,768.00,402001,13001,,,,
09/10/2018,ZSA650559,1,1583,Tunstall Healthcare (UK) Ltd,210000,Furniture & Soft Furnishings  ,Furniture and Equipment,Capital Expenditure,Telecare Equipment,"5,120.00",400105,C.11424,,,,
09/10/2018,ZSA650559,2,1583,Tunstall Healthcare (UK) Ltd,210000,Furniture & Soft Furnishings  ,Furniture and Equipment,Capital Expenditure,Telecare Equipment,201.00,400105,C.11424,,,,
16/10/2018,ZSA650925,1,13063,Access Independent,261400,Human Resources Temporary & Agency Staff ,Agency Staff,Services to People,Improved Better Care Fund,"25,000.00",100290,13000,,,,
15/10/2018,ZSA650844,1,2628,North West Employers,261500,Human Resources Training & Conferences ,Fees and Charges,Services to People,Transformation Fund-Enablers,"13,000.00",401024,12929,,,,
16/10/2018,ZSA650907,1,1382,Pure Innovations Ltd,390000,Supplies and services,Supplies and services,Services to People,Pure Innovations,"183,600.00",401600,11071,,,,
17/10/2018,ZSA650997,1,13080,Skybound Therapies,320000,Social Community Care Supplies & Services  ,Care Payments,Services to People,LD Residential & Nursing Care purchasing,"6,500.00",530332,11837,,,,
18/10/2018,ZSA651058,1,1339,Stockport NHS Foundation Trust,311410,Healthcare Occupational Therapy Services ,Fees and Charges,Services to People,LD Physio Centre,"12,500.00",401212,11826,,,,
26/10/2018,ZSA651449,1,657,Independent Options (North Wes,320000,Social Community Care Supplies & Services  ,Care Payments,Services to People,LD Residential & Nursing Care purchasing,"62,125.02",530374,11837,,,,
26/10/2018,ZSA651411,1,2658,Advanced Health and Care Ltd,270000,Information Communication Technology  ,Information and Communications Technology,Services to People,Reablement Management,"10,095.24",402010,12714,,,,
26/10/2018,ZSA651450,1,13083,Abbotsound Ltd,320000,Social Community Care Supplies & Services  ,Care Payments,Services to People,LD Residential & Nursing Care purchasing,"56,000.00",530333,11837,,,,
24/10/2018,ZSA651292,1,13083,Abbotsound Ltd,320000,Social Community Care Supplies & Services  ,Care Payments,Services to People,LD Residential & Nursing Care purchasing,"10,000.00",530333,11837,,,,
29/10/2018,ZSA651477,1,13124,Social Finance Limited,999999,Fees and Charges,Fees and Charges,Services to People,Mental Health Grant Services,"10,000.00",401035,11687,,,,
29/10/2018,ZSA651477,2,13124,Social Finance Limited,999999,Fees and Charges,Fees and Charges,Services to People,Mental Health Grant Services,318.60,401035,11687,,,,
30/10/2018,ZSA651540,1,7798,United Response,320000,Social Community Care Supplies & Services  ,Care Payments,Services to People,Tenancy Options Phase 4 United Response,"159,392.00",530330,12850,,,,
30/10/2018,ZSA651539,1,9018,Future Directions CIC,320000,Social Community Care Supplies & Services  ,Care Payments,Services to People,Calderstones 4 Properties,"82,061.00",530328,12392,,,,
30/10/2018,ZSA651537,1,9018,Future Directions CIC,320000,Social Community Care Supplies & Services  ,Care Payments,Services to People,Calderstones 4 Properties,"15,000.00",530328,12392,,,,
05/12/2018,ZSA653488,1,7797,CHOICE SUPPORT,320000,Social Community Care Supplies & Services  ,Care Payments,Services to People,Choice Support contract payments,"6,660.00",530332,11041,,,,
05/11/2018,ZSA651855,1,10081,Doro Care Ltd,210000,Furniture & Soft Furnishings  ,Furniture and Equipment,Capital Expenditure,Telecare Equipment,"5,160.00",400105,C.11424,,,,
05/11/2018,ZSA651855,2,10081,Doro Care Ltd,210000,Furniture & Soft Furnishings  ,Furniture and Equipment,Capital Expenditure,Telecare Equipment,545.00,400105,C.11424,,,,
05/11/2018,ZSA651854,1,1583,Tunstall Healthcare (UK) Ltd,210000,Furniture & Soft Furnishings  ,Furniture and Equipment,Capital Expenditure,Telecare Equipment,"5,120.00",400105,C.11424,,,,
05/11/2018,ZSA651854,2,1583,Tunstall Healthcare (UK) Ltd,210000,Furniture & Soft Furnishings  ,Furniture and Equipment,Capital Expenditure,Telecare Equipment,816.00,400105,C.11424,,,,
05/11/2018,ZSA651854,3,1583,Tunstall Healthcare (UK) Ltd,210000,Furniture & Soft Furnishings  ,Furniture and Equipment,Capital Expenditure,Telecare Equipment,"1,500.00",400105,C.11424,,,,
05/11/2018,ZSA651854,4,1583,Tunstall Healthcare (UK) Ltd,210000,Furniture & Soft Furnishings  ,Furniture and Equipment,Capital Expenditure,Telecare Equipment,400.00,400105,C.11424,,,,
05/11/2018,ZSA651854,5,1583,Tunstall Healthcare (UK) Ltd,210000,Furniture & Soft Furnishings  ,Furniture and Equipment,Capital Expenditure,Telecare Equipment,52.00,400105,C.11424,,,,
19/11/2018,ZSA652690,1,13249,Viaduct Care CIC,260000,Human Resources  ,Other Payments,Services to People,Transformation Fund-Enablers,"55,000.00",100304,12929,,,,
19/11/2018,ZSA652689,1,13249,Viaduct Care CIC,260000,Human Resources  ,Other Payments,Services to People,Transformation Fund-Enablers,"55,000.00",100304,12929,,,,
21/11/2018,ZSA652819,1,11156,David Hunter,261500,Human Resources Training & Conferences ,Expenses and Allowances,Services to People,Safeguarding Adults Board,"6,000.00",402201,12825,,,,
05/12/2018,ZSA653477,1,10338,STOCKPORT CAR SCHEMES,390000,Supplies and services,Supplies and services,Services to People,Community Transport (WIN),"108,000.00",401600,12855,,,,
10/12/2018,ZSA653711,1,1583,Tunstall Healthcare (UK) Ltd,210000,Furniture & Soft Furnishings  ,Furniture and Equipment,Capital Expenditure,Telecare Equipment,"12,800.00",400105,C.11424,,,,
10/12/2018,ZSA653711,2,1583,Tunstall Healthcare (UK) Ltd,210000,Furniture & Soft Furnishings  ,Furniture and Equipment,Capital Expenditure,Telecare Equipment,936.75,400105,C.11424,,,,
10/12/2018,ZSA653711,3,1583,Tunstall Healthcare (UK) Ltd,210000,Furniture & Soft Furnishings  ,Furniture and Equipment,Capital Expenditure,Telecare Equipment,"1,632.00",400105,C.11424,,,,
10/12/2018,ZSA653711,4,1583,Tunstall Healthcare (UK) Ltd,210000,Furniture & Soft Furnishings  ,Furniture and Equipment,Capital Expenditure,Telecare Equipment,"3,000.00",400105,C.11424,,,,
10/12/2018,ZSA653711,5,1583,Tunstall Healthcare (UK) Ltd,210000,Furniture & Soft Furnishings  ,Furniture and Equipment,Capital Expenditure,Telecare Equipment,"1,470.00",400105,C.11424,,,,
18/12/2018,ZSA654117,1,3529,Totally Local Company Ltd,390000,"Works - Construction, Repair & Maintenance  ",Capital Expenditure - Works,Capital Expenditure,Disabled Facilities Grants-Mandatory,"22,525.85",200301,C.10004,,,,
18/12/2018,ZSA654116,1,3529,Totally Local Company Ltd,390000,"Works - Construction, Repair & Maintenance  ",Capital Expenditure - Works,Capital Expenditure,Disabled Facilities Grants-Mandatory,"22,525.85",200301,C.10004,,,,
20/12/2018,ZSA654273,1,11156,David Hunter,261500,Human Resources Training & Conferences ,Expenses and Allowances,Services to People,Safeguarding Adults Board,"6,500.00",402201,12825,,,,
20/12/2018,ZSA654269,1,13083,Abbotsound Ltd,320000,Social Community Care Supplies & Services  ,Care Payments,Services to People,LD Residential & Nursing Care purchasing,"5,000.00",530333,11837,,,,
20/12/2018,ZSA654272,1,10081,Doro Care Ltd,210000,Furniture & Soft Furnishings  ,Furniture and Equipment,Services to People,Pre-Project Spending,"10,665.00",400105,12978,,,,
20/12/2018,ZSA654272,2,10081,Doro Care Ltd,210000,Furniture & Soft Furnishings  ,Furniture and Equipment,Services to People,Pre-Project Spending,"3,105.00",400105,12978,,,,
20/12/2018,ZSA654325,1,7797,CHOICE SUPPORT,320000,Social Community Care Supplies & Services  ,Care Payments,Services to People,LD Residential & Nursing Care purchasing,"21,819.60",530330,11837,,,,
21/12/2018,ZSA654400,1,4617,Creative Support Ltd,320000,Social Community Care Supplies & Services  ,Care Payments,Services to People,Tenancy Options Phase 10 Creative Support,"20,000.00",530332,12951,,,,
21/12/2018,ZSA654399,1,10721,Fitzroy Support,320000,Social Community Care Supplies & Services  ,Care Payments,Services to People,Tenancy Options Phase 6 Fitzroy Support,"10,000.00",530332,12901,,,,
01/10/2018,ZSA650150,1,1644,Tameside MBC,999999,Fees and Charges,Fees and Charges,Services to People,PH-Programme Management,"49,939.00",401035,12732,,,,
16/10/2018,ZSA650888,1,7030,MANCHESTER CITY COUNCIL SHARED,390000,Supplies and services,Supplies and services,Services to People,PH-Programme Management,"5,158.36",401600,12732,,,,
05/10/2018,ZZC650386,1,7030,MANCHESTER CITY COUNCIL SHARED,999999,Third party payments - Public Sector,Third party payments - Public Sector,Services to People,RAA Adoption Count,"690,000.00",500303,12957,,,,
05/10/2018,ZZC650387,1,3707,Salford City Council/Finance,999999,Third party payments - Public Sector,Third party payments - Public Sector,Services to People,RAA Adoption Count,"580,000.00",500303,12957,,,,
05/10/2018,ZZC650388,1,7167,Cheshire East Borough Council.,999999,Third party payments - Public Sector,Third party payments - Public Sector,Services to People,RAA Adoption Count,"450,000.00",500303,12957,,,,
05/10/2018,ZZC650389,1,9511,TRAFFORD MB COUNCIL,999999,Third party payments - Public Sector,Third party payments - Public Sector,Services to People,RAA Adoption Count,"465,000.00",500303,12957,,,,
02/10/2018,ZZC650214,1,13084,CORAM,320000,Social Community Care Supplies & Services  ,Care Payments,Services to People,RAA Adoption Count,"15,766.00",530306,12957,,,,
02/10/2018,ZZC650213,1,11242,Gateway Psychology Ltd,999999,Fees and Charges,Fees and Charges,Services to People,RAA - Regionalisation ASF Grant,"6,259.00",401035,12968,,,,
01/10/2018,ZZC650101,1,11782,Time Specialist Support,320000,Social Community Care Supplies & Services  ,Care Payments,Services to People,DP - Respite,"6,700.00",530335,11513,,,,
02/10/2018,ZZC650211,1,4463,Reach Publishing Serv (MEN),190000,Facilities & Management Services  ,Office Expenses,Services to People,RAA Adoption Count,"5,000.00",400700,12957,,,,
02/10/2018,ZZC650209,1,12855,Family Society - Adoption Focu,320000,Social Community Care Supplies & Services  ,Care Payments,Services to People,RAA Adoption Count,"43,000.00",530306,12957,,,,
08/10/2018,ZZC650453,1,12890,Queen Bee PA Ltd,150000,Consultancy   ,Professional Fees,Services to People,Stockport Family Senior Management,"5,000.00",401007,11486,,,,
03/10/2018,ZZC650265,1,13084,CORAM,261500,Human Resources Training & Conferences ,Fees and Charges,Services to People,CHILDREN’S PARTICIPATION TEAM,"7,449.73",401024,11498,,,,
03/10/2018,ZZC650266,1,13084,CORAM,261500,Human Resources Training & Conferences ,Fees and Charges,Services to People,CHILDREN’S PARTICIPATION TEAM,"7,449.73",401024,11498,,,,
03/10/2018,ZZC650256,1,1722,The Together Trust Centre,290000,Arts & Leisure Services  ,Publicity and Promotion,Services to People,DP -  Aiming High Activities & Events,"7,200.00",401801,11432,,,,
05/10/2018,ZZC650362,1,4122,Ramillies Hall Pre-School Nurs,261500,Human Resources Training & Conferences ,Fees and Charges,Services to People,Lea-Sen Independent School Fees,"5,528.57",401024,10372,,,,
05/10/2018,ZZC650361,1,4122,Ramillies Hall Pre-School Nurs,261500,Human Resources Training & Conferences ,Fees and Charges,Services to People,Lea-Sen Independent School Fees,"10,488.78",401024,10372,,,,
05/10/2018,ZZC650411,1,13082,Coram Trading Ltd,261500,Human Resources Training & Conferences ,Fees and Charges,Services to People,CHILDREN’S PARTICIPATION TEAM,"7,449.73",401024,11498,,,,
05/10/2018,ZZC650409,1,13082,Coram Trading Ltd,261500,Human Resources Training & Conferences ,Fees and Charges,Services to People,CHILDREN’S PARTICIPATION TEAM,"7,449.73",401024,11498,,,,
08/10/2018,ZZC650465,1,1669,Charnwood Nursery,261500,Human Resources Training & Conferences ,Fees and Charges,Services to People,Lea-Sen Independent School Fees,"8,227.34",401024,10372,,,,
08/10/2018,ZZC650475,1,12775,Daydawn Therapeutic Services,999999,Fees and Charges,Fees and Charges,Services to People,RAA - Regionalisation ASF Grant,"6,820.00",401035,12968,,,,
08/10/2018,ZZC650476,1,12793,Aspire Therapy Services Ltd,999999,Fees and Charges,Fees and Charges,Services to People,RAA - Regionalisation ASF Grant,"8,800.00",401035,12968,,,,
09/10/2018,ZZC650529,1,1339,Stockport NHS Foundation Trust,310000,Healthcare  ,Third party payments - Public Sector,Services to People,Perip-Classroom Assistant - Learning Dif,"16,100.00",500402,10300,,,,
09/10/2018,ZZC650529,2,1339,Stockport NHS Foundation Trust,310000,Healthcare  ,Third party payments - Public Sector,Services to People,Perip-Classroom Assistant - Learning Dif,"16,100.00",500402,10300,,,,
09/10/2018,ZZC650529,3,1339,Stockport NHS Foundation Trust,310000,Healthcare  ,Third party payments - Public Sector,Services to People,Perip-Classroom Assistant - Learning Dif,"16,100.00",500402,10300,,,,
11/10/2018,ZZC650680,1,11961,PONTVILLE SCHOOL,261500,Human Resources Training & Conferences ,Fees and Charges,Services to People,Lea-Sen Independent School Fees,"247,928.20",401024,10372,,,,
11/10/2018,ZZC650685,1,12188,ST JOHN VIANNEY,261500,Human Resources Training & Conferences ,Fees and Charges,Services to People,SEN Independent School Fees Non Maintained Sch,"16,762.55",401024,12710,,,,
11/10/2018,ZZC650683,1,12188,ST JOHN VIANNEY,261500,Human Resources Training & Conferences ,Fees and Charges,Services to People,SEN Independent School Fees Non Maintained Sch,"10,511.27",401024,12710,,,,
11/10/2018,ZZC650684,1,12188,ST JOHN VIANNEY,261500,Human Resources Training & Conferences ,Fees and Charges,Services to People,SEN Independent School Fees Non Maintained Sch,"16,762.55",401024,12710,,,,
11/10/2018,ZZC650687,1,12188,ST JOHN VIANNEY,261500,Human Resources Training & Conferences ,Fees and Charges,Services to People,SEN Independent School Fees Non Maintained Sch,"16,762.55",401024,12710,,,,
11/10/2018,ZZC650689,1,12188,ST JOHN VIANNEY,261500,Human Resources Training & Conferences ,Fees and Charges,Services to People,SEN Independent School Fees Non Maintained Sch,"13,750.69",401024,12710,,,,
11/10/2018,ZZC650690,1,1816,Seashell Trust,261500,Human Resources Training & Conferences ,Fees and Charges,Services to People,SEN Independent School Fees Non Maintained Sch,"44,266.89",401024,12710,,,,
11/10/2018,ZZC650692,1,1816,Seashell Trust,261500,Human Resources Training & Conferences ,Fees and Charges,Services to People,SEN Independent School Fees Non Maintained Sch,"19,592.37",401024,12710,,,,
11/10/2018,ZZC650702,1,1722,The Together Trust Centre,261500,Human Resources Training & Conferences ,Fees and Charges,Services to People,SEN Independent School Fees Non Maintained Sch,"32,774.08",401024,12710,,,,
11/10/2018,ZZC650701,1,1722,The Together Trust Centre,261500,Human Resources Training & Conferences ,Fees and Charges,Services to People,SEN Independent School Fees Non Maintained Sch,"32,716.28",401024,12710,,,,
11/10/2018,ZZC650700,1,1722,The Together Trust Centre,261500,Human Resources Training & Conferences ,Fees and Charges,Services to People,SEN Independent School Fees Non Maintained Sch,"25,769.22",401024,12710,,,,
11/10/2018,ZZC650707,1,1722,The Together Trust Centre,261500,Human Resources Training & Conferences ,Fees and Charges,Services to People,Lea-Sen Independent School Fees,"27,150.00",401024,10372,,,,
11/10/2018,ZZC650706,1,12367,Beech Hall School,261500,Human Resources Training & Conferences ,Fees and Charges,Services to People,Lea-Sen Independent School Fees,"15,016.93",401024,10372,,,,
12/10/2018,ZZC650737,1,12188,ST JOHN VIANNEY,261500,Human Resources Training & Conferences ,Fees and Charges,Services to People,SEN Independent School Fees Non Maintained Sch,"16,762.55",401024,12710,,,,
12/10/2018,ZZC650774,1,1722,The Together Trust Centre,261500,Human Resources Training & Conferences ,Fees and Charges,Services to People,SEN Independent School Fees Non Maintained Sch,"26,784.75",401024,12710,,,,
16/10/2018,ZZC650872,1,11568,The Birches School,170000,Education  ,Third party payments - Public Sector,Services to People,Lea-Other Local Authorities,"7,276.20",500304,10371,,,,
18/10/2018,ZZC651035,1,11722,TheBigWord Interpreting Svcs L,261100,Human Resources Interpretation & Translation ,Professional Fees,Services to People,Incl - S.I.U - Perip,"24,000.00",401023,10307,,,,
19/10/2018,ZZC651119,1,13213,Birmingham Children's Trust,320000,Social Community Care Supplies & Services  ,Care Payments,Services to People,RAA Adoption Count,"43,000.00",530306,12957,,,,
19/10/2018,ZZC651118,1,13213,Birmingham Children's Trust,320000,Social Community Care Supplies & Services  ,Care Payments,Services to People,RAA Adoption Count,"27,000.00",530306,12957,,,,
23/10/2018,ZZC651268,1,2104,Central Manchester University,310000,Healthcare  ,Third party payments - Public Sector,Services to People,RAA - Centre of Excellence Grant,"108,386.00",500402,12967,,,,
24/10/2018,ZZC651281,1,1722,The Together Trust Centre,261500,Human Resources Training & Conferences ,Fees and Charges,Services to People,Lea-Sen Independent School Fees,"36,478.02",401024,10372,,,,
24/10/2018,ZZC651326,1,11930,Mereside Education Trust Focus,261500,Human Resources Training & Conferences ,Fees and Charges,Services to People,Lea-Sen Independent School Fees,"6,487.00",401024,10372,,,,
24/10/2018,ZZC651327,1,11930,Mereside Education Trust Focus,261500,Human Resources Training & Conferences ,Fees and Charges,Services to People,Lea-Sen Independent School Fees,"6,136.00",401024,10372,,,,
26/10/2018,ZZC651447,1,12171,KEYS CHILDCARE LTD,261500,Human Resources Training & Conferences ,Fees and Charges,Services to People,Lea-Sen Independent School Fees,"37,050.00",401024,10372,,,,
07/11/2018,ZZC652027,1,3529,Totally Local Company Ltd,380000,Vehicle Management  ,Vehicle Repairs and Maintenance,Services to People,CH - Dial Park,"4,685.10",300100,11447,,,,
07/11/2018,ZZC652027,2,3529,Totally Local Company Ltd,380000,Vehicle Management  ,Vehicle Repairs and Maintenance,Services to People,CH - Dial Park,993.60,300100,11447,,,,
07/11/2018,ZZC652026,1,11660,Signis Limited,150000,Consultancy   ,Professional Fees,Services to People,Stockport Family Senior Management,"8,600.00",401020,11486,,,,
30/10/2018,ZZC651582,1,7030,MANCHESTER CITY COUNCIL SHARED,999999,Third party payments - Public Sector,Third party payments - Public Sector,Services to People,RAA Adoption Count,"206,863.00",500303,12957,,,,
30/10/2018,ZZC651583,1,7030,MANCHESTER CITY COUNCIL SHARED,999999,Third party payments - Public Sector,Third party payments - Public Sector,Services to People,RAA Adoption Count,"99,000.00",500303,12957,,,,
30/10/2018,ZZC651581,1,8766,ADOPTION MATTERS NORTHWEST,320000,Social Community Care Supplies & Services  ,Care Payments,Services to People,RAA Adoption Count,"31,000.00",530306,12957,,,,
30/10/2018,ZZC651579,1,13231,Brentwood High School and Comm,170000,Education  ,Third party payments - Public Sector,Services to People,Lea-Other Local Authorities,"7,942.77",500304,10371,,,,
30/10/2018,ZZC651579,2,13231,Brentwood High School and Comm,170000,Education  ,Third party payments - Public Sector,Services to People,Lea-Other Local Authorities,"7,942.77",500304,10371,,,,
31/10/2018,ZZC651682,1,4110,Heald Green Methodist Pre-Scho,321115,Social Community Care Supplies & Services Children Childcare Services,Expenses and Allowances,Services to People,Early Years SEN,"5,477.70",402210,12942,,,,
05/11/2018,ZZC651888,1,12775,Daydawn Therapeutic Services,999999,Fees and Charges,Fees and Charges,Services to People,RAA - Regionalisation ASF Grant,"7,535.00",401035,12968,,,,
05/11/2018,ZZC651887,1,8766,ADOPTION MATTERS NORTHWEST,999999,Fees and Charges,Fees and Charges,Services to People,RAA - Regionalisation ASF Grant,"9,814.46",401035,12968,,,,
08/11/2018,ZZC652108,1,11617,Debonair Languages Ltd,261100,Human Resources Interpretation & Translation ,Professional Fees,Services to People,Incl - S.I.U - Perip,"5,577.50",401023,10307,,,,
13/11/2018,ZZC652397,1,12298,One Education Ltd,999999,Fees and Charges,Fees and Charges,Services to People,RAA - Regionalisation ASF Grant,"5,000.00",401035,12968,,,,
07/11/2018,ZZC652093,1,1799,Stockport Homes,390000,"Works - Construction, Repair & Maintenance  ",Repairs and Maintenance,Services to People,Start Well Running Cost,"11,550.00",200123,12881,,,,
12/11/2018,ZZC652269,1,9159,TRAFFORD MBC,999999,Fees and Charges,Fees and Charges,Services to People,SG - Child Prot-Lscb,"12,500.00",401035,11424,,,,
13/11/2018,ZZC652396,1,12536,CARITAS CARE,320000,Social Community Care Supplies & Services  ,Care Payments,Services to People,RAA Adoption Count,"50,000.00",530306,12957,,,,
13/11/2018,ZZC652327,1,13017,Armitage C.E. Primary School,170000,Education  ,Third party payments - Public Sector,Services to People,Lea-Other Local Authorities,"17,581.50",500304,10371,,,,
14/11/2018,ZZC652466,1,11242,Gateway Psychology Ltd,999999,Fees and Charges,Fees and Charges,Services to People,RAA - Regionalisation ASF Grant,"8,568.00",401035,12968,,,,
15/11/2018,ZZC652560,1,13244,Manor Academy,170000,Education  ,Third party payments - Public Sector,Services to People,Lea-Other Local Authorities,"7,942.77",500304,10371,,,,
22/11/2018,ZZC652904,1,9558,Darlington MBC,320000,Social Community Care Supplies & Services  ,Care Payments,Services to People,RAA Adoption Count,"27,000.00",530306,12957,,,,
22/11/2018,ZZC652903,1,4026,Adoption UK,150000,Consultancy   ,Professional Fees,Services to People,RAA - Centre of Excellence Grant,"7,700.00",401020,12967,,,,
27/11/2018,ZZC653100,1,12868,Anne Cresswell,261500,Human Resources Training & Conferences ,Expenses and Allowances,Services to People,CSC - Partners in Practice,"7,000.00",402201,12997,,,,
22/11/2018,ZZC652902,1,12835,Sarah Hartley Therapy Services,999999,Fees and Charges,Fees and Charges,Services to People,RAA - Regionalisation ASF Grant,"6,212.00",401035,12968,,,,
21/11/2018,ZZC652790,1,4122,Ramillies Hall Pre-School Nurs,261500,Human Resources Training & Conferences ,Fees and Charges,Services to People,Lea-Sen Independent School Fees,"6,193.50",401024,10372,,,,
22/11/2018,ZZC652901,1,8766,ADOPTION MATTERS NORTHWEST,999999,Fees and Charges,Fees and Charges,Services to People,RAA - Regionalisation ASF Grant,"9,906.49",401035,12968,,,,
22/11/2018,ZZC652900,1,12298,One Education Ltd,999999,Fees and Charges,Fees and Charges,Services to People,RAA - Regionalisation ASF Grant,"5,000.00",401035,12968,,,,
29/11/2018,ZZC653204,1,7362,The Heatons Conference Centre,190000,Facilities & Management Services  ,Office Expenses,Services to People,RAA Adoption Count,450.00,400705,12957,,,,
29/11/2018,ZZC653204,2,7362,The Heatons Conference Centre,190000,Facilities & Management Services  ,Office Expenses,Services to People,RAA Adoption Count,450.00,400705,12957,,,,
29/11/2018,ZZC653204,3,7362,The Heatons Conference Centre,190000,Facilities & Management Services  ,Office Expenses,Services to People,RAA Adoption Count,450.00,400705,12957,,,,
29/11/2018,ZZC653204,4,7362,The Heatons Conference Centre,190000,Facilities & Management Services  ,Office Expenses,Services to People,RAA Adoption Count,450.00,400705,12957,,,,
29/11/2018,ZZC653204,5,7362,The Heatons Conference Centre,190000,Facilities & Management Services  ,Office Expenses,Services to People,RAA Adoption Count,450.00,400705,12957,,,,
29/11/2018,ZZC653204,6,7362,The Heatons Conference Centre,190000,Facilities & Management Services  ,Office Expenses,Services to People,RAA Adoption Count,450.00,400705,12957,,,,
29/11/2018,ZZC653204,7,7362,The Heatons Conference Centre,190000,Facilities & Management Services  ,Office Expenses,Services to People,RAA Adoption Count,450.00,400705,12957,,,,
29/11/2018,ZZC653204,8,7362,The Heatons Conference Centre,190000,Facilities & Management Services  ,Office Expenses,Services to People,RAA Adoption Count,450.00,400705,12957,,,,
29/11/2018,ZZC653204,9,7362,The Heatons Conference Centre,190000,Facilities & Management Services  ,Office Expenses,Services to People,RAA Adoption Count,450.00,400705,12957,,,,
29/11/2018,ZZC653204,10,7362,The Heatons Conference Centre,190000,Facilities & Management Services  ,Office Expenses,Services to People,RAA Adoption Count,450.00,400705,12957,,,,
29/11/2018,ZZC653204,11,7362,The Heatons Conference Centre,190000,Facilities & Management Services  ,Office Expenses,Services to People,RAA Adoption Count,450.00,400705,12957,,,,
29/11/2018,ZZC653204,12,7362,The Heatons Conference Centre,190000,Facilities & Management Services  ,Office Expenses,Services to People,RAA Adoption Count,450.00,400705,12957,,,,
27/11/2018,ZZC653054,1,1339,Stockport NHS Foundation Trust,999999,Fees and Charges,Fees and Charges,Services to People,EHP Early Intervention Grant,"106,837.00",402404,12600,,,,
29/11/2018,ZZC653203,1,2628,North West Employers,260000,Human Resources  ,Staff Training,Services to People,RAA Adoption Count,"5,150.00",102020,12957,,,,
29/11/2018,ZZC653200,1,13281,CCS Adoption,320000,Social Community Care Supplies & Services  ,Care Payments,Services to People,RAA Adoption Count,"31,000.00",530306,12957,,,,
07/12/2018,ZZC653650,1,8766,ADOPTION MATTERS NORTHWEST,320000,Social Community Care Supplies & Services  ,Care Payments,Services to People,RAA Adoption Count,"31,000.00",530306,12957,,,,
03/12/2018,ZZC653381,1,13002,SpeechWise Speech and Language,150000,Consultancy   ,Professional Fees,Services to People,Perip-Classroom Assistant - Learning Dif,"10,245.99",401020,10300,,,,
07/12/2018,ZZC653649,1,12818,Therapp UK Ltd,999999,Fees and Charges,Fees and Charges,Services to People,RAA - Regionalisation ASF Grant,"8,415.00",401035,12968,,,,
05/12/2018,ZZC653487,1,4617,Creative Support Ltd,320000,Social Community Care Supplies & Services  ,Care Payments,Services to People,Tenancy Options Phase 3 Creative Support,"385,601.00",530330,12809,,,,
07/12/2018,ZZC653646,1,1007,JCDecaux UK Ltd,190000,Facilities & Management Services  ,Office Expenses,Services to People,RAA Adoption Count,"6,644.00",400700,12957,,,,
10/12/2018,ZZC653713,1,9715,NHS Stockport CCG,390000,Supplies and services,Supplies and services,Services to People,PH-Health Protection,"11,800.00",401600,12739,,,,
10/12/2018,ZZC653718,1,10289,STOCKPORT SAMARITANS,320000,Social Community Care Supplies & Services  ,Third party payments - Private/Voluntary Sector,Services to People,PH-Mental Wellbeing,"10,000.00",500530,12734,,,,
10/12/2018,ZZC653719,1,9715,NHS Stockport CCG,390000,Supplies and services,Supplies and services,Services to People,PH-Health Protection,"11,800.00",401600,12739,,,,
17/12/2018,ZZC654086,1,13316,New Bridge Multi Academy Group,170000,Education  ,Third party payments - Public Sector,Services to People,Lea-Other Local Authorities,"21,691.88",500304,10371,,,,
19/12/2018,ZZC654199,1,1722,The Together Trust Centre,261500,Human Resources Training & Conferences ,Fees and Charges,Services to People,Lea-Sen Independent School Fees,"11,092.10",401024,10372,,,,
19/12/2018,ZZC654233,1,628,Life Leisure,290000,Arts & Leisure Services  ,Publicity and Promotion,Services to People,LAC - Care Matters,"8,000.00",401801,11768,,,,
20/12/2018,ZZC654285,1,8766,ADOPTION MATTERS NORTHWEST,999999,Fees and Charges,Fees and Charges,Services to People,RAA - Regionalisation ASF Grant,"9,963.10",401035,12968,,,,
21/12/2018,ZZC654406,1,13330,Persone Recruitment Ltd,261500,Human Resources Training & Conferences ,Fees and Charges,Services to People,Perip-Classroom Assistant - Learning Dif,"16,150.00",401024,10300,,,,
29/10/2018,ZZP651487,1,7025,CBRE Limited,150000,Consultancy   ,Professional Fees,Services to Place,Town Centre Development Team,"8,000.00",401007,10072,,,,
05/10/2018,ZZP650373,1,10363,Gala Lights Ltd,290000,Arts & Leisure Services  ,Publicity and Promotion,Services to Place,Borough Festive Lights,"44,962.00",401801,12654,,,,
05/10/2018,ZZP650372,1,3529,Totally Local Company Ltd,290000,Arts & Leisure Services  ,Publicity and Promotion,Services to Place,Borough Festive Lights,"9,780.00",401801,12654,,,,
01/10/2018,ZZP650145,1,7670,Wilds Of Oldham,110000,Catering  ,Expenses and Allowances,Corporate and Support Services,Town Hall Events,"5,000.00",402202,11375,,,,
02/10/2018,ZZP650225,1,6116,Atkins Limited,390000,Supplies and services,Supplies and services,Services to Place,Network Assets Staff,"40,448.00",401600,11959,,,,
02/10/2018,ZZP650226,1,3529,Totally Local Company Ltd,390000,"Works - Construction, Repair & Maintenance  ",Repairs and Maintenance,Services to Place,SLA Safety Detect Repair Teams,"80,000.00",200123,11984,,,,
04/10/2018,ZZP650336,1,184,County Gates Ltd,240000,Horticultural  ,Grounds Maintenance,Capital Expenditure,Schemes In Parks,"19,800.00",202032,C.10775,,,,
04/10/2018,ZZP650337,1,8010,GROUNDWORK & LEISURE SERVIC,240000,Horticultural  ,Grounds Maintenance,Capital Expenditure,Schemes In Parks,"15,899.00",202032,C.10775,,,,
01/10/2018,ZZP650084,1,3154,Deloitte MCS Ltd,150000,Consultancy   ,Professional Fees,Services to Place,Town Centre Development Team,"10,000.00",401007,10072,,,,
02/10/2018,ZZP650231,1,865,Bethell Construction Ltd,390000,Supplies and services,Supplies and services,Capital Expenditure,1300 Greenspace Infrastructure - On Site,"18,579.62",401600,C.01221.203,,,,
02/10/2018,ZZP650227,1,3529,Totally Local Company Ltd,390000,Supplies and services,Supplies and services,Capital Expenditure,STCAP Woodbank Park Cycle Path - Feasibility,"35,922.98",401600,C.00945.201,,,,
02/10/2018,ZZP650223,1,5915,Atkins Global,390000,"Works - Construction, Repair & Maintenance  ",Repairs and Maintenance,Capital Expenditure,Fvr B LED Investment Programme - Management Costs,"86,562.00",200123,C.01178,,,,
02/10/2018,ZZP650229,1,3529,Totally Local Company Ltd,230000,Highway Equipment & Materials    ,Highways Maintenance,Services to Place,Marple North Ward,"5,755.37",202050,12020,,,,
02/10/2018,ZZP650229,2,3529,Totally Local Company Ltd,230000,Highway Equipment & Materials    ,Highways Maintenance,Services to Place,Marple South Ward,"5,755.38",202050,12021,,,,
03/10/2018,ZZP650246,1,11715,CBRE,150000,Consultancy   ,Professional Fees,Corporate and Support Services,Head of Property& Procurement,"130,107.00",401020,12328,,,,
03/10/2018,ZZP650247,1,461,Drainage Consultants Ltd,240000,Horticultural  ,Grounds Maintenance,Corporate and Support Services,SPB - Investment Estate,"30,788.00",202029,10062,,,,
03/10/2018,ZZP650286,1,6967,Wilde Consultants Ltd,150000,Consultancy   ,Professional Fees,Capital Expenditure,STCAP 606C P2 NMU Path Annable Rd to Dark Lane - D,"19,153.75",401007,C.01173.202,,,,
04/10/2018,ZZP650311,1,11715,CBRE,150000,Consultancy   ,Professional Fees,Corporate and Support Services,Merseyway Shopping Centre,"38,160.00",401020,12866,,,,
05/10/2018,ZZP650371,1,3529,Totally Local Company Ltd,290000,Arts & Leisure Services  ,Publicity and Promotion,Services to Place,Borough Festive Lights,"75,717.28",401801,12654,,,,
05/10/2018,ZZP650430,1,6748,GEORGE COX & SONS LTD,390000,Supplies and services,Supplies and services,Services to Place,Highway Structures - Routine and Reactive Maintena,"10,552.78",401600,11975,,,,
08/10/2018,ZZP650493,1,5214,WSP GROUP PLC,150000,Consultancy   ,Professional Fees,Capital Expenditure,STCAP 703 Wellington Road South (Greek St to Excha,"17,922.00",401007,C.00994.201,,,,
09/10/2018,ZZP650537,1,3529,Totally Local Company Ltd,240000,Horticultural  ,Grounds Maintenance,Services to Place,Policy-Rights Of Way,"5,000.00",202030,10088,,,,
08/10/2018,ZZP650492,1,82,Marwood Electrical Company Ltd,390000,"Works - Construction, Repair & Maintenance  ",Capital Expenditure - Works,Capital Expenditure,Fvr B LED Investment Programme - Management Costs,"185,410.74",200304,C.01178,,,,
09/10/2018,ZZP650523,1,13191,Gleave23 Limited,150000,Consultancy   ,Professional Fees,Services to Place,Town Centre Development Team,"60,000.00",401007,10072,,,,
10/10/2018,ZZP650662,1,6967,Wilde Consultants Ltd,150000,Consultancy   ,Professional Fees,Services to Place,Design Framework Staff,"15,800.00",401020,11965,,,,
09/10/2018,ZZP650571,1,12418,Elasticsearch Ltd,270000,Information Communication Technology  ,Information and Communications Technology,Corporate and Support Services,DbD – Phase 2,"10,500.00",402001,12961,,,,
09/10/2018,ZZP650572,1,6803,Bibliotheca Ltd,320000,Social Community Care Supplies & Services  ,Third party payments - Private/Voluntary Sector,Corporate and Support Services,DbD – Phase 2,"9,565.75",500604,12961,,,,
10/10/2018,ZZP650618,1,10615,Mosaic Event Catering Limited,110000,Catering  ,Catering Supplies,Corporate and Support Services,Town Hall Events,"12,604.70",400420,11375,,,,
10/10/2018,ZZP650586,1,2310,Door Care & Security Ltd,390000,"Works - Construction, Repair & Maintenance  ",Repairs and Maintenance,Capital Expenditure,Capital Works on Leisure Centres - Grand Central,"8,929.50",200123,C.11507.003,,,,
15/10/2018,ZZP650845,1,3496,DV Manchester City Council.,202100,Financial Services Subscriptions ,Third party payments - Public Sector,Corporate and Support Services,Electoral Registration,"11,640.00",500305,11102,,,,
12/10/2018,ZZP650742,1,3529,Totally Local Company Ltd,240000,Horticultural  ,Grounds Maintenance,Services to Place,Policy-Rights Of Way,"5,761.25",202030,10088,,,,
12/10/2018,ZZP650742,2,3529,Totally Local Company Ltd,240000,Horticultural  ,Grounds Maintenance,Services to Place,Policy-Rights Of Way,523.75,202030,10088,,,,
12/10/2018,ZZP650778,1,82,Marwood Electrical Company Ltd,390000,"Works - Construction, Repair & Maintenance  ",Capital Expenditure - Works,Capital Expenditure,Fvr B LED Retrofit Main Programme - On Site,"180,656.07",200304,C.01198.203,,,,
29/10/2018,ZZP651497,1,10349,InterWorks Europe Limited,270000,Information Communication Technology  ,Information and Communications Technology,Corporate and Support Services,Business Intelligence,"32,702.00",402001,11872,,,,
18/10/2018,ZZP651052,1,82,Marwood Electrical Company Ltd,390000,"Works - Construction, Repair & Maintenance  ",Capital Expenditure - Works,Capital Expenditure,0262 CCAG2 - Cycle Parking - On Site,"180,656.07",200304,C.01189.203,,,,
16/10/2018,ZZP650905,1,3529,Totally Local Company Ltd,390000,"Works - Construction, Repair & Maintenance  ",Capital Expenditure - Works,Capital Expenditure,0255H CCAG2 - Bramhall Park - On Site,"78,485.81",200304,C.01222.203,,,,
02/11/2018,ZZP651800,1,3529,Totally Local Company Ltd,390000,"Works - Construction, Repair & Maintenance  ",Capital Expenditure - Works,Capital Expenditure,Main Contractor DD - On Site,"130,000.00",200304,C.00880.203,,,,
16/10/2018,ZZP650900,1,10349,InterWorks Europe Limited,270000,Information Communication Technology  ,Information and Communications Technology,Corporate and Support Services,Business Intelligence,"16,620.00",402001,11872,,,,
17/10/2018,ZZP650932,1,4272,Civica UK Ltd,270000,Information Communication Technology  ,Information and Communications Technology,Corporate and Support Services,Bentax,"8,580.00",402001,11139,,,,
17/10/2018,ZZP650956,1,3529,Totally Local Company Ltd,390000,"Works - Construction, Repair & Maintenance  ",Capital Expenditure - Works,Capital Expenditure,"Stockport Sports Village, Woodley - On Site","9,000.00",200304,C.00926.203,,,,
18/10/2018,ZZP651053,1,82,Marwood Electrical Company Ltd,390000,"Works - Construction, Repair & Maintenance  ",Capital Expenditure - Works,Capital Expenditure,Fvr B LED Retrofit Main Programme - On Site,"99,500.06",200304,C.01198.203,,,,
17/10/2018,ZZP651000,1,5687,BOTTOMLINE TECHNOLOGIES,270000,Information Communication Technology  ,Information and Communications Technology,Corporate and Support Services,IT Systems,"8,663.37",402001,12503,,,,
18/10/2018,ZZP651054,1,82,Marwood Electrical Company Ltd,390000,"Works - Construction, Repair & Maintenance  ",Capital Expenditure - Works,Capital Expenditure,Fvr B LED Retrofit Main Programme - On Site,"118,670.81",200304,C.01198.203,,,,
18/10/2018,ZZP651085,1,628,Life Leisure,390000,Supplies and services,Supplies and services,Capital Expenditure,SEMMMS Prep Costs - On Site,"7,908.50",401600,C.00718.203,,,,
18/10/2018,ZZP651060,1,7915,Seddon Construction Ltd,150000,Consultancy   ,Professional Fees,Capital Expenditure,Gorsey Bank,"10,413.00",401007,C.10905,,,,
23/10/2018,ZZP651206,1,6748,GEORGE COX & SONS LTD,390000,Supplies and services,Supplies and services,Capital Expenditure,1012F A6MARR CMM - Marple - Quiet Lanes - On Site,"11,891.06",401600,C.01131.203,,,,
19/10/2018,ZZP651105,1,1872,Marketing Manchester,261500,Human Resources Training & Conferences ,Expenses and Allowances,Services to Place,Town Centre Development Team,"9,600.00",402201,10072,,,,
23/10/2018,ZZP651254,1,303,H G Stephenson Ltd,181800,Environmental Services Technical Equipment ,Furniture and Equipment,Corporate and Support Services,Town Hall Events,"5,048.83",400110,11375,,,,
23/10/2018,ZZP651253,1,303,H G Stephenson Ltd,181800,Environmental Services Technical Equipment ,Furniture and Equipment,Corporate and Support Services,Town Hall Events,"6,616.60",400110,11375,,,,
22/10/2018,ZZP651151,1,7025,CBRE Limited,150000,Consultancy   ,Professional Fees,Corporate and Support Services,Head of Property& Procurement,"130,107.00",401020,12328,,,,
23/10/2018,ZZP651214,1,9862,Jacobs Consulting Engineers,390000,Supplies and services,Supplies and services,Capital Expenditure,SEMMMS Prep Costs - On Site,"16,569.87",401600,C.00718.203,,,,
23/10/2018,ZZP651240,1,7861,Stockport District CAB,320000,Social Community Care Supplies & Services  ,Third party payments - Private/Voluntary Sector,Corporate and Support Services,"Information, Advice & Guidance","12,891.69",402403,13006,,,,
24/10/2018,ZZP651339,1,3529,Totally Local Company Ltd,230000,Highway Equipment & Materials    ,Highways Maintenance,Services to Place,Cheadle Cemetery,140.00,202056,11283,,,,
24/10/2018,ZZP651339,2,3529,Totally Local Company Ltd,230000,Highway Equipment & Materials    ,Highways Maintenance,Services to Place,Mill Lane Cemetery,40.00,202056,11287,,,,
24/10/2018,ZZP651339,3,3529,Totally Local Company Ltd,230000,Highway Equipment & Materials    ,Highways Maintenance,Services to Place,Highfield Cemetery Bredbury,40.00,202056,11282,,,,
24/10/2018,ZZP651339,4,3529,Totally Local Company Ltd,230000,Highway Equipment & Materials    ,Highways Maintenance,Services to Place,Berevement Services,"5,760.00",202056,11285,,,,
25/10/2018,ZZP651406,1,3529,Totally Local Company Ltd,390000,"Works - Construction, Repair & Maintenance  ",Capital Expenditure - Works,Capital Expenditure,1013E A6MARR CMM Bramhall  - Woodford Roundabout -,"16,307.00",200304,C.01228.203,,,,
29/10/2018,ZZP651510,1,6967,Wilde Consultants Ltd,150000,Consultancy   ,Professional Fees,Services to Place,Design Framework Staff,"33,120.00",401020,11965,,,,
26/10/2018,ZZP651439,1,11715,CBRE,150000,Consultancy   ,Professional Fees,Corporate and Support Services,Merseyway Shopping Centre,"5,000.00",401020,12866,,,,
26/10/2018,ZZP651439,2,11715,CBRE,150000,Consultancy   ,Professional Fees,Corporate and Support Services,Merseyway Shopping Centre,300.00,401020,12866,,,,
26/10/2018,ZZP651439,3,11715,CBRE,150000,Consultancy   ,Professional Fees,Corporate and Support Services,Merseyway Shopping Centre,"8,500.00",401020,12866,,,,
26/10/2018,ZZP651439,4,11715,CBRE,150000,Consultancy   ,Professional Fees,Corporate and Support Services,Merseyway Shopping Centre,"6,100.00",401020,12866,,,,
26/10/2018,ZZP651439,5,11715,CBRE,150000,Consultancy   ,Professional Fees,Corporate and Support Services,Merseyway Shopping Centre,"5,500.00",401020,12866,,,,
26/10/2018,ZZP651439,6,11715,CBRE,150000,Consultancy   ,Professional Fees,Corporate and Support Services,Merseyway Shopping Centre,"7,800.00",401020,12866,,,,
30/10/2018,ZZP651526,1,3529,Totally Local Company Ltd,381600,Vehicle Management Hire/Leasing ,Leasing /Transport Hire,Services to Place,Car Parks Administration,"90,202.00",300300,10005,,,,
29/10/2018,ZZP651496,1,7025,CBRE Limited,150000,Consultancy   ,Professional Fees,Services to Place,Regeneration & Development,"13,500.00",401007,10098,,,,
29/10/2018,ZZP651491,1,4272,Civica UK Ltd,270000,Information Communication Technology  ,Information and Communications Technology,Corporate and Support Services,Bentax,"11,830.98",402001,11139,,,,
05/11/2018,ZZP651861,1,3529,Totally Local Company Ltd,390000,"Works - Construction, Repair & Maintenance  ",Capital Expenditure - Works,Capital Expenditure,5101B NPIF Cheadle Corridor Abney Hall Park-Shared,"52,852.00",200304,C.01205.203,,,,
05/11/2018,ZZP651863,1,3529,Totally Local Company Ltd,390000,"Works - Construction, Repair & Maintenance  ",Capital Expenditure - Works,Capital Expenditure,5101B NPIF Cheadle Corridor Abney Hall Park-Shared,"30,000.00",200304,C.01205.203,,,,
05/11/2018,ZZP651894,1,8607,Greater Manchester Chamber,290000,Arts & Leisure Services  ,Publicity and Promotion,Services to Place,Employment Initiatives,"7,000.00",401801,12775,,,,
02/11/2018,ZZP651793,1,3529,Totally Local Company Ltd,240000,Horticultural  ,Grounds Maintenance,Services to Place,Policy-Rights Of Way,"6,253.00",202033,10088,,,,
05/11/2018,ZZP651844,1,13154,Amey OW Ltd,150000,Consultancy   ,Professional Fees,Corporate and Support Services,SPB - Investment Estate,"8,750.00",401020,10062,,,,
02/11/2018,ZZP651799,1,11258,Hapus LTD,150000,Consultancy   ,Professional Fees,Corporate and Support Services,IT Main,"50,000.00",401007,11073,,,,
08/11/2018,ZZP652104,1,3529,Totally Local Company Ltd,390000,"Works - Construction, Repair & Maintenance  ",Capital Expenditure - Works,Capital Expenditure,0255H CCAG2 - Bramhall Park - On Site,"27,605.19",200304,C.01222.203,,,,
05/11/2018,ZZP651872,1,1642,Blachere Illumination UK Ltd,290000,Arts & Leisure Services  ,Publicity and Promotion,Services to Place,Borough Festive Lights,"71,332.57",401801,12654,,,,
05/11/2018,ZZP651890,1,10203,PINSENT MASONS LLP,150000,Consultancy   ,Professional Fees,Corporate and Support Services,SPB - Investment Estate,"5,250.00",401020,10062,,,,
06/11/2018,ZZP651988,1,9862,Jacobs Consulting Engineers,999999,Fees and Charges,Fees and Charges,Services to Place,ECS-Buildings Team,"18,992.00",401035,11961,,,,
08/11/2018,ZZP652102,1,7852,Cheshire East Council,390000,Supplies and services,Supplies and services,Capital Expenditure,SEMMMS Prep Costs - On Site,"12,809.52",401600,C.00718.203,,,,
06/11/2018,ZZP651987,1,6748,GEORGE COX & SONS LTD,390000,Supplies and services,Supplies and services,Capital Expenditure,72 Bunkers Hill Culvert No.4 - On Site,"12,562.81",401600,C.01211.203,,,,
07/11/2018,ZZP652049,1,4708,The Dodd Group,390000,"Works - Construction, Repair & Maintenance  ",Repairs and Maintenance,Capital Expenditure,Art Gallery - new heating supply,"6,860.15",200121,C.11502.075,,,,
15/11/2018,ZZP652515,1,12401,NSL Ltd,381600,Vehicle Management Hire/Leasing ,Leasing /Transport Hire,Services to Place,Car Parks Administration,"106,299.00",300304,10005,,,,
08/11/2018,ZZP652101,1,683,AECOM Limited,150000,Consultancy   ,Professional Fees,Capital Expenditure,1300 Greenspace Infrastructure - On Site,"24,594.00",401007,C.01221.203,,,,
08/11/2018,ZZP652103,1,13154,Amey OW Ltd,150000,Consultancy   ,Professional Fees,Corporate and Support Services,SPB - Investment Estate,"25,000.00",401020,10062,,,,
15/11/2018,ZZP652514,1,5014,BIOBAG LTD,182020,Environmental Services Waste Management,Waste Management Equipment,Services to Place,Food Waste Containers/House Waste Bags,"279,660.00",400401,10865,,,,
12/11/2018,ZZP652240,1,5908,M-COOL LTD,390000,"Works - Construction, Repair & Maintenance  ",Repairs and Maintenance,Capital Expenditure,Romiley Forum - Refurbishment,"9,300.00",200126,C.11502.068,,,,
09/11/2018,ZZP652223,1,7025,CBRE Limited,150000,Consultancy   ,Professional Fees,Services to Place,Town Centre Development Team,"14,700.00",401007,10072,,,,
09/11/2018,ZZP652224,1,10857,Foodsync CIC,390000,Supplies and services,Supplies and services,Services to Place,Business Start Up,"39,800.00",401600,10877,,,,
12/11/2018,ZZP652239,1,2479,JR Foy and Son Ltd,390000,"Works - Construction, Repair & Maintenance  ",Capital Expenditure - Works,Capital Expenditure,Adswood Comm. Centre - Toilet Refurb.,"8,523.70",200311,C.11502.091,,,,
13/11/2018,ZZP652328,1,3529,Totally Local Company Ltd,390000,Supplies and services,Supplies and services,Capital Expenditure,STCAP 606 Woodbank Park Cycle Path - Land,"90,006.74",401600,C.00945.204,,,,
13/11/2018,ZZP652348,1,7831,Transport for Gtr M/CR (HFAS),150000,Consultancy   ,Professional Fees,Capital Expenditure,0528 SEMMS Bus Rapid Transit - Feasibility,"10,000.00",401007,C.01236.201,,,,
13/11/2018,ZZP652347,1,3529,Totally Local Company Ltd,390000,"Works - Construction, Repair & Maintenance  ",Capital Expenditure - Works,Capital Expenditure,Main Contractor DD - On Site,"15,309.63",200304,C.00880.203,,,,
14/11/2018,ZZP652446,1,7802,Craemer UK Ltd,182020,Environmental Services Waste Management,Waste Management Equipment,Services to Place,Brown Wheelie Bins,"7,245.00",400401,10863,,,,
14/11/2018,ZZP652446,2,7802,Craemer UK Ltd,182020,Environmental Services Waste Management,Waste Management Equipment,Services to Place,Blue Wheelie Bins,"7,245.00",400401,10862,,,,
14/11/2018,ZZP652446,3,7802,Craemer UK Ltd,182020,Environmental Services Waste Management,Waste Management Equipment,Services to Place,Green Wheelie Bins,"6,930.00",400401,10861,,,,
14/11/2018,ZZP652446,4,7802,Craemer UK Ltd,182020,Environmental Services Waste Management,Waste Management Equipment,Services to Place,Wheelie Bins,"8,746.50",400401,10864,,,,
19/11/2018,ZZP652655,1,9955,Me Learning Ltd,270000,Information Communication Technology  ,Information and Communications Technology,Corporate and Support Services,T ASC Software Replacement,"46,000.00",402002,12958,,,,
14/11/2018,ZZP652471,1,3292,Reach Publishing Services Ltd,190000,Facilities & Management Services  ,Publicity and Promotion,Services to Place,Highways-Network Management,"15,000.00",401800,11968,,,,
14/11/2018,ZZP652472,1,3292,Reach Publishing Services Ltd,190000,Facilities & Management Services  ,Publicity and Promotion,Services to Place,Highways-Network Management,"15,000.00",401800,11968,,,,
13/11/2018,ZZP652389,1,3292,Reach Publishing Services Ltd,190000,Facilities & Management Services  ,Publicity and Promotion,Capital Expenditure,"STCAP 02 Phase 2 - Project Dev, Mangmt & Mon - Fea","10,000.00",401800,C.01013.201,,,,
15/11/2018,ZZP652520,1,4272,Civica UK Ltd,270000,Information Communication Technology  ,Information and Communications Technology,Corporate and Support Services,Bentax,"150,000.00",402010,11139,,,,
15/11/2018,ZZP652519,1,4272,Civica UK Ltd,270000,Information Communication Technology  ,Information and Communications Technology,Corporate and Support Services,Bentax,"11,088.19",402010,11139,,,,
14/11/2018,ZZP652470,1,3529,Totally Local Company Ltd,390000,Supplies and services,Supplies and services,Capital Expenditure,1013B A6MARR C&M  Bram. Lane Sth/Ack Lane/Woodford,"27,164.96",401600,C.01111.202,,,,
15/11/2018,ZZP652576,1,3529,Totally Local Company Ltd,390000,"Works - Construction, Repair & Maintenance  ",Capital Expenditure - Works,Services to Place,Reddish South Ward,"15,278.74",200304,12024,,,,
15/11/2018,ZZP652545,1,4272,Civica UK Ltd,390000,Supplies and services,Supplies and services,Corporate and Support Services,Bentax,"10,000.00",401600,11139,,,,
15/11/2018,ZZP652564,1,3292,Reach Publishing Services Ltd,190000,Facilities & Management Services  ,Publicity and Promotion,Services to Place,ECS-Buildings Team,"10,000.00",401800,11961,,,,
15/11/2018,ZZP652542,1,4272,Civica UK Ltd,270000,Information Communication Technology  ,Information and Communications Technology,Corporate and Support Services,Bentax,"10,010.00",402001,11139,,,,
16/11/2018,ZZP652614,1,7802,Craemer UK Ltd,290000,Arts & Leisure Services  ,Publicity and Promotion,Services to Place,Operational Support,"4,950.00",401801,10924,,,,
16/11/2018,ZZP652614,2,7802,Craemer UK Ltd,290000,Arts & Leisure Services  ,Publicity and Promotion,Services to Place,Operational Support,"9,900.00",401801,10924,,,,
19/11/2018,ZZP652706,1,683,AECOM Limited,150000,Consultancy   ,Professional Fees,Capital Expenditure,STCAP 801 Travis Brow/ A6 Link and George’s Rd - D,"8,300.00",401007,C.00996.202,,,,
22/11/2018,ZZP652922,1,9858,COWLING SWIFT & KITCHIN SOLICI,390000,Supplies and services,Supplies and services,Capital Expenditure,SEMMMS Land Acqsn above Construction - On Site,"46,466.10",401600,C.00845.203,,,,
20/11/2018,ZZP652769,1,2025,BT Plc (Openreach),230000,Highway Equipment & Materials    ,Highways Maintenance,Capital Expenditure,5101C NPIF Cheadle Corridor Manchester Road Juncti,"32,311.18",202055,C.01206.202,,,,
21/11/2018,ZZP652797,1,7030,MANCHESTER CITY COUNCIL SHARED,202100,Financial Services Subscriptions ,Third party payments - Public Sector,Corporate and Support Services,Electoral Registration,"11,640.00",500305,11102,,,,
22/11/2018,ZZP652815,1,7201,Neopost Ltd Lease Payments onl,300000,Mail Services   ,Office Expenses,Corporate and Support Services,Mailroom Service,"8,083.78",400711,11152,,,,
22/11/2018,ZZP652923,1,3529,Totally Local Company Ltd,390000,Supplies and services,Supplies and services,Capital Expenditure,1013B A6MARR C&M  Bram. Lane Sth/Ack Lane/Woodford,"7,923.98",401600,C.01111.203,,,,
22/11/2018,ZZP652924,1,3529,Totally Local Company Ltd,390000,Supplies and services,Supplies and services,Capital Expenditure,1013B A6MARR C&M  Bram. Lane Sth/Ack Lane/Woodford,"49,522.93",401600,C.01111.203,,,,
23/11/2018,ZZP652933,1,7572,Wigan Council...,202100,Financial Services Subscriptions ,Third party payments - Public Sector,Corporate and Support Services,POD Core Staffing,"21,725.00",500305,12590,,,,
26/11/2018,ZZP653048,1,865,Bethell Construction Ltd,390000,Supplies and services,Supplies and services,Capital Expenditure,ST048 GD3 Business Case - Merseyway Refurbishment,"38,829.40",401600,C.01179.201,,,,
23/11/2018,ZZP652974,1,3529,Totally Local Company Ltd,181800,Environmental Services Technical Equipment ,Furniture and Equipment,Capital Expenditure,Schemes In Parks,"21,870.78",400110,C.10775,,,,
26/11/2018,ZZP653047,1,6967,Wilde Consultants Ltd,150000,Consultancy   ,Professional Fees,Capital Expenditure,ST048 GD3 Business Case - Merseyway Refurbishment,"14,978.50",401007,C.01179.201,,,,
26/11/2018,ZZP653046,1,6967,Wilde Consultants Ltd,150000,Consultancy   ,Professional Fees,Capital Expenditure,ST048 GD3 Business Case - Merseyway Refurbishment,"10,824.00",401007,C.01179.201,,,,
26/11/2018,ZZP653015,1,11715,CBRE,240000,Horticultural  ,Grounds Maintenance,Corporate and Support Services,SPB - Investment Estate,"6,787.00",202029,10062,,,,
27/11/2018,ZZP653089,1,3529,Totally Local Company Ltd,230000,Highway Equipment & Materials    ,Highways Maintenance,Services to Place,Planned Patching Repairs,"8,717.73",202052,11988,,,,
28/11/2018,ZZP653140,1,865,Bethell Construction Ltd,390000,Supplies and services,Supplies and services,Capital Expenditure,097 Cheadle Lane Culvert,"610,459.79",401600,C.01082.203,,,,
29/11/2018,ZZP653282,1,6967,Wilde Consultants Ltd,150000,Consultancy   ,Professional Fees,Services to Place,Design Framework Staff,"25,440.00",401020,11965,,,,
29/11/2018,ZZP653258,1,13154,Amey OW Ltd,150000,Consultancy   ,Professional Fees,Corporate and Support Services,SPB - Investment Estate,"12,500.00",401020,10062,,,,
29/11/2018,ZZP653281,1,6967,Wilde Consultants Ltd,150000,Consultancy   ,Professional Fees,Services to Place,Design Framework Staff,"61,560.00",401020,11965,,,,
03/12/2018,ZZP653353,1,8106,Tarmac Building Products Ltd,390000,"Works - Construction, Repair & Maintenance  ",Capital Expenditure - Works,Capital Expenditure,STCAP 502 M60 Junction 1 Improvements - On Site,"217,764.10",200304,C.00988.203,,,,
30/11/2018,ZZP653321,1,7802,Craemer UK Ltd,290000,Arts & Leisure Services  ,Publicity and Promotion,Services to Place,Operational Support,"10,395.00",401801,10924,,,,
30/11/2018,ZZP653331,1,13289,Gillespies LLP,150000,Consultancy   ,Professional Fees,Services to Place,Town Centre Development Team,"12,200.00",401007,10072,,,,
06/12/2018,ZZP653600,1,10615,Mosaic Event Catering Limited,110000,Catering  ,Catering Supplies,Corporate and Support Services,Town Hall Events,"5,141.10",400420,11375,,,,
03/12/2018,ZZP653406,1,11715,CBRE,150000,Consultancy   ,Professional Fees,Corporate and Support Services,Merseyway Shopping Centre,"3,000.00",401020,12866,,,,
03/12/2018,ZZP653406,2,11715,CBRE,150000,Consultancy   ,Professional Fees,Corporate and Support Services,Merseyway Shopping Centre,"3,000.00",401020,12866,,,,
03/12/2018,ZZP653406,3,11715,CBRE,150000,Consultancy   ,Professional Fees,Corporate and Support Services,Merseyway Shopping Centre,"3,000.00",401020,12866,,,,
04/12/2018,ZZP653453,1,3529,Totally Local Company Ltd,390000,Supplies and services,Supplies and services,Capital Expenditure,5101D NPIF Cheadle Corridor - Scoot & CCTV Improve,"8,228.40",401600,C.01223.202,,,,
04/12/2018,ZZP653454,1,3529,Totally Local Company Ltd,390000,Supplies and services,Supplies and services,Capital Expenditure,5101D NPIF Cheadle Corridor - Scoot & CCTV Improve,"11,906.00",401600,C.01223.202,,,,
06/12/2018,ZZP653591,1,10615,Mosaic Event Catering Limited,110000,Catering  ,Catering Supplies,Corporate and Support Services,Town Hall Events,"8,702.79",400420,11375,,,,
05/12/2018,ZZP653506,1,3529,Totally Local Company Ltd,390000,"Works - Construction, Repair & Maintenance  ",Capital Expenditure - Works,Capital Expenditure,0262 CCAG2 - Cycle Parking - On Site,"6,120.72",200304,C.01189.203,,,,
06/12/2018,ZZP653534,1,3529,Totally Local Company Ltd,390000,"Works - Construction, Repair & Maintenance  ",Capital Expenditure - Works,Capital Expenditure,5101B NPIF Cheadle Corridor Abney Hall Park-Shared,"363,626.31",200304,C.01205.203,,,,
07/12/2018,ZZP653628,1,13154,Amey OW Ltd,150000,Consultancy   ,Professional Fees,Corporate and Support Services,SPB - Investment Estate,"10,625.00",401020,10062,,,,
11/12/2018,ZZP653836,1,6967,Wilde Consultants Ltd,150000,Consultancy   ,Professional Fees,Services to Place,Design Framework Staff,"6,072.00",401020,11965,,,,
11/12/2018,ZZP653826,1,7025,CBRE Limited,150000,Consultancy   ,Professional Fees,Capital Expenditure,Merseyway Redevelopment,"183,350.00",401007,C.10932,,,,
11/12/2018,ZZP653825,1,12776,Adrian Taylor Design Ltd,150000,Consultancy   ,Professional Fees,Capital Expenditure,M&U - Produce Hall/Blackshaws,"62,212.50",401007,C.10904.007,,,,
11/12/2018,ZZP653834,1,3529,Totally Local Company Ltd,390000,"Works - Construction, Repair & Maintenance  ",Capital Expenditure - Works,Capital Expenditure,097 Cheadle Lane Culvert,"20,375.00",200304,C.01082.203,,,,
14/12/2018,ZZP654060,1,8817,AECOM Infrastructure & Environ,150000,Consultancy   ,Professional Fees,Capital Expenditure,1300 Greenspace Infrastructure - On Site,"24,594.00",401007,C.01221.203,,,,
12/12/2018,ZZP653898,1,628,Life Leisure,999999,UNCLASSIFIED  ,Capital financing costs,Services to Place,U-Uncontrollable Sport Trust,"250,000.00",600202,12274,,,,
14/12/2018,ZZP654059,1,8202,The Fountain Company Ltd,390000,"Works - Construction, Repair & Maintenance  ",Repairs and Maintenance,Services to Place,HIGHWAYS-ARDEN FOOTBRIDGE,"8,500.00",200123,11979,,,,
20/12/2018,ZZP654342,1,10185,FutureGov Ltd,270000,Information Communication Technology  ,Information and Communications Technology,Corporate and Support Services,DbD – Phase 2,"300,000.00",402004,12961,,,,
14/12/2018,ZZP654025,1,8249,Creative Concern Ltd,150000,Consultancy   ,Professional Fees,Services to Place,Place Regen  Marketing Campaign,"4,430.00",401007,12801,,,,
14/12/2018,ZZP654025,2,8249,Creative Concern Ltd,150000,Consultancy   ,Professional Fees,Services to Place,Place Regen  Marketing Campaign,"2,045.00",401007,12801,,,,
14/12/2018,ZZP654025,3,8249,Creative Concern Ltd,150000,Consultancy   ,Professional Fees,Services to Place,Place Regen  Marketing Campaign,770.00,401007,12801,,,,
14/12/2018,ZZP654025,4,8249,Creative Concern Ltd,150000,Consultancy   ,Professional Fees,Services to Place,Place Regen  Marketing Campaign,"5,095.00",401007,12801,,,,
14/12/2018,ZZP654025,5,8249,Creative Concern Ltd,150000,Consultancy   ,Professional Fees,Services to Place,Place Regen  Marketing Campaign,"2,240.00",401007,12801,,,,
14/12/2018,ZZP654025,6,8249,Creative Concern Ltd,150000,Consultancy   ,Professional Fees,Services to Place,Place Regen  Marketing Campaign,"1,610.00",401007,12801,,,,
14/12/2018,ZZP654052,1,3529,Totally Local Company Ltd,390000,"Works - Construction, Repair & Maintenance  ",Capital Expenditure - Works,Capital Expenditure,Stopford House - car park controlled access,"8,043.45",200304,C.11502.073,,,,
17/12/2018,ZZP654084,1,13308,"The Sport, Leisure and Culture",150000,Consultancy   ,Professional Fees,Services to Place,Sports Trust,"23,700.00",401007,11294,,,,
18/12/2018,ZZP654145,1,10615,Mosaic Event Catering Limited,110000,Catering  ,Catering Supplies,Corporate and Support Services,Town Hall Events,"6,207.51",400420,11375,,,,
18/12/2018,ZZP654186,1,3529,Totally Local Company Ltd,390000,"Works - Construction, Repair & Maintenance  ",Capital Expenditure - Works,Capital Expenditure,STCAP 402 Knightsbridge and Great Portwood St - On,"15,423.27",200304,C.00987.203,,,,
18/12/2018,ZZP654139,1,4708,The Dodd Group,390000,"Works - Construction, Repair & Maintenance  ",Capital Expenditure - Works,Capital Expenditure,Corporate - Fire Protection Work 18/19,"7,618.21",200311,C.11502.082,,,,
19/12/2018,ZZP654263,1,12200,Cadent Gas Limited,230000,Highway Equipment & Materials    ,Highways Maintenance,Capital Expenditure,STCAP 801 Travis Brow/ A6 Link and George’s Rd - D,"116,406.09",202055,C.00996.202,,,,
18/12/2018,ZZP654178,1,5276,ESE Ltd,182020,Environmental Services Waste Management,Waste Management Equipment,Services to Place,Black Wheelie Bins,"4,570.30",400401,10864,,,,
18/12/2018,ZZP654178,2,5276,ESE Ltd,182020,Environmental Services Waste Management,Waste Management Equipment,Services to Place,Wheelie Bins,"3,264.50",400401,10864,,,,
18/12/2018,ZZP654182,1,2025,BT Plc (Openreach),230000,Highway Equipment & Materials    ,Highways Maintenance,Capital Expenditure,0255I CCAG2 - Carr Wood On Site,"8,654.54",202055,C.01234.203,,,,
19/12/2018,ZZP654192,1,8583,CrowdControlHQ,290000,Arts & Leisure Services  ,Publicity and Promotion,Corporate and Support Services,POD Communications,"11,628.00",401801,11323,,,,
19/12/2018,ZZP654230,1,3669,Urban Vision Partnership Lt,280000,Legal Services  ,Legal Fees,Services to Place,Seashell Trust appeal,"21,450.00",401016,13009,,,,
20/12/2018,ZZP654336,1,7670,Wilds Of Oldham,110000,Catering  ,Expenses and Allowances,Corporate and Support Services,Town Hall Events,"5,000.00",402202,11375,,,,
27/12/2018,ZZP654417,1,10315,Grant Thornton UK LLP,201100,Financial Services Audit ,Professional Fees,Corporate and Support Services,U-Misc Finance-Corporate Management,"12,680.00",401003,10971,,,,
20/12/2018,ZZP654313,1,5915,Atkins Global,150000,Consultancy   ,Professional Fees,Capital Expenditure,HIP Carriageways – Design,"12,000.00",401007,C.00614.202,,,,
21/12/2018,ZZP654381,1,4708,The Dodd Group,390000,"Works - Construction, Repair & Maintenance  ",Capital Expenditure - Works,Capital Expenditure,Libraries - Refurbishment 18/19,"8,896.84",200311,C.11502.086,,,,
21/12/2018,ZZP654402,1,757,Transport for Greater Manchest,390000,"Works - Construction, Repair & Maintenance  ",Capital Expenditure - Works,Capital Expenditure,Bridgefield Development - General Costs,"7,150.00",200301,C.10897,,,,
27/12/2018,ZZP654412,1,6748,GEORGE COX & SONS LTD,390000,Supplies and services,Supplies and services,Capital Expenditure,5078 Astley St/Swaine St - TFGM Mersey Bridge - On,"589,077.75",401600,C.01121.203,,,,
27/12/2018,ZZP654415,1,8817,AECOM Infrastructure & Environ,150000,Consultancy   ,Professional Fees,Capital Expenditure,STCAP 801 Travis Brow/ A6 Link and George’s Rd - D,"8,300.00",401007,C.00996.202,,,,
28/12/2018,ZZP654430,1,6748,GEORGE COX & SONS LTD,390000,Supplies and services,Supplies and services,Capital Expenditure,Trash Screens/Watercourses - On Site,"7,988.67",401600,C.00762.203,,,,
28/12/2018,ZZP654435,1,10959,Canvas Spaces Limited,240000,Horticultural  ,Grounds Maintenance,Capital Expenditure,Schemes In Parks,"52,750.00",202032,C.10775,,,,
12/12/2018,ZZP653899,1,4293,24 Design,290000,Arts & Leisure Services  ,Publicity and Promotion,Services to Place,Arts Development,"7,930.00",401801,11384,,,,
28/12/2018,ZSH654428,1,4107,arc4 Limited,150000,Consultancy   ,Professional Fees,Services to Place,Housing Strategy,"20,000.00",401007,10955,,,,
11/10/2018,ZFC650682,1,10780,Permicoat Ltd,390000,"Works - Construction, Repair & Maintenance  ",Capital Expenditure - Works,Capital Expenditure,Neville Rd Infants Mobile Roof Recoating,"23,592.00",200311,C.10342.234,,,,
16/10/2018,ZFC650922,1,13207,H Bell & Sons Ltd,390000,"Works - Construction, Repair & Maintenance  ",Capital Expenditure - Works,Services to Place,Stockport Business Incubator Company,"82,480.00",200311,12648,,,,
24/10/2018,ZFC651312,1,588,H Jenkinson & Co Ltd,210000,Furniture & Soft Furnishings  ,Furniture and Equipment,Capital Expenditure,Stopford House - Server Room Data Centre Relocatio,"74,596.36",400100,C.11502.027,,,,
26/10/2018,ZFC651422,1,4756,Eurolink Modular Buildings Ltd,390000,"Works - Construction, Repair & Maintenance  ",Capital Expenditure - Works,Capital Expenditure,Gen-Prim.Essential H&S Works,"5,000.00",200311,C.10523.193,,,,
09/11/2018,ZFC652185,1,2479,JR Foy and Son Ltd,390000,"Works - Construction, Repair & Maintenance  ",Capital Expenditure - Works,Capital Expenditure,Stockport Sec. - Roof 18/19,"5,200.00",200311,C.10408.109,,,,
14/11/2018,ZFC652423,1,1167,ACC Security Solutions,390000,"Works - Construction, Repair & Maintenance  ",Capital Expenditure - Works,Capital Expenditure,Park Buildings/Changing rooms - H&S Issues,"5,500.00",200311,C.11502.035,,,,
27/11/2018,ZFC653098,1,2388,Young & Company,390000,"Works - Construction, Repair & Maintenance  ",Repairs and Maintenance,Capital Expenditure,Corporate - Roof Edge Protection,"24,700.00",200123,C.11502.081,,,,
04/10/2018,ZES650322,1,12746,Camworth Limited,270000,Information Communication Technology  ,Information and Communications Technology,Corporate and Support Services,IT Infrastructure,"11,768.16",402002,11324,,,,
04/10/2018,ZES650322,2,12746,Camworth Limited,270000,Information Communication Technology  ,Information and Communications Technology,Corporate and Support Services,IT Infrastructure,"1,885.80",402002,11324,,,,
04/10/2018,ZES650322,3,12746,Camworth Limited,270000,Information Communication Technology  ,Information and Communications Technology,Corporate and Support Services,IT Infrastructure,69.87,402002,11324,,,,
04/10/2018,ZES650322,4,12746,Camworth Limited,270000,Information Communication Technology  ,Information and Communications Technology,Corporate and Support Services,IT Infrastructure,12.00,402002,11324,,,,
05/10/2018,ZES650415,1,35,CBC Computer Systems Ltd,270000,Information Communication Technology  ,Information and Communications Technology,Services to People,LAC - Care Matters,"5,950.00",402001,11768,,,,
05/10/2018,ZES650415,2,35,CBC Computer Systems Ltd,270000,Information Communication Technology  ,Information and Communications Technology,Services to People,LAC - Care Matters,290.00,402001,11768,,,,
16/11/2018,ZES652592,1,2927,XMA Ltd,270000,Information Communication Technology  ,Information and Communications Technology,Services to People,RAA Adoption Count,"7,136.80",402001,12957,,,,
16/11/2018,ZES652592,2,2927,XMA Ltd,270000,Information Communication Technology  ,Information and Communications Technology,Services to People,RAA Adoption Count,35.00,402001,12957,,,,
16/11/2018,ZES652592,3,2927,XMA Ltd,270000,Information Communication Technology  ,Information and Communications Technology,Services to People,RAA Adoption Count,35.00,402001,12957,,,,
11/12/2018,ZES653776,1,35,CBC Computer Systems Ltd,270000,Information Communication Technology  ,Information and Communications Technology,Services to People,LAC - Care Matters,"5,950.00",402001,11768,,,,
11/12/2018,ZES653778,1,35,CBC Computer Systems Ltd,270000,Information Communication Technology  ,Information and Communications Technology,Services to People,VST - Pupil Premium Grant,"1,175.00",402001,12777,,,,
11/12/2018,ZES653778,2,35,CBC Computer Systems Ltd,270000,Information Communication Technology  ,Information and Communications Technology,Services to People,VST - Pupil Premium Grant,99.75,402001,12777,,,,
11/12/2018,ZES653778,3,35,CBC Computer Systems Ltd,270000,Information Communication Technology  ,Information and Communications Technology,Services to People,VST - Pupil Premium Grant,345.00,402001,12777,,,,
11/12/2018,ZES653778,4,35,CBC Computer Systems Ltd,270000,Information Communication Technology  ,Information and Communications Technology,Services to People,VST - Pupil Premium Grant,375.00,402001,12777,,,,
11/12/2018,ZES653778,5,35,CBC Computer Systems Ltd,270000,Information Communication Technology  ,Information and Communications Technology,Services to People,VST - Pupil Premium Grant,"5,950.00",402001,12777,,,,
13/12/2018,ZES653975,1,2927,XMA Ltd,270000,Information Communication Technology  ,Information and Communications Technology,Services to People,RAA Adoption Count,"7,136.80",402001,12957,,,,
13/12/2018,ZES653975,2,2927,XMA Ltd,270000,Information Communication Technology  ,Information and Communications Technology,Services to People,RAA Adoption Count,35.00,402001,12957,,,,
13/12/2018,ZES653975,3,2927,XMA Ltd,270000,Information Communication Technology  ,Information and Communications Technology,Services to People,RAA Adoption Count,35.00,402001,12957,,,,
20/12/2018,ZES654292,1,2927,XMA Ltd,270000,Information Communication Technology  ,Information and Communications Technology,Services to People,SI Child Minder Support,"4,792.16",402001,10120,,,,
20/12/2018,ZES654292,2,2927,XMA Ltd,270000,Information Communication Technology  ,Information and Communications Technology,Services to People,SI Child Minder Support,28.00,402001,10120,,,,
20/12/2018,ZES654292,3,2927,XMA Ltd,270000,Information Communication Technology  ,Information and Communications Technology,Services to People,SI Child Minder Support,28.00,402001,10120,,,,
20/12/2018,ZES654292,4,2927,XMA Ltd,270000,Information Communication Technology  ,Information and Communications Technology,Services to People,SI Child Minder Support,232.98,402001,10120,,,,
20/12/2018,ZES654292,5,2927,XMA Ltd,270000,Information Communication Technology  ,Information and Communications Technology,Services to People,SI Child Minder Support,31.92,402001,10120,,,,
20/12/2018,ZES654292,6,2927,XMA Ltd,270000,Information Communication Technology  ,Information and Communications Technology,Services to People,SI Child Minder Support,101.76,402001,10120,,,,
20/12/2018,ZES654300,1,845,Dotted Eyes Ltd,270000,Information Communication Technology  ,Information and Communications Technology,Corporate and Support Services,Spatial Intelligence,"7,414.66",402010,11973,,,,
